,Intercept,SNEBC,resource,Rem. demand,Rem. Debris,Satisfied demand,Exp period before,Exp period after,BC_debris,BC_regular,BC_regular_sp,IG_1
"(0, 0)",1,15.0,0.5,6.0,0.5,0.0,0.818730753078,0.818730753078,9.66666666667,5.5,3.75,0.0
"(0, 1)",1,10.0,1.5,6.0,1.5,0.0,0.818730753078,0.670320046036,4.33333333333,8.0,33.75,3.0
"(0, 5)",1,10.0,3.0,6.0,3.0,0.0,0.818730753078,0.548811636094,2.66666666667,8.0,33.75,3.0
"(0, 6)",1,22.5,1.0,6.0,1.0,0.0,0.818730753078,0.818730753078,9.66666666667,5.5,15.0,3.0
"(1, 1)",1,5.0,1.5,6.0,2.0,0.0,0.818730753078,0.670320046036,3.66666666667,5.5,30.0,3.0
"(1, 2)",1,5.0,4.0,6.0,4.5,0.0,0.818730753078,0.367879441171,3.66666666667,5.5,30.0,3.0
"(1, 3)",1,57.5,0.5,6.0,1.0,0.0,0.818730753078,0.818730753078,9.33333333333,5.5,30.0,3.0
"(1, 5)",1,5.0,3.0,6.0,3.5,0.0,0.818730753078,0.449328964117,2.33333333333,5.5,30.0,3.0
"(1, 6)",1,57.5,1.0,6.0,1.5,0.0,0.818730753078,0.670320046036,8.0,5.5,30.0,3.0
"(2, 1)",1,0.0,1.5,3.0,6.0,3.0,0.818730753078,0.301194211912,4.0,4.0,0.0,0.0
"(2, 3)",1,27.0,0.5,3.0,5.0,3.0,0.367879441171,0.367879441171,6.33333333333,4.0,21.0,3.0
"(2, 4)",1,27.0,1.0,3.0,5.5,3.0,0.818730753078,0.301194211912,6.33333333333,4.0,21.0,3.0
"(2, 5)",1,0.0,3.0,3.0,7.5,3.0,0.818730753078,0.201896517995,3.0,4.0,0.0,0.0
"(2, 6)",1,27.0,1.0,3.0,5.5,3.0,0.367879441171,0.301194211912,5.33333333333,4.0,21.0,3.0
"(4, 1)",1,0.0,1.5,3.0,9.0,3.0,0.818730753078,0.165298888222,4.0,2.0,0.0,0.0
"(4, 3)",1,42.0,0.5,3.0,8.0,3.0,0.201896517995,0.201896517995,4.0,2.0,21.0,3.0
"(4, 4)",1,42.0,1.0,3.0,8.5,3.0,0.818730753078,0.165298888222,4.0,2.0,21.0,3.0
"(4, 6)",1,42.0,1.0,3.0,8.5,3.0,0.201896517995,0.165298888222,4.0,2.0,21.0,3.0
"(6, 0)",1,3.0,0.5,3.0,2.0,3.0,0.670320046036,0.670320046036,8.0,5.5,0.0,0.0
"(6, 2)",1,3.0,4.0,3.0,5.5,3.0,0.818730753078,0.301194211912,8.0,5.5,0.0,0.0
"(6, 4)",1,18.0,1.0,3.0,2.5,3.0,0.818730753078,0.548811636094,8.33333333333,7.0,21.0,3.0
"(6, 5)",1,0.0,3.0,3.0,4.5,3.0,0.818730753078,0.367879441171,3.5,5.5,0.0,0.0
"(6, 6)",1,18.0,1.0,3.0,2.5,3.0,0.818730753078,0.548811636094,6.83333333333,5.5,21.0,3.0
"(7, 2)",1,0.0,4.0,3.0,6.0,3.0,0.818730753078,0.301194211912,4.0,4.0,0.0,0.0
"(7, 3)",1,27.0,0.5,3.0,2.5,3.0,0.670320046036,0.548811636094,6.33333333333,4.0,21.0,3.0
"(7, 4)",1,27.0,1.0,3.0,3.0,3.0,0.818730753078,0.548811636094,6.33333333333,4.0,21.0,3.0
"(7, 5)",1,0.0,3.0,3.0,5.0,3.0,0.818730753078,0.367879441171,3.0,4.0,0.0,0.0
"(7, 6)",1,27.0,1.0,3.0,3.0,3.0,0.818730753078,0.548811636094,5.33333333333,4.0,21.0,3.0
"(8, 2)",1,10.0,4.0,1.0,6.5,5.0,0.818730753078,0.246596963942,2.0,2.0,10.0,0.0
"(8, 4)",1,10.0,1.0,1.0,3.5,5.0,0.818730753078,0.449328964117,2.0,2.0,10.0,0.0
"(8, 5)",1,5.0,3.0,1.0,5.5,5.0,0.548811636094,0.301194211912,2.0,2.0,5.0,0.0
"(8, 6)",1,5.0,1.0,1.0,3.5,5.0,0.818730753078,0.449328964117,2.0,2.0,5.0,0.0
"(10, 1)",1,0.0,1.5,3.0,5.0,3.0,0.818730753078,0.367879441171,3.66666666667,4.0,0.0,0.0
"(10, 2)",1,0.0,4.0,3.0,7.5,3.0,0.818730753078,0.201896517995,3.66666666667,4.0,0.0,0.0
"(10, 3)",1,36.0,0.5,3.0,4.0,3.0,0.449328964117,0.449328964117,6.0,4.0,21.0,3.0
"(10, 4)",1,36.0,1.0,3.0,4.5,3.0,0.449328964117,0.367879441171,5.0,4.0,21.0,3.0
"(10, 6)",1,36.0,1.0,3.0,4.5,3.0,0.449328964117,0.367879441171,5.0,4.0,21.0,3.0
"(12, 1)",1,13.5,1.5,3.0,2.5,3.0,0.818730753078,0.548811636094,4.0,4.0,21.0,3.0
"(12, 2)",1,13.5,4.0,3.0,5.0,3.0,0.818730753078,0.367879441171,4.0,4.0,21.0,3.0
"(12, 4)",1,13.5,1.0,3.0,2.0,3.0,0.818730753078,0.670320046036,4.0,4.0,21.0,3.0
"(12, 5)",1,6.0,3.0,3.0,4.0,3.0,0.818730753078,0.449328964117,2.0,4.0,21.0,3.0
"(12, 6)",1,7.5,1.0,3.0,2.0,3.0,0.818730753078,0.670320046036,4.0,4.0,0.0,0.0
"(13, 1)",1,21.0,1.5,3.0,3.5,3.0,0.670320046036,0.449328964117,2.0,2.0,21.0,3.0
"(13, 2)",1,21.0,4.0,3.0,6.0,3.0,0.670320046036,0.301194211912,2.0,2.0,21.0,3.0
"(13, 4)",1,21.0,1.0,3.0,3.0,3.0,0.818730753078,0.548811636094,2.0,2.0,21.0,3.0
"(13, 5)",1,21.0,3.0,3.0,5.0,3.0,0.670320046036,0.367879441171,2.0,2.0,21.0,3.0
"(15, 3)",1,42.0,0.5,3.0,9.5,3.0,0.165298888222,0.135335283237,4.0,2.0,21.0,3.0
"(15, 4)",1,42.0,1.0,3.0,10.0,3.0,0.165298888222,0.135335283237,4.0,2.0,21.0,3.0
"(15, 6)",1,42.0,1.0,3.0,10.0,3.0,0.165298888222,0.135335283237,4.0,2.0,21.0,3.0
"(23, 2)",1,0.0,4.0,3.0,9.0,3.0,0.367879441171,0.165298888222,4.0,2.0,0.0,0.0
"(23, 3)",1,42.0,0.5,3.0,5.5,3.0,0.818730753078,0.301194211912,4.0,2.0,21.0,3.0
"(23, 4)",1,42.0,1.0,3.0,6.0,3.0,0.818730753078,0.301194211912,4.0,2.0,21.0,3.0
"(23, 6)",1,42.0,1.0,3.0,6.0,3.0,0.818730753078,0.301194211912,4.0,2.0,21.0,3.0
"(31, 3)",1,27.0,0.5,3.0,6.5,3.0,0.818730753078,0.246596963942,6.33333333333,4.0,21.0,3.0
"(31, 4)",1,27.0,1.0,3.0,7.0,3.0,0.301194211912,0.246596963942,6.33333333333,4.0,21.0,3.0
"(31, 5)",1,0.0,3.0,3.0,9.0,3.0,0.818730753078,0.165298888222,3.0,4.0,0.0,0.0
"(31, 6)",1,27.0,1.0,3.0,7.0,3.0,0.301194211912,0.246596963942,5.33333333333,4.0,21.0,3.0
"(32, 0)",1,10.0,0.5,1.0,7.5,5.0,0.246596963942,0.201896517995,2.0,2.0,10.0,0.0
"(32, 3)",1,10.0,0.5,1.0,7.5,5.0,0.246596963942,0.201896517995,2.0,2.0,10.0,0.0
"(32, 5)",1,5.0,3.0,1.0,10.0,5.0,0.818730753078,0.135335283237,2.0,2.0,5.0,0.0
"(32, 6)",1,5.0,1.0,1.0,8.0,5.0,0.246596963942,0.201896517995,2.0,2.0,5.0,0.0
"(33, 0)",1,10.0,0.5,1.0,7.0,5.0,0.246596963942,0.246596963942,2.0,2.0,10.0,0.0
"(33, 3)",1,10.0,0.5,1.0,7.0,5.0,0.246596963942,0.246596963942,2.0,2.0,10.0,0.0
"(33, 5)",1,5.0,3.0,1.0,10.5,5.0,0.201896517995,0.110803158362,2.0,2.0,5.0,0.0
"(33, 6)",1,5.0,1.0,1.0,8.5,5.0,0.818730753078,0.165298888222,2.0,2.0,5.0,0.0
"(36, 0)",1,10.5,0.5,3.0,5.0,3.0,0.818730753078,0.367879441171,7.5,4.0,0.0,0.0
"(36, 2)",1,10.5,4.0,3.0,8.5,3.0,0.367879441171,0.165298888222,7.5,4.0,0.0,0.0
"(36, 4)",1,10.5,1.0,3.0,5.5,3.0,0.818730753078,0.301194211912,5.0,4.0,21.0,3.0
"(36, 6)",1,10.5,1.0,3.0,5.5,3.0,0.367879441171,0.301194211912,5.0,4.0,21.0,3.0
"(37, 0)",1,0.0,0.5,3.0,9.0,3.0,0.818730753078,0.165298888222,4.0,2.0,0.0,0.0
"(37, 3)",1,42.0,0.5,3.0,9.0,3.0,0.165298888222,0.165298888222,4.0,2.0,21.0,3.0
"(37, 4)",1,42.0,1.0,3.0,9.5,3.0,0.818730753078,0.135335283237,4.0,2.0,21.0,3.0
"(37, 6)",1,42.0,1.0,3.0,9.5,3.0,0.165298888222,0.135335283237,4.0,2.0,21.0,3.0
"(40, 0)",1,10.0,0.5,2.0,3.0,5.0,0.818730753078,0.548811636094,6.33333333333,4.0,10.0,0.0
"(40, 2)",1,10.0,4.0,2.0,6.5,5.0,0.818730753078,0.246596963942,6.33333333333,4.0,10.0,0.0
"(40, 3)",1,10.0,0.5,2.0,3.0,5.0,0.818730753078,0.548811636094,6.33333333333,4.0,10.0,0.0
"(40, 5)",1,10.0,3.0,2.0,6.5,5.0,0.449328964117,0.246596963942,5.33333333333,4.0,10.0,0.0
"(40, 6)",1,10.0,1.0,2.0,3.5,5.0,0.548811636094,0.449328964117,5.33333333333,4.0,10.0,0.0
"(44, 0)",1,0.0,0.5,1.0,5.0,5.0,0.818730753078,0.367879441171,4.0,2.0,0.0,0.0
"(44, 1)",1,10.0,1.5,1.0,6.0,5.0,0.818730753078,0.301194211912,4.0,2.0,5.0,0.0
"(44, 2)",1,10.0,4.0,1.0,8.5,5.0,0.367879441171,0.165298888222,4.0,2.0,5.0,0.0
"(44, 3)",1,10.0,0.5,1.0,5.0,5.0,0.818730753078,0.367879441171,4.0,2.0,5.0,0.0
"(44, 6)",1,20.0,1.0,1.0,5.5,5.0,0.818730753078,0.301194211912,4.0,2.0,10.0,0.0
"(50, 1)",1,10.0,1.5,1.0,3.5,5.0,0.818730753078,0.449328964117,2.0,2.0,10.0,0.0
"(50, 2)",1,10.0,4.0,1.0,6.0,5.0,0.818730753078,0.301194211912,2.0,2.0,10.0,0.0
"(50, 5)",1,5.0,3.0,1.0,5.0,5.0,0.818730753078,0.367879441171,2.0,2.0,5.0,0.0
"(50, 6)",1,5.0,1.0,1.0,3.0,5.0,0.670320046036,0.548811636094,2.0,2.0,5.0,0.0
"(52, 0)",1,20.0,0.5,2.0,7.0,5.0,0.818730753078,0.246596963942,2.0,2.0,20.0,0.0
"(52, 3)",1,20.0,0.5,2.0,7.0,5.0,0.246596963942,0.246596963942,2.0,2.0,20.0,0.0
"(52, 5)",1,10.0,3.0,2.0,9.5,5.0,0.246596963942,0.135335283237,2.0,2.0,10.0,0.0
"(52, 6)",1,10.0,1.0,2.0,8.5,5.0,0.201896517995,0.165298888222,2.0,2.0,10.0,0.0
"(57, 0)",1,0.0,0.5,3.0,1.5,3.0,0.818730753078,0.670320046036,8.66666666667,5.5,0.0,0.0
"(57, 1)",1,16.0,1.5,3.0,2.5,3.0,0.818730753078,0.548811636094,4.33333333333,5.5,21.0,3.0
"(57, 3)",1,0.0,0.5,3.0,1.5,3.0,0.818730753078,0.670320046036,10.3333333333,5.5,0.0,0.0
"(57, 4)",1,16.0,1.0,3.0,2.0,3.0,0.818730753078,0.670320046036,6.0,5.5,21.0,3.0
"(57, 5)",1,16.0,3.0,3.0,4.0,3.0,0.818730753078,0.449328964117,6.0,5.5,21.0,3.0
"(58, 0)",1,5.0,0.5,1.0,4.5,5.0,0.818730753078,0.367879441171,8.0,4.0,0.0,0.0
"(58, 1)",1,0.0,1.5,1.0,5.5,5.0,0.818730753078,0.301194211912,4.0,4.0,5.0,0.0
"(58, 2)",1,5.0,4.0,1.0,8.0,5.0,0.818730753078,0.201896517995,8.0,4.0,5.0,0.0
"(58, 3)",1,5.0,0.5,1.0,4.5,5.0,0.818730753078,0.367879441171,8.0,4.0,5.0,0.0
"(58, 4)",1,0.0,1.0,1.0,5.0,5.0,0.449328964117,0.367879441171,4.0,4.0,10.0,0.0
"(59, 0)",1,5.0,0.5,1.0,5.5,5.0,0.367879441171,0.301194211912,8.0,4.0,0.0,0.0
"(59, 1)",1,0.0,1.5,1.0,6.5,5.0,0.367879441171,0.246596963942,4.0,4.0,5.0,0.0
"(59, 2)",1,5.0,4.0,1.0,9.0,5.0,0.818730753078,0.165298888222,8.0,4.0,5.0,0.0
"(59, 3)",1,5.0,0.5,1.0,5.5,5.0,0.367879441171,0.301194211912,8.0,4.0,5.0,0.0
"(61, 0)",1,0.0,0.5,3.0,2.0,1.0,0.670320046036,0.670320046036,4.66666666667,4.0,0.0,0.0
"(61, 1)",1,17.0,1.5,3.0,3.0,1.0,0.670320046036,0.548811636094,3.66666666667,4.0,27.0,3.0
"(61, 2)",1,17.0,4.0,3.0,5.5,1.0,0.818730753078,0.301194211912,3.66666666667,4.0,27.0,3.0
"(61, 3)",1,5.0,0.5,3.0,2.0,1.0,0.818730753078,0.670320046036,6.0,4.0,0.0,0.0
"(61, 4)",1,22.0,1.0,3.0,2.5,1.0,0.818730753078,0.548811636094,5.0,4.0,27.0,3.0
"(61, 5)",1,22.0,3.0,3.0,4.5,1.0,0.670320046036,0.367879441171,5.0,4.0,27.0,3.0
"(63, 1)",1,30.0,1.5,3.0,7.0,5.0,0.301194211912,0.246596963942,2.0,2.0,30.0,0.0
"(63, 3)",1,30.0,0.5,3.0,6.0,5.0,0.818730753078,0.301194211912,2.0,2.0,30.0,0.0
"(63, 5)",1,15.0,3.0,3.0,8.5,5.0,0.818730753078,0.165298888222,2.0,2.0,15.0,0.0
"(63, 6)",1,15.0,1.0,3.0,6.5,5.0,0.818730753078,0.246596963942,2.0,2.0,15.0,0.0
"(64, 0)",1,30.0,0.5,3.0,7.5,5.0,0.246596963942,0.201896517995,2.0,2.0,30.0,0.0
"(64, 3)",1,30.0,0.5,3.0,7.5,5.0,0.246596963942,0.201896517995,2.0,2.0,30.0,0.0
"(64, 5)",1,15.0,3.0,3.0,10.0,5.0,0.818730753078,0.135335283237,2.0,2.0,15.0,0.0
"(64, 6)",1,15.0,1.0,3.0,8.0,5.0,0.246596963942,0.201896517995,2.0,2.0,15.0,0.0
"(66, 0)",1,20.0,0.5,2.0,7.5,5.0,0.818730753078,0.201896517995,2.0,2.0,20.0,0.0
"(66, 3)",1,20.0,0.5,2.0,7.5,5.0,0.246596963942,0.201896517995,2.0,2.0,20.0,0.0
"(66, 5)",1,10.0,3.0,2.0,10.0,5.0,0.246596963942,0.135335283237,2.0,2.0,10.0,0.0
"(66, 6)",1,10.0,1.0,2.0,8.0,5.0,0.818730753078,0.201896517995,2.0,2.0,10.0,0.0
"(71, 0)",1,10.0,0.5,1.0,3.0,5.0,0.818730753078,0.548811636094,2.0,2.0,10.0,0.0
"(71, 2)",1,10.0,4.0,1.0,7.5,5.0,0.818730753078,0.201896517995,2.0,2.0,10.0,0.0
"(71, 3)",1,10.0,0.5,1.0,3.0,5.0,0.818730753078,0.548811636094,2.0,2.0,10.0,0.0
"(71, 5)",1,5.0,3.0,1.0,6.5,5.0,0.449328964117,0.246596963942,2.0,2.0,5.0,0.0
"(71, 6)",1,5.0,1.0,1.0,3.5,5.0,0.818730753078,0.449328964117,2.0,2.0,5.0,0.0
"(73, 4)",1,10.0,1.0,1.0,7.5,5.0,0.246596963942,0.201896517995,2.0,2.0,10.0,0.0
"(73, 5)",1,5.0,3.0,1.0,9.5,5.0,0.818730753078,0.135335283237,2.0,2.0,5.0,0.0
"(73, 6)",1,5.0,1.0,1.0,7.5,5.0,0.246596963942,0.201896517995,2.0,2.0,5.0,0.0
"(75, 0)",1,30.0,0.5,3.0,7.0,5.0,0.818730753078,0.246596963942,2.0,2.0,30.0,0.0
"(75, 3)",1,30.0,0.5,3.0,7.0,5.0,0.246596963942,0.246596963942,2.0,2.0,30.0,0.0
"(75, 5)",1,15.0,3.0,3.0,10.5,5.0,0.201896517995,0.110803158362,2.0,2.0,15.0,0.0
"(75, 6)",1,15.0,1.0,3.0,8.5,5.0,0.201896517995,0.165298888222,2.0,2.0,15.0,0.0
"(78, 0)",1,20.0,0.5,2.0,3.5,5.0,0.818730753078,0.449328964117,2.0,2.0,20.0,0.0
"(78, 2)",1,20.0,4.0,2.0,7.0,5.0,0.818730753078,0.246596963942,2.0,2.0,20.0,0.0
"(78, 3)",1,20.0,0.5,2.0,3.5,5.0,0.548811636094,0.449328964117,2.0,2.0,20.0,0.0
"(78, 5)",1,10.0,3.0,2.0,6.0,5.0,0.818730753078,0.301194211912,2.0,2.0,10.0,0.0
"(78, 6)",1,10.0,1.0,2.0,4.0,5.0,0.548811636094,0.449328964117,2.0,2.0,10.0,0.0
"(81, 0)",1,10.0,0.5,1.0,9.5,5.0,0.818730753078,0.135335283237,4.0,2.0,5.0,0.0
"(81, 1)",1,10.0,1.5,1.0,10.5,5.0,0.818730753078,0.110803158362,4.0,2.0,5.0,0.0
"(81, 3)",1,20.0,0.5,1.0,9.5,5.0,0.165298888222,0.135335283237,4.0,2.0,10.0,0.0
"(82, 0)",1,10.0,0.5,1.0,10.0,5.0,0.135335283237,0.135335283237,4.0,2.0,5.0,0.0
"(82, 1)",1,10.0,1.5,1.0,11.0,5.0,0.135335283237,0.110803158362,4.0,2.0,5.0,0.0
"(87, 0)",1,0.0,0.5,3.0,2.0,3.0,0.818730753078,0.670320046036,4.66666666667,4.0,0.0,0.0
"(87, 1)",1,11.0,1.5,3.0,3.0,3.0,0.818730753078,0.548811636094,3.66666666667,4.0,21.0,3.0
"(87, 2)",1,11.0,4.0,3.0,5.5,3.0,0.670320046036,0.301194211912,3.66666666667,4.0,21.0,3.0
"(87, 3)",1,5.0,0.5,3.0,2.0,3.0,0.818730753078,0.670320046036,6.0,4.0,0.0,0.0
"(87, 4)",1,16.0,1.0,3.0,2.5,3.0,0.670320046036,0.548811636094,5.0,4.0,21.0,3.0
"(87, 5)",1,16.0,3.0,3.0,4.5,3.0,0.670320046036,0.367879441171,5.0,4.0,21.0,3.0
"(88, 0)",1,0.0,0.5,1.0,5.0,5.0,0.818730753078,0.367879441171,4.0,2.0,0.0,0.0
"(88, 1)",1,10.0,1.5,1.0,6.0,5.0,0.367879441171,0.301194211912,4.0,2.0,5.0,0.0
"(88, 2)",1,10.0,4.0,1.0,8.5,5.0,0.818730753078,0.165298888222,4.0,2.0,5.0,0.0
"(88, 3)",1,10.0,0.5,1.0,5.0,5.0,0.818730753078,0.367879441171,4.0,2.0,5.0,0.0
"(88, 4)",1,20.0,1.0,1.0,5.5,5.0,0.367879441171,0.301194211912,4.0,2.0,10.0,0.0
"(89, 0)",1,0.0,0.5,1.0,6.0,5.0,0.301194211912,0.301194211912,4.0,2.0,0.0,0.0
"(89, 1)",1,10.0,1.5,1.0,7.0,5.0,0.818730753078,0.246596963942,4.0,2.0,5.0,0.0
"(89, 2)",1,10.0,4.0,1.0,9.5,5.0,0.301194211912,0.135335283237,4.0,2.0,5.0,0.0
"(89, 3)",1,10.0,0.5,1.0,6.0,5.0,0.301194211912,0.301194211912,4.0,2.0,5.0,0.0
"(93, 1)",1,20.0,1.5,2.0,6.5,5.0,0.818730753078,0.246596963942,2.0,2.0,20.0,0.0
"(93, 4)",1,20.0,1.0,2.0,6.0,5.0,0.818730753078,0.301194211912,2.0,2.0,20.0,0.0
"(93, 5)",1,10.0,3.0,2.0,8.0,5.0,0.818730753078,0.201896517995,2.0,2.0,10.0,0.0
"(93, 6)",1,10.0,1.0,2.0,6.0,5.0,0.367879441171,0.301194211912,2.0,2.0,10.0,0.0
"(96, 0)",1,5.0,0.5,1.0,2.5,5.0,0.670320046036,0.548811636094,8.0,4.0,0.0,0.0
"(96, 1)",1,0.0,1.5,1.0,3.5,5.0,0.818730753078,0.449328964117,4.0,4.0,5.0,0.0
"(96, 2)",1,5.0,4.0,1.0,6.0,5.0,0.818730753078,0.301194211912,8.0,4.0,5.0,0.0
"(96, 3)",1,5.0,0.5,1.0,2.5,5.0,0.818730753078,0.548811636094,8.0,4.0,5.0,0.0
"(96, 5)",1,0.0,3.0,1.0,5.0,5.0,0.818730753078,0.367879441171,4.0,4.0,10.0,0.0
"(97, 0)",1,0.0,0.5,1.0,3.0,5.0,0.548811636094,0.548811636094,4.0,2.0,0.0,0.0
"(97, 1)",1,10.0,1.5,1.0,4.0,5.0,0.548811636094,0.449328964117,4.0,2.0,5.0,0.0
"(97, 2)",1,10.0,4.0,1.0,6.5,5.0,0.548811636094,0.246596963942,4.0,2.0,5.0,0.0
"(97, 3)",1,10.0,0.5,1.0,3.0,5.0,0.818730753078,0.548811636094,4.0,2.0,5.0,0.0
"(97, 5)",1,20.0,3.0,1.0,5.5,5.0,0.548811636094,0.301194211912,4.0,2.0,10.0,0.0
"(99, 0)",1,10.0,0.5,1.0,6.5,5.0,0.301194211912,0.246596963942,4.0,2.0,5.0,0.0
"(99, 1)",1,10.0,1.5,1.0,7.5,5.0,0.818730753078,0.201896517995,4.0,2.0,5.0,0.0
"(99, 3)",1,20.0,0.5,1.0,6.5,5.0,0.301194211912,0.246596963942,4.0,2.0,10.0,0.0
"(99, 5)",1,20.0,3.0,1.0,9.0,5.0,0.818730753078,0.165298888222,4.0,2.0,10.0,0.0
"(100, 0)",1,10.0,0.5,1.0,7.0,5.0,0.818730753078,0.246596963942,4.0,2.0,5.0,0.0
"(100, 1)",1,10.0,1.5,1.0,8.0,5.0,0.818730753078,0.201896517995,4.0,2.0,5.0,0.0
"(100, 5)",1,20.0,3.0,1.0,9.5,5.0,0.246596963942,0.135335283237,4.0,2.0,10.0,0.0
"(101, 1)",1,27.0,1.5,3.0,3.5,1.0,0.818730753078,0.449328964117,2.0,2.0,27.0,3.0
"(101, 2)",1,27.0,4.0,3.0,6.0,1.0,0.818730753078,0.301194211912,2.0,2.0,27.0,3.0
"(101, 4)",1,27.0,1.0,3.0,3.0,1.0,0.818730753078,0.548811636094,2.0,2.0,27.0,3.0
"(101, 5)",1,27.0,3.0,3.0,5.0,1.0,0.670320046036,0.367879441171,2.0,2.0,27.0,3.0
"(110, 0)",1,0.0,0.5,3.0,1.5,1.0,0.818730753078,0.670320046036,8.66666666667,5.5,0.0,0.0
"(110, 1)",1,22.0,1.5,3.0,2.5,1.0,0.818730753078,0.548811636094,4.33333333333,5.5,27.0,3.0
"(110, 3)",1,0.0,0.5,3.0,1.5,1.0,0.818730753078,0.670320046036,10.3333333333,5.5,0.0,0.0
"(110, 4)",1,22.0,1.0,3.0,2.0,1.0,0.818730753078,0.670320046036,6.0,5.5,27.0,3.0
"(110, 5)",1,22.0,3.0,3.0,4.0,1.0,0.818730753078,0.449328964117,6.0,5.5,27.0,3.0
"(112, 4)",1,20.0,1.0,2.0,7.5,5.0,0.818730753078,0.201896517995,2.0,2.0,20.0,0.0
"(112, 5)",1,10.0,3.0,2.0,9.5,5.0,0.246596963942,0.135335283237,2.0,2.0,10.0,0.0
"(112, 6)",1,10.0,1.0,2.0,7.5,5.0,0.818730753078,0.201896517995,2.0,2.0,10.0,0.0
"(116, 1)",1,10.0,1.5,1.0,7.5,5.0,0.301194211912,0.201896517995,2.0,2.0,10.0,0.0
"(116, 5)",1,5.0,3.0,1.0,9.0,5.0,0.818730753078,0.165298888222,2.0,2.0,5.0,0.0
"(116, 6)",1,5.0,1.0,1.0,7.0,5.0,0.818730753078,0.246596963942,2.0,2.0,5.0,0.0
"(117, 5)",1,5.0,3.0,1.0,10.5,5.0,0.201896517995,0.110803158362,2.0,2.0,5.0,0.0
"(117, 6)",1,5.0,1.0,1.0,8.5,5.0,0.201896517995,0.165298888222,2.0,2.0,5.0,0.0
"(118, 1)",1,30.0,1.5,3.0,7.5,5.0,0.301194211912,0.201896517995,2.0,2.0,30.0,0.0
"(118, 5)",1,15.0,3.0,3.0,9.0,5.0,0.818730753078,0.165298888222,2.0,2.0,15.0,0.0
"(118, 6)",1,15.0,1.0,3.0,7.0,5.0,0.818730753078,0.246596963942,2.0,2.0,15.0,0.0
"(128, 0)",1,30.0,0.5,3.0,3.5,5.0,0.818730753078,0.449328964117,2.0,2.0,30.0,0.0
"(128, 2)",1,30.0,4.0,3.0,7.0,5.0,0.818730753078,0.246596963942,2.0,2.0,30.0,0.0
"(128, 3)",1,30.0,0.5,3.0,3.5,5.0,0.548811636094,0.449328964117,2.0,2.0,30.0,0.0
"(128, 5)",1,15.0,3.0,3.0,6.0,5.0,0.548811636094,0.301194211912,2.0,2.0,15.0,0.0
"(128, 6)",1,15.0,1.0,3.0,4.0,5.0,0.818730753078,0.449328964117,2.0,2.0,15.0,0.0
"(144, 0)",1,30.0,0.5,3.0,5.0,5.0,0.818730753078,0.367879441171,4.0,2.0,15.0,0.0
"(144, 1)",1,30.0,1.5,3.0,6.0,5.0,0.818730753078,0.301194211912,4.0,2.0,15.0,0.0
"(144, 2)",1,60.0,4.0,3.0,8.5,5.0,0.818730753078,0.165298888222,4.0,2.0,30.0,0.0
"(144, 3)",1,60.0,0.5,3.0,5.0,5.0,0.818730753078,0.367879441171,4.0,2.0,30.0,0.0
"(144, 4)",1,60.0,1.0,3.0,5.5,5.0,0.367879441171,0.301194211912,4.0,2.0,30.0,0.0
"(145, 0)",1,30.0,0.5,3.0,6.0,5.0,0.818730753078,0.301194211912,4.0,2.0,15.0,0.0
"(145, 1)",1,30.0,1.5,3.0,7.0,5.0,0.301194211912,0.246596963942,4.0,2.0,15.0,0.0
"(145, 2)",1,60.0,4.0,3.0,9.5,5.0,0.301194211912,0.135335283237,4.0,2.0,30.0,0.0
"(145, 3)",1,60.0,0.5,3.0,6.0,5.0,0.301194211912,0.301194211912,4.0,2.0,30.0,0.0
"(147, 0)",1,0.0,0.5,3.0,2.0,5.0,0.818730753078,0.670320046036,8.0,5.5,0.0,0.0
"(147, 2)",1,0.0,4.0,3.0,5.5,5.0,0.818730753078,0.301194211912,8.0,5.5,0.0,0.0
"(147, 4)",1,15.0,1.0,3.0,2.5,5.0,0.818730753078,0.548811636094,8.33333333333,7.0,15.0,3.0
"(147, 5)",1,0.0,3.0,3.0,4.5,5.0,0.670320046036,0.367879441171,3.5,5.5,0.0,0.0
"(147, 6)",1,15.0,1.0,3.0,2.5,5.0,0.818730753078,0.548811636094,6.83333333333,5.5,15.0,3.0
"(148, 0)",1,7.5,0.5,3.0,5.0,5.0,0.367879441171,0.367879441171,7.5,4.0,0.0,0.0
"(148, 2)",1,7.5,4.0,3.0,8.5,5.0,0.818730753078,0.165298888222,7.5,4.0,0.0,0.0
"(148, 4)",1,7.5,1.0,3.0,5.5,5.0,0.818730753078,0.301194211912,5.0,4.0,15.0,3.0
"(148, 6)",1,7.5,1.0,3.0,5.5,5.0,0.367879441171,0.301194211912,5.0,4.0,15.0,3.0
"(152, 1)",1,20.0,1.5,2.0,7.0,5.0,0.301194211912,0.246596963942,2.0,2.0,20.0,0.0
"(152, 3)",1,20.0,0.5,2.0,6.0,5.0,0.818730753078,0.301194211912,2.0,2.0,20.0,0.0
"(152, 5)",1,10.0,3.0,2.0,8.5,5.0,0.818730753078,0.165298888222,2.0,2.0,10.0,0.0
"(152, 6)",1,10.0,1.0,2.0,6.5,5.0,0.818730753078,0.246596963942,2.0,2.0,10.0,0.0
"(154, 1)",1,10.0,1.5,1.0,6.5,5.0,0.367879441171,0.246596963942,2.0,2.0,10.0,0.0
"(154, 4)",1,10.0,1.0,1.0,6.0,5.0,0.818730753078,0.301194211912,2.0,2.0,10.0,0.0
"(154, 5)",1,5.0,3.0,1.0,8.0,5.0,0.818730753078,0.201896517995,2.0,2.0,5.0,0.0
"(154, 6)",1,5.0,1.0,1.0,6.0,5.0,0.818730753078,0.301194211912,2.0,2.0,5.0,0.0
"(155, 1)",1,16.5,1.5,3.0,2.5,2.0,0.818730753078,0.548811636094,4.0,4.0,24.0,3.0
"(155, 2)",1,16.5,4.0,3.0,5.0,2.0,0.818730753078,0.367879441171,4.0,4.0,24.0,3.0
"(155, 4)",1,16.5,1.0,3.0,2.0,2.0,0.818730753078,0.670320046036,4.0,4.0,24.0,3.0
"(155, 5)",1,9.0,3.0,3.0,4.0,2.0,0.818730753078,0.449328964117,2.0,4.0,24.0,3.0
"(155, 6)",1,7.5,1.0,3.0,2.0,2.0,0.818730753078,0.670320046036,4.0,4.0,0.0,0.0
"(156, 1)",1,24.0,1.5,3.0,3.5,2.0,0.670320046036,0.449328964117,2.0,2.0,24.0,3.0
"(156, 2)",1,24.0,4.0,3.0,6.0,2.0,0.670320046036,0.301194211912,2.0,2.0,24.0,3.0
"(156, 4)",1,24.0,1.0,3.0,3.0,2.0,0.670320046036,0.548811636094,2.0,2.0,24.0,3.0
"(156, 5)",1,24.0,3.0,3.0,5.0,2.0,0.818730753078,0.367879441171,2.0,2.0,24.0,3.0
"(158, 0)",1,0.0,0.5,2.0,5.0,5.0,0.367879441171,0.367879441171,4.0,2.0,0.0,0.0
"(158, 1)",1,20.0,1.5,2.0,6.0,5.0,0.818730753078,0.301194211912,4.0,2.0,10.0,0.0
"(158, 2)",1,20.0,4.0,2.0,8.5,5.0,0.818730753078,0.165298888222,4.0,2.0,10.0,0.0
"(158, 3)",1,20.0,0.5,2.0,5.0,5.0,0.367879441171,0.367879441171,4.0,2.0,10.0,0.0
"(158, 6)",1,40.0,1.0,2.0,5.5,5.0,0.818730753078,0.301194211912,4.0,2.0,20.0,0.0
"(162, 1)",1,0.0,1.5,3.0,6.0,5.0,0.818730753078,0.301194211912,4.0,4.0,0.0,0.0
"(162, 3)",1,15.0,0.5,3.0,5.0,5.0,0.818730753078,0.367879441171,6.33333333333,4.0,15.0,3.0
"(162, 4)",1,15.0,1.0,3.0,5.5,5.0,0.818730753078,0.301194211912,6.33333333333,4.0,15.0,3.0
"(162, 5)",1,0.0,3.0,3.0,7.5,5.0,0.367879441171,0.201896517995,3.0,4.0,0.0,0.0
"(162, 6)",1,15.0,1.0,3.0,5.5,5.0,0.818730753078,0.301194211912,5.33333333333,4.0,15.0,3.0
"(163, 1)",1,0.0,1.5,3.0,9.0,5.0,0.818730753078,0.165298888222,4.0,2.0,0.0,0.0
"(163, 3)",1,30.0,0.5,3.0,8.0,5.0,0.818730753078,0.201896517995,4.0,2.0,15.0,3.0
"(163, 4)",1,30.0,1.0,3.0,8.5,5.0,0.818730753078,0.165298888222,4.0,2.0,15.0,3.0
"(163, 6)",1,30.0,1.0,3.0,8.5,5.0,0.201896517995,0.165298888222,4.0,2.0,15.0,3.0
"(165, 2)",1,0.0,4.0,3.0,9.0,5.0,0.367879441171,0.165298888222,4.0,2.0,0.0,0.0
"(165, 3)",1,30.0,0.5,3.0,5.5,5.0,0.818730753078,0.301194211912,4.0,2.0,15.0,3.0
"(165, 4)",1,30.0,1.0,3.0,6.0,5.0,0.818730753078,0.301194211912,4.0,2.0,15.0,3.0
"(165, 6)",1,30.0,1.0,3.0,6.0,5.0,0.367879441171,0.301194211912,4.0,2.0,15.0,3.0
"(171, 1)",1,20.0,1.5,2.0,7.5,5.0,0.301194211912,0.201896517995,2.0,2.0,20.0,0.0
"(171, 5)",1,10.0,3.0,2.0,9.0,5.0,0.818730753078,0.165298888222,2.0,2.0,10.0,0.0
"(171, 6)",1,10.0,1.0,2.0,7.0,5.0,0.301194211912,0.246596963942,2.0,2.0,10.0,0.0
"(175, 2)",1,20.0,4.0,2.0,6.5,5.0,0.818730753078,0.246596963942,2.0,2.0,20.0,0.0
"(175, 4)",1,20.0,1.0,2.0,3.5,5.0,0.818730753078,0.449328964117,2.0,2.0,20.0,0.0
"(175, 5)",1,10.0,3.0,2.0,5.5,5.0,0.548811636094,0.301194211912,2.0,2.0,10.0,0.0
"(175, 6)",1,10.0,1.0,2.0,3.5,5.0,0.818730753078,0.449328964117,2.0,2.0,10.0,0.0
"(179, 0)",1,15.0,0.5,3.0,3.5,3.0,0.818730753078,0.449328964117,8.66666666667,5.5,3.75,0.0
"(179, 1)",1,0.0,1.5,3.0,4.5,3.0,0.548811636094,0.367879441171,4.33333333333,5.5,3.75,0.0
"(179, 2)",1,15.0,4.0,3.0,7.0,3.0,0.818730753078,0.246596963942,7.66666666667,7.0,7.5,0.0
"(179, 4)",1,6.0,1.0,3.0,4.0,3.0,0.818730753078,0.449328964117,6.0,5.5,9.75,3.0
"(179, 6)",1,6.0,1.0,3.0,4.0,3.0,0.818730753078,0.449328964117,6.0,5.5,9.75,3.0
"(192, 1)",1,10.0,1.5,1.0,7.5,5.0,0.301194211912,0.201896517995,2.0,2.0,10.0,0.0
"(192, 5)",1,5.0,3.0,1.0,9.0,5.0,0.818730753078,0.165298888222,2.0,2.0,5.0,0.0
"(192, 6)",1,5.0,1.0,1.0,7.0,5.0,0.301194211912,0.246596963942,2.0,2.0,5.0,0.0
"(193, 0)",1,0.0,0.5,1.0,6.0,5.0,0.301194211912,0.301194211912,4.0,2.0,0.0,0.0
"(193, 1)",1,10.0,1.5,1.0,7.0,5.0,0.818730753078,0.246596963942,4.0,2.0,5.0,0.0
"(193, 2)",1,10.0,4.0,1.0,9.5,5.0,0.301194211912,0.135335283237,4.0,2.0,5.0,0.0
"(193, 3)",1,10.0,0.5,1.0,6.0,5.0,0.301194211912,0.301194211912,4.0,2.0,5.0,0.0
"(200, 0)",1,10.0,0.5,1.0,8.5,5.0,0.201896517995,0.165298888222,4.0,2.0,5.0,0.0
"(200, 1)",1,10.0,1.5,1.0,9.5,5.0,0.818730753078,0.135335283237,4.0,2.0,5.0,0.0
"(200, 3)",1,20.0,0.5,1.0,8.5,5.0,0.201896517995,0.165298888222,4.0,2.0,10.0,0.0
"(200, 4)",1,20.0,1.0,1.0,9.0,5.0,0.818730753078,0.165298888222,4.0,2.0,10.0,0.0
"(201, 0)",1,10.0,0.5,1.0,9.0,5.0,0.818730753078,0.165298888222,4.0,2.0,5.0,0.0
"(201, 1)",1,10.0,1.5,1.0,10.0,5.0,0.165298888222,0.135335283237,4.0,2.0,5.0,0.0
"(201, 4)",1,20.0,1.0,1.0,9.5,5.0,0.165298888222,0.135335283237,4.0,2.0,10.0,0.0
"(202, 0)",1,0.0,0.5,2.0,3.0,5.0,0.548811636094,0.548811636094,4.0,2.0,0.0,0.0
"(202, 1)",1,20.0,1.5,2.0,4.0,5.0,0.548811636094,0.449328964117,4.0,2.0,10.0,0.0
"(202, 2)",1,20.0,4.0,2.0,6.5,5.0,0.818730753078,0.246596963942,4.0,2.0,10.0,0.0
"(202, 3)",1,20.0,0.5,2.0,3.0,5.0,0.548811636094,0.548811636094,4.0,2.0,10.0,0.0
"(202, 5)",1,40.0,3.0,2.0,5.5,5.0,0.548811636094,0.301194211912,4.0,2.0,20.0,0.0
"(215, 0)",1,30.0,0.5,3.0,9.0,5.0,0.818730753078,0.165298888222,4.0,2.0,15.0,0.0
"(215, 1)",1,30.0,1.5,3.0,10.0,5.0,0.818730753078,0.135335283237,4.0,2.0,15.0,0.0
"(215, 4)",1,60.0,1.0,3.0,9.5,5.0,0.165298888222,0.135335283237,4.0,2.0,30.0,0.0
"(216, 0)",1,30.0,0.5,3.0,10.0,5.0,0.135335283237,0.135335283237,4.0,2.0,15.0,0.0
"(216, 1)",1,30.0,1.5,3.0,11.0,5.0,0.135335283237,0.110803158362,4.0,2.0,15.0,0.0
"(218, 0)",1,10.0,0.5,1.0,6.0,5.0,0.818730753078,0.301194211912,4.0,2.0,5.0,0.0
"(218, 1)",1,10.0,1.5,1.0,7.0,5.0,0.818730753078,0.246596963942,4.0,2.0,5.0,0.0
"(218, 4)",1,20.0,1.0,1.0,6.5,5.0,0.301194211912,0.246596963942,4.0,2.0,10.0,0.0
"(218, 5)",1,20.0,3.0,1.0,8.5,5.0,0.818730753078,0.165298888222,4.0,2.0,10.0,0.0
"(219, 0)",1,10.0,0.5,2.0,2.5,5.0,0.670320046036,0.548811636094,8.0,4.0,0.0,0.0
"(219, 1)",1,0.0,1.5,2.0,3.5,5.0,0.818730753078,0.449328964117,4.0,4.0,10.0,0.0
"(219, 2)",1,10.0,4.0,2.0,6.0,5.0,0.818730753078,0.301194211912,8.0,4.0,10.0,0.0
"(219, 3)",1,10.0,0.5,2.0,2.5,5.0,0.818730753078,0.548811636094,8.0,4.0,10.0,0.0
"(219, 5)",1,0.0,3.0,2.0,5.0,5.0,0.818730753078,0.367879441171,4.0,4.0,20.0,0.0
"(228, 0)",1,0.0,0.5,2.0,6.0,5.0,0.301194211912,0.301194211912,4.0,2.0,0.0,0.0
"(228, 1)",1,20.0,1.5,2.0,7.0,5.0,0.301194211912,0.246596963942,4.0,2.0,10.0,0.0
"(228, 2)",1,20.0,4.0,2.0,9.5,5.0,0.301194211912,0.135335283237,4.0,2.0,10.0,0.0
"(228, 3)",1,20.0,0.5,2.0,6.0,5.0,0.818730753078,0.301194211912,4.0,2.0,10.0,0.0
"(237, 0)",1,0.0,0.5,3.0,6.0,5.0,0.818730753078,0.301194211912,4.0,4.0,0.0,0.0
"(237, 3)",1,15.0,0.5,3.0,6.0,5.0,0.301194211912,0.301194211912,6.33333333333,4.0,15.0,3.0
"(237, 4)",1,15.0,1.0,3.0,6.5,5.0,0.301194211912,0.246596963942,6.33333333333,4.0,15.0,3.0
"(237, 5)",1,0.0,3.0,3.0,8.5,5.0,0.301194211912,0.165298888222,3.0,4.0,0.0,0.0
"(237, 6)",1,15.0,1.0,3.0,6.5,5.0,0.818730753078,0.246596963942,5.33333333333,4.0,15.0,3.0
"(238, 0)",1,20.0,0.5,2.0,6.5,5.0,0.301194211912,0.246596963942,2.0,2.0,20.0,0.0
"(238, 4)",1,20.0,1.0,2.0,7.0,5.0,0.818730753078,0.246596963942,2.0,2.0,20.0,0.0
"(238, 5)",1,10.0,3.0,2.0,9.0,5.0,0.818730753078,0.165298888222,2.0,2.0,10.0,0.0
"(238, 6)",1,10.0,1.0,2.0,7.0,5.0,0.818730753078,0.246596963942,2.0,2.0,10.0,0.0
"(239, 0)",1,0.0,0.5,3.0,9.0,5.0,0.818730753078,0.165298888222,4.0,2.0,0.0,0.0
"(239, 3)",1,30.0,0.5,3.0,9.0,5.0,0.165298888222,0.165298888222,4.0,2.0,15.0,3.0
"(239, 4)",1,30.0,1.0,3.0,9.5,5.0,0.818730753078,0.135335283237,4.0,2.0,15.0,3.0
"(239, 6)",1,30.0,1.0,3.0,9.5,5.0,0.165298888222,0.135335283237,4.0,2.0,15.0,3.0
"(242, 0)",1,0.0,0.5,3.0,6.5,5.0,0.818730753078,0.246596963942,4.0,4.0,0.0,0.0
"(242, 3)",1,15.0,0.5,3.0,6.5,5.0,0.301194211912,0.246596963942,6.33333333333,4.0,15.0,3.0
"(242, 4)",1,15.0,1.0,3.0,7.0,5.0,0.301194211912,0.246596963942,6.33333333333,4.0,15.0,3.0
"(242, 5)",1,0.0,3.0,3.0,9.0,5.0,0.301194211912,0.165298888222,3.0,4.0,0.0,0.0
"(242, 6)",1,15.0,1.0,3.0,7.0,5.0,0.301194211912,0.246596963942,5.33333333333,4.0,15.0,3.0
"(245, 1)",1,0.0,1.5,3.0,6.0,4.0,0.818730753078,0.301194211912,4.0,4.0,0.0,0.0
"(245, 3)",1,21.0,0.5,3.0,5.0,4.0,0.818730753078,0.367879441171,6.33333333333,4.0,18.0,3.0
"(245, 4)",1,21.0,1.0,3.0,5.5,4.0,0.818730753078,0.301194211912,6.33333333333,4.0,18.0,3.0
"(245, 5)",1,0.0,3.0,3.0,7.5,4.0,0.818730753078,0.201896517995,3.0,4.0,0.0,0.0
"(245, 6)",1,21.0,1.0,3.0,5.5,4.0,0.367879441171,0.301194211912,5.33333333333,4.0,18.0,3.0
"(247, 0)",1,0.0,0.5,2.0,6.0,5.0,0.301194211912,0.301194211912,4.0,2.0,0.0,0.0
"(247, 1)",1,20.0,1.5,2.0,7.0,5.0,0.301194211912,0.246596963942,4.0,2.0,10.0,0.0
"(247, 2)",1,20.0,4.0,2.0,9.5,5.0,0.818730753078,0.135335283237,4.0,2.0,10.0,0.0
"(247, 3)",1,20.0,0.5,2.0,6.0,5.0,0.818730753078,0.301194211912,4.0,2.0,10.0,0.0
"(256, 0)",1,10.0,0.5,2.0,5.5,5.0,0.818730753078,0.301194211912,8.0,4.0,0.0,0.0
"(256, 1)",1,0.0,1.5,2.0,6.5,5.0,0.367879441171,0.246596963942,4.0,4.0,10.0,0.0
"(256, 2)",1,10.0,4.0,2.0,9.0,5.0,0.818730753078,0.165298888222,8.0,4.0,10.0,0.0
"(256, 3)",1,10.0,0.5,2.0,5.5,5.0,0.818730753078,0.301194211912,8.0,4.0,10.0,0.0
"(258, 1)",1,0.0,1.5,3.0,9.0,4.0,0.818730753078,0.165298888222,4.0,2.0,0.0,0.0
"(258, 3)",1,36.0,0.5,3.0,8.0,4.0,0.201896517995,0.201896517995,4.0,2.0,18.0,3.0
"(258, 4)",1,36.0,1.0,3.0,8.5,4.0,0.818730753078,0.165298888222,4.0,2.0,18.0,3.0
"(258, 6)",1,36.0,1.0,3.0,8.5,4.0,0.818730753078,0.165298888222,4.0,2.0,18.0,3.0
"(261, 0)",1,15.0,0.5,3.0,4.5,5.0,0.449328964117,0.367879441171,8.0,4.0,0.0,0.0
"(261, 1)",1,0.0,1.5,3.0,5.5,5.0,0.818730753078,0.301194211912,4.0,4.0,15.0,0.0
"(261, 2)",1,15.0,4.0,3.0,8.0,5.0,0.818730753078,0.201896517995,8.0,4.0,15.0,0.0
"(261, 3)",1,15.0,0.5,3.0,4.5,5.0,0.818730753078,0.367879441171,8.0,4.0,15.0,0.0
"(261, 4)",1,0.0,1.0,3.0,5.0,5.0,0.818730753078,0.367879441171,4.0,4.0,30.0,0.0
"(262, 0)",1,0.0,0.5,3.0,5.0,5.0,0.367879441171,0.367879441171,4.0,2.0,0.0,0.0
"(262, 1)",1,30.0,1.5,3.0,6.0,5.0,0.818730753078,0.301194211912,4.0,2.0,15.0,0.0
"(262, 2)",1,30.0,4.0,3.0,8.5,5.0,0.367879441171,0.165298888222,4.0,2.0,15.0,0.0
"(262, 3)",1,30.0,0.5,3.0,5.0,5.0,0.367879441171,0.367879441171,4.0,2.0,15.0,0.0
"(262, 4)",1,60.0,1.0,3.0,5.5,5.0,0.818730753078,0.301194211912,4.0,2.0,30.0,0.0
"(268, 3)",1,30.0,0.5,3.0,9.5,5.0,0.165298888222,0.135335283237,4.0,2.0,15.0,3.0
"(268, 4)",1,30.0,1.0,3.0,10.0,5.0,0.165298888222,0.135335283237,4.0,2.0,15.0,3.0
"(268, 6)",1,30.0,1.0,3.0,10.0,5.0,0.165298888222,0.135335283237,4.0,2.0,15.0,3.0
"(278, 0)",1,30.0,0.5,3.0,8.5,5.0,0.818730753078,0.165298888222,4.0,2.0,15.0,0.0
"(278, 1)",1,30.0,1.5,3.0,9.5,5.0,0.201896517995,0.135335283237,4.0,2.0,15.0,0.0
"(278, 3)",1,60.0,0.5,3.0,8.5,5.0,0.818730753078,0.165298888222,4.0,2.0,30.0,0.0
"(278, 4)",1,60.0,1.0,3.0,9.0,5.0,0.201896517995,0.165298888222,4.0,2.0,30.0,0.0
"(279, 0)",1,40.0,0.5,4.0,6.5,5.0,0.818730753078,0.246596963942,2.0,2.0,40.0,0.0
"(279, 4)",1,40.0,1.0,4.0,7.0,5.0,0.818730753078,0.246596963942,2.0,2.0,40.0,0.0
"(279, 5)",1,20.0,3.0,4.0,9.0,5.0,0.818730753078,0.165298888222,2.0,2.0,20.0,0.0
"(279, 6)",1,20.0,1.0,4.0,7.0,5.0,0.301194211912,0.246596963942,2.0,2.0,20.0,0.0
"(282, 0)",1,0.0,0.5,3.0,3.0,5.0,0.818730753078,0.548811636094,4.0,2.0,0.0,0.0
"(282, 1)",1,30.0,1.5,3.0,4.0,5.0,0.548811636094,0.449328964117,4.0,2.0,15.0,0.0
"(282, 2)",1,30.0,4.0,3.0,6.5,5.0,0.818730753078,0.246596963942,4.0,2.0,15.0,0.0
"(282, 3)",1,30.0,0.5,3.0,3.0,5.0,0.818730753078,0.548811636094,4.0,2.0,15.0,0.0
"(282, 5)",1,60.0,3.0,3.0,5.5,5.0,0.818730753078,0.301194211912,4.0,2.0,30.0,0.0
"(285, 0)",1,50.0,0.5,5.0,6.5,5.0,0.818730753078,0.246596963942,2.0,2.0,50.0,0.0
"(285, 4)",1,50.0,1.0,5.0,7.0,5.0,0.301194211912,0.246596963942,2.0,2.0,50.0,0.0
"(285, 5)",1,25.0,3.0,5.0,9.0,5.0,0.818730753078,0.165298888222,2.0,2.0,25.0,0.0
"(285, 6)",1,25.0,1.0,5.0,7.0,5.0,0.818730753078,0.246596963942,2.0,2.0,25.0,0.0
"(286, 0)",1,50.0,0.5,5.0,7.5,5.0,0.246596963942,0.201896517995,2.0,2.0,50.0,0.0
"(286, 3)",1,50.0,0.5,5.0,7.5,5.0,0.818730753078,0.201896517995,2.0,2.0,50.0,0.0
"(286, 5)",1,25.0,3.0,5.0,10.0,5.0,0.818730753078,0.135335283237,2.0,2.0,25.0,0.0
"(286, 6)",1,25.0,1.0,5.0,8.0,5.0,0.818730753078,0.201896517995,2.0,2.0,25.0,0.0
"(287, 5)",1,25.0,3.0,5.0,10.5,5.0,0.818730753078,0.110803158362,2.0,2.0,25.0,0.0
"(287, 6)",1,25.0,1.0,5.0,8.5,5.0,0.201896517995,0.165298888222,2.0,2.0,25.0,0.0
"(294, 1)",1,40.0,1.5,4.0,7.0,5.0,0.818730753078,0.246596963942,2.0,2.0,40.0,0.0
"(294, 3)",1,40.0,0.5,4.0,6.0,5.0,0.818730753078,0.301194211912,2.0,2.0,40.0,0.0
"(294, 5)",1,20.0,3.0,4.0,8.5,5.0,0.301194211912,0.165298888222,2.0,2.0,20.0,0.0
"(294, 6)",1,20.0,1.0,4.0,6.5,5.0,0.818730753078,0.246596963942,2.0,2.0,20.0,0.0
"(297, 0)",1,40.0,0.5,4.0,7.0,5.0,0.246596963942,0.246596963942,2.0,2.0,40.0,0.0
"(297, 3)",1,40.0,0.5,4.0,7.0,5.0,0.246596963942,0.246596963942,2.0,2.0,40.0,0.0
"(297, 5)",1,20.0,3.0,4.0,10.5,5.0,0.201896517995,0.110803158362,2.0,2.0,20.0,0.0
"(297, 6)",1,20.0,1.0,4.0,8.5,5.0,0.818730753078,0.165298888222,2.0,2.0,20.0,0.0
"(298, 0)",1,40.0,0.5,4.0,7.5,5.0,0.246596963942,0.201896517995,2.0,2.0,40.0,0.0
"(298, 3)",1,40.0,0.5,4.0,7.5,5.0,0.246596963942,0.201896517995,2.0,2.0,40.0,0.0
"(298, 5)",1,20.0,3.0,4.0,10.0,5.0,0.246596963942,0.135335283237,2.0,2.0,20.0,0.0
"(298, 6)",1,20.0,1.0,4.0,8.0,5.0,0.818730753078,0.201896517995,2.0,2.0,20.0,0.0
"(300, 3)",1,36.0,0.5,3.0,9.5,4.0,0.165298888222,0.135335283237,4.0,2.0,18.0,3.0
"(300, 4)",1,36.0,1.0,3.0,10.0,4.0,0.818730753078,0.135335283237,4.0,2.0,18.0,3.0
"(300, 6)",1,36.0,1.0,3.0,10.0,4.0,0.818730753078,0.135335283237,4.0,2.0,18.0,3.0
"(307, 0)",1,15.0,0.5,3.0,7.5,3.0,0.818730753078,0.201896517995,8.0,4.0,7.5,0.0
"(307, 1)",1,15.0,1.5,3.0,8.5,3.0,0.818730753078,0.165298888222,8.0,4.0,7.5,0.0
"(307, 3)",1,27.0,0.5,3.0,7.5,3.0,0.246596963942,0.201896517995,8.0,4.0,13.5,3.0
"(307, 4)",1,27.0,1.0,3.0,8.0,3.0,0.246596963942,0.201896517995,8.0,4.0,13.5,3.0
"(307, 6)",1,27.0,1.0,3.0,8.0,3.0,0.818730753078,0.201896517995,8.0,4.0,13.5,3.0
"(308, 0)",1,20.0,0.5,2.0,8.5,5.0,0.201896517995,0.165298888222,4.0,2.0,10.0,0.0
"(308, 1)",1,20.0,1.5,2.0,9.5,5.0,0.818730753078,0.135335283237,4.0,2.0,10.0,0.0
"(308, 3)",1,40.0,0.5,2.0,8.5,5.0,0.818730753078,0.165298888222,4.0,2.0,20.0,0.0
"(308, 6)",1,40.0,1.0,2.0,9.0,5.0,0.818730753078,0.165298888222,4.0,2.0,20.0,0.0
"(310, 4)",1,50.0,1.0,5.0,7.5,5.0,0.818730753078,0.201896517995,2.0,2.0,50.0,0.0
"(310, 5)",1,25.0,3.0,5.0,9.5,5.0,0.246596963942,0.135335283237,2.0,2.0,25.0,0.0
"(310, 6)",1,25.0,1.0,5.0,7.5,5.0,0.818730753078,0.201896517995,2.0,2.0,25.0,0.0
"(315, 0)",1,20.0,0.5,2.0,9.0,5.0,0.818730753078,0.165298888222,4.0,2.0,10.0,0.0
"(315, 1)",1,20.0,1.5,2.0,10.0,5.0,0.165298888222,0.135335283237,4.0,2.0,10.0,0.0
"(315, 6)",1,40.0,1.0,2.0,9.5,5.0,0.818730753078,0.135335283237,4.0,2.0,20.0,0.0
"(317, 2)",1,0.0,4.0,3.0,6.0,5.0,0.818730753078,0.301194211912,4.0,4.0,0.0,0.0
"(317, 3)",1,15.0,0.5,3.0,2.5,5.0,0.818730753078,0.548811636094,6.33333333333,4.0,15.0,3.0
"(317, 4)",1,15.0,1.0,3.0,3.0,5.0,0.670320046036,0.548811636094,6.33333333333,4.0,15.0,3.0
"(317, 5)",1,0.0,3.0,3.0,5.0,5.0,0.670320046036,0.367879441171,3.0,4.0,0.0,0.0
"(317, 6)",1,15.0,1.0,3.0,3.0,5.0,0.818730753078,0.548811636094,5.33333333333,4.0,15.0,3.0
"(319, 1)",1,0.0,1.5,3.0,5.0,4.0,0.818730753078,0.367879441171,3.66666666667,4.0,0.0,0.0
"(319, 2)",1,0.0,4.0,3.0,7.5,4.0,0.818730753078,0.201896517995,3.66666666667,4.0,0.0,0.0
"(319, 3)",1,33.0,0.5,3.0,4.0,4.0,0.449328964117,0.449328964117,6.0,4.0,18.0,3.0
"(319, 4)",1,33.0,1.0,3.0,4.5,4.0,0.449328964117,0.367879441171,5.0,4.0,18.0,3.0
"(319, 6)",1,33.0,1.0,3.0,4.5,4.0,0.818730753078,0.367879441171,5.0,4.0,18.0,3.0
"(321, 0)",1,15.0,0.5,3.0,3.0,5.0,0.548811636094,0.548811636094,6.33333333333,4.0,15.0,0.0
"(321, 2)",1,15.0,4.0,3.0,7.5,5.0,0.449328964117,0.201896517995,6.33333333333,4.0,15.0,0.0
"(321, 3)",1,15.0,0.5,3.0,3.0,5.0,0.818730753078,0.548811636094,6.33333333333,4.0,15.0,0.0
"(321, 5)",1,15.0,3.0,3.0,6.5,5.0,0.818730753078,0.246596963942,5.33333333333,4.0,15.0,0.0
"(321, 6)",1,15.0,1.0,3.0,4.5,5.0,0.449328964117,0.367879441171,5.33333333333,4.0,15.0,0.0
"(325, 0)",1,30.0,0.5,3.0,9.5,5.0,0.818730753078,0.135335283237,4.0,2.0,15.0,0.0
"(325, 1)",1,30.0,1.5,3.0,10.5,5.0,0.818730753078,0.110803158362,4.0,2.0,15.0,0.0
"(325, 3)",1,60.0,0.5,3.0,9.5,5.0,0.165298888222,0.135335283237,4.0,2.0,30.0,0.0
"(326, 0)",1,30.0,0.5,3.0,10.0,5.0,0.135335283237,0.135335283237,4.0,2.0,15.0,0.0
"(326, 1)",1,30.0,1.5,3.0,11.0,5.0,0.818730753078,0.110803158362,4.0,2.0,15.0,0.0
"(331, 1)",1,10.0,1.5,1.0,7.0,5.0,0.818730753078,0.246596963942,2.0,2.0,10.0,0.0
"(331, 3)",1,10.0,0.5,1.0,6.0,5.0,0.818730753078,0.301194211912,2.0,2.0,10.0,0.0
"(331, 5)",1,5.0,3.0,1.0,8.5,5.0,0.818730753078,0.165298888222,2.0,2.0,5.0,0.0
"(331, 6)",1,5.0,1.0,1.0,6.5,5.0,0.301194211912,0.246596963942,2.0,2.0,5.0,0.0
"(335, 0)",1,20.0,0.5,2.0,9.5,5.0,0.165298888222,0.135335283237,4.0,2.0,10.0,0.0
"(335, 1)",1,20.0,1.5,2.0,10.5,5.0,0.165298888222,0.110803158362,4.0,2.0,10.0,0.0
"(335, 3)",1,40.0,0.5,2.0,9.5,5.0,0.165298888222,0.135335283237,4.0,2.0,20.0,0.0
"(336, 0)",1,20.0,0.5,2.0,9.5,5.0,0.818730753078,0.135335283237,4.0,2.0,10.0,0.0
"(336, 1)",1,20.0,1.5,2.0,10.5,5.0,0.165298888222,0.110803158362,4.0,2.0,10.0,0.0
"(336, 3)",1,40.0,0.5,2.0,9.5,5.0,0.165298888222,0.135335283237,4.0,2.0,20.0,0.0
"(338, 0)",1,0.0,0.5,1.0,5.0,5.0,0.367879441171,0.367879441171,4.0,2.0,0.0,0.0
"(338, 1)",1,10.0,1.5,1.0,6.0,5.0,0.367879441171,0.301194211912,4.0,2.0,5.0,0.0
"(338, 2)",1,10.0,4.0,1.0,8.5,5.0,0.818730753078,0.165298888222,4.0,2.0,5.0,0.0
"(338, 3)",1,10.0,0.5,1.0,5.0,5.0,0.818730753078,0.367879441171,4.0,2.0,5.0,0.0
"(338, 4)",1,20.0,1.0,1.0,5.5,5.0,0.367879441171,0.301194211912,4.0,2.0,10.0,0.0
"(339, 0)",1,10.0,0.5,1.0,3.5,5.0,0.818730753078,0.449328964117,2.0,2.0,10.0,0.0
"(339, 2)",1,10.0,4.0,1.0,7.0,5.0,0.548811636094,0.246596963942,2.0,2.0,10.0,0.0
"(339, 3)",1,10.0,0.5,1.0,3.5,5.0,0.548811636094,0.449328964117,2.0,2.0,10.0,0.0
"(339, 5)",1,5.0,3.0,1.0,6.0,5.0,0.818730753078,0.301194211912,2.0,2.0,5.0,0.0
"(339, 6)",1,5.0,1.0,1.0,4.0,5.0,0.818730753078,0.449328964117,2.0,2.0,5.0,0.0
"(341, 0)",1,15.0,0.5,3.0,3.5,2.0,0.818730753078,0.449328964117,8.66666666667,5.5,3.75,0.0
"(341, 1)",1,0.0,1.5,3.0,4.5,2.0,0.548811636094,0.367879441171,4.33333333333,5.5,3.75,0.0
"(341, 2)",1,15.0,4.0,3.0,7.0,2.0,0.818730753078,0.246596963942,7.66666666667,7.0,7.5,0.0
"(341, 4)",1,9.0,1.0,3.0,4.0,2.0,0.818730753078,0.449328964117,6.0,5.5,12.75,3.0
"(341, 6)",1,9.0,1.0,3.0,4.0,2.0,0.818730753078,0.449328964117,6.0,5.5,12.75,3.0
"(342, 0)",1,12.0,0.5,3.0,5.0,2.0,0.818730753078,0.367879441171,7.5,4.0,0.0,0.0
"(342, 2)",1,12.0,4.0,3.0,8.5,2.0,0.818730753078,0.165298888222,7.5,4.0,0.0,0.0
"(342, 4)",1,12.0,1.0,3.0,5.5,2.0,0.367879441171,0.301194211912,5.0,4.0,24.0,3.0
"(342, 6)",1,12.0,1.0,3.0,5.5,2.0,0.818730753078,0.301194211912,5.0,4.0,24.0,3.0
"(345, 2)",1,0.0,4.0,3.0,9.0,4.0,0.367879441171,0.165298888222,4.0,2.0,0.0,0.0
"(345, 3)",1,36.0,0.5,3.0,5.5,4.0,0.818730753078,0.301194211912,4.0,2.0,18.0,3.0
"(345, 4)",1,36.0,1.0,3.0,6.0,4.0,0.818730753078,0.301194211912,4.0,2.0,18.0,3.0
"(345, 6)",1,36.0,1.0,3.0,6.0,4.0,0.367879441171,0.301194211912,4.0,2.0,18.0,3.0
"(347, 2)",1,0.0,4.0,3.0,9.0,2.0,0.367879441171,0.165298888222,4.0,2.0,0.0,0.0
"(347, 3)",1,48.0,0.5,3.0,5.5,2.0,0.367879441171,0.301194211912,4.0,2.0,24.0,3.0
"(347, 4)",1,48.0,1.0,3.0,6.0,2.0,0.367879441171,0.301194211912,4.0,2.0,24.0,3.0
"(347, 6)",1,48.0,1.0,3.0,6.0,2.0,0.367879441171,0.301194211912,4.0,2.0,24.0,3.0
"(348, 0)",1,20.0,0.5,2.0,10.0,5.0,0.135335283237,0.135335283237,4.0,2.0,10.0,0.0
"(348, 1)",1,20.0,1.5,2.0,11.0,5.0,0.818730753078,0.110803158362,4.0,2.0,10.0,0.0
"(350, 0)",1,0.0,0.5,3.0,6.0,3.0,0.818730753078,0.301194211912,4.0,4.0,0.0,0.0
"(350, 3)",1,27.0,0.5,3.0,6.0,3.0,0.818730753078,0.301194211912,6.33333333333,4.0,21.0,3.0
"(350, 4)",1,27.0,1.0,3.0,6.5,3.0,0.818730753078,0.246596963942,6.33333333333,4.0,21.0,3.0
"(350, 5)",1,0.0,3.0,3.0,8.5,3.0,0.301194211912,0.165298888222,3.0,4.0,0.0,0.0
"(350, 6)",1,27.0,1.0,3.0,6.5,3.0,0.301194211912,0.246596963942,5.33333333333,4.0,21.0,3.0
"(359, 1)",1,40.0,1.5,4.0,7.5,5.0,0.818730753078,0.201896517995,2.0,2.0,40.0,0.0
"(359, 5)",1,20.0,3.0,4.0,9.0,5.0,0.301194211912,0.165298888222,2.0,2.0,20.0,0.0
"(359, 6)",1,20.0,1.0,4.0,7.0,5.0,0.301194211912,0.246596963942,2.0,2.0,20.0,0.0
"(361, 0)",1,20.0,0.5,2.0,10.0,5.0,0.135335283237,0.135335283237,4.0,2.0,10.0,0.0
"(361, 1)",1,20.0,1.5,2.0,11.0,5.0,0.818730753078,0.110803158362,4.0,2.0,10.0,0.0
"(363, 1)",1,20.0,1.5,2.0,3.5,5.0,0.818730753078,0.449328964117,2.0,2.0,20.0,0.0
"(363, 2)",1,20.0,4.0,2.0,6.0,5.0,0.818730753078,0.301194211912,2.0,2.0,20.0,0.0
"(363, 5)",1,10.0,3.0,2.0,5.0,5.0,0.670320046036,0.367879441171,2.0,2.0,10.0,0.0
"(363, 6)",1,10.0,1.0,2.0,3.0,5.0,0.818730753078,0.548811636094,2.0,2.0,10.0,0.0
"(366, 2)",1,0.0,4.0,3.0,6.0,2.0,0.818730753078,0.301194211912,4.0,4.0,0.0,0.0
"(366, 3)",1,33.0,0.5,3.0,2.5,2.0,0.818730753078,0.548811636094,6.33333333333,4.0,24.0,3.0
"(366, 4)",1,33.0,1.0,3.0,3.0,2.0,0.818730753078,0.548811636094,6.33333333333,4.0,24.0,3.0
"(366, 5)",1,0.0,3.0,3.0,5.0,2.0,0.670320046036,0.367879441171,3.0,4.0,0.0,0.0
"(366, 6)",1,33.0,1.0,3.0,3.0,2.0,0.670320046036,0.548811636094,5.33333333333,4.0,24.0,3.0
"(369, 2)",1,10.0,4.0,1.0,7.5,5.0,0.449328964117,0.201896517995,2.0,2.0,10.0,0.0
"(369, 5)",1,5.0,3.0,1.0,6.5,5.0,0.818730753078,0.246596963942,2.0,2.0,5.0,0.0
"(369, 6)",1,5.0,1.0,1.0,4.5,5.0,0.818730753078,0.367879441171,2.0,2.0,5.0,0.0
"(370, 1)",1,50.0,1.5,5.0,7.0,5.0,0.818730753078,0.246596963942,2.0,2.0,50.0,0.0
"(370, 3)",1,50.0,0.5,5.0,6.0,5.0,0.301194211912,0.301194211912,2.0,2.0,50.0,0.0
"(370, 5)",1,25.0,3.0,5.0,8.5,5.0,0.818730753078,0.165298888222,2.0,2.0,25.0,0.0
"(370, 6)",1,25.0,1.0,5.0,6.5,5.0,0.818730753078,0.246596963942,2.0,2.0,25.0,0.0
"(371, 1)",1,50.0,1.5,5.0,7.5,5.0,0.301194211912,0.201896517995,2.0,2.0,50.0,0.0
"(371, 5)",1,25.0,3.0,5.0,9.0,5.0,0.301194211912,0.165298888222,2.0,2.0,25.0,0.0
"(371, 6)",1,25.0,1.0,5.0,7.0,5.0,0.818730753078,0.246596963942,2.0,2.0,25.0,0.0
"(376, 1)",1,0.0,1.5,3.0,5.0,2.0,0.818730753078,0.367879441171,3.66666666667,4.0,0.0,0.0
"(376, 2)",1,0.0,4.0,3.0,7.5,2.0,0.818730753078,0.201896517995,3.66666666667,4.0,0.0,0.0
"(376, 3)",1,39.0,0.5,3.0,4.0,2.0,0.818730753078,0.449328964117,6.0,4.0,24.0,3.0
"(376, 4)",1,39.0,1.0,3.0,4.5,2.0,0.818730753078,0.367879441171,5.0,4.0,24.0,3.0
"(376, 6)",1,39.0,1.0,3.0,4.5,2.0,0.449328964117,0.367879441171,5.0,4.0,24.0,3.0
"(380, 0)",1,10.0,0.5,1.0,8.5,5.0,0.201896517995,0.165298888222,4.0,2.0,5.0,0.0
"(380, 1)",1,10.0,1.5,1.0,9.5,5.0,0.818730753078,0.135335283237,4.0,2.0,5.0,0.0
"(380, 3)",1,20.0,0.5,1.0,8.5,5.0,0.201896517995,0.165298888222,4.0,2.0,10.0,0.0
"(380, 6)",1,20.0,1.0,1.0,9.0,5.0,0.201896517995,0.165298888222,4.0,2.0,10.0,0.0
"(381, 0)",1,10.0,0.5,1.0,9.5,5.0,0.818730753078,0.135335283237,4.0,2.0,5.0,0.0
"(381, 1)",1,10.0,1.5,1.0,10.5,5.0,0.165298888222,0.110803158362,4.0,2.0,5.0,0.0
"(381, 3)",1,20.0,0.5,1.0,9.5,5.0,0.165298888222,0.135335283237,4.0,2.0,10.0,0.0
"(382, 0)",1,15.0,0.5,3.0,4.5,5.0,0.818730753078,0.367879441171,8.0,4.0,0.0,0.0
"(382, 1)",1,0.0,1.5,3.0,5.5,5.0,0.449328964117,0.301194211912,4.0,4.0,15.0,0.0
"(382, 2)",1,15.0,4.0,3.0,8.0,5.0,0.818730753078,0.201896517995,8.0,4.0,15.0,0.0
"(382, 3)",1,15.0,0.5,3.0,4.5,5.0,0.818730753078,0.367879441171,8.0,4.0,15.0,0.0
"(382, 6)",1,0.0,1.0,3.0,5.0,5.0,0.818730753078,0.367879441171,4.0,4.0,30.0,0.0
"(384, 0)",1,10.0,0.5,1.0,10.0,5.0,0.135335283237,0.135335283237,4.0,2.0,5.0,0.0
"(384, 1)",1,10.0,1.5,1.0,11.0,5.0,0.818730753078,0.110803158362,4.0,2.0,5.0,0.0
"(385, 0)",1,15.0,0.5,3.0,7.5,2.0,0.818730753078,0.201896517995,8.0,4.0,7.5,0.0
"(385, 1)",1,15.0,1.5,3.0,8.5,2.0,0.246596963942,0.165298888222,8.0,4.0,7.5,0.0
"(385, 3)",1,33.0,0.5,3.0,7.5,2.0,0.818730753078,0.201896517995,8.0,4.0,16.5,3.0
"(385, 4)",1,33.0,1.0,3.0,8.0,2.0,0.818730753078,0.201896517995,8.0,4.0,16.5,3.0
"(385, 6)",1,33.0,1.0,3.0,8.0,2.0,0.246596963942,0.201896517995,8.0,4.0,16.5,3.0
"(386, 0)",1,0.0,0.5,3.0,9.0,2.0,0.818730753078,0.165298888222,4.0,2.0,0.0,0.0
"(386, 3)",1,48.0,0.5,3.0,9.0,2.0,0.165298888222,0.165298888222,4.0,2.0,24.0,3.0
"(386, 4)",1,48.0,1.0,3.0,9.5,2.0,0.165298888222,0.135335283237,4.0,2.0,24.0,3.0
"(386, 6)",1,48.0,1.0,3.0,9.5,2.0,0.818730753078,0.135335283237,4.0,2.0,24.0,3.0
"(392, 0)",1,5.0,0.5,1.0,4.5,5.0,0.449328964117,0.367879441171,8.0,4.0,0.0,0.0
"(392, 1)",1,0.0,1.5,1.0,5.5,5.0,0.818730753078,0.301194211912,4.0,4.0,5.0,0.0
"(392, 2)",1,5.0,4.0,1.0,8.0,5.0,0.818730753078,0.201896517995,8.0,4.0,5.0,0.0
"(392, 3)",1,5.0,0.5,1.0,4.5,5.0,0.818730753078,0.367879441171,8.0,4.0,5.0,0.0
"(392, 6)",1,0.0,1.0,1.0,5.0,5.0,0.818730753078,0.367879441171,4.0,4.0,10.0,0.0
"(395, 3)",1,48.0,0.5,3.0,9.5,2.0,0.818730753078,0.135335283237,4.0,2.0,24.0,3.0
"(395, 4)",1,48.0,1.0,3.0,10.0,2.0,0.165298888222,0.135335283237,4.0,2.0,24.0,3.0
"(395, 6)",1,48.0,1.0,3.0,10.0,2.0,0.818730753078,0.135335283237,4.0,2.0,24.0,3.0
"(396, 0)",1,0.0,0.5,3.0,2.0,4.0,0.670320046036,0.670320046036,4.66666666667,4.0,0.0,0.0
"(396, 1)",1,8.0,1.5,3.0,3.0,4.0,0.818730753078,0.548811636094,3.66666666667,4.0,18.0,3.0
"(396, 2)",1,8.0,4.0,3.0,5.5,4.0,0.818730753078,0.301194211912,3.66666666667,4.0,18.0,3.0
"(396, 3)",1,5.0,0.5,3.0,2.0,4.0,0.818730753078,0.670320046036,6.0,4.0,0.0,0.0
"(396, 4)",1,13.0,1.0,3.0,2.5,4.0,0.818730753078,0.548811636094,5.0,4.0,18.0,3.0
"(396, 5)",1,13.0,3.0,3.0,4.5,4.0,0.670320046036,0.367879441171,5.0,4.0,18.0,3.0
"(397, 0)",1,30.0,0.5,3.0,9.0,5.0,0.165298888222,0.165298888222,4.0,2.0,15.0,0.0
"(397, 1)",1,30.0,1.5,3.0,10.0,5.0,0.818730753078,0.135335283237,4.0,2.0,15.0,0.0
"(397, 4)",1,60.0,1.0,3.0,9.5,5.0,0.818730753078,0.135335283237,4.0,2.0,30.0,0.0
"(400, 2)",1,20.0,4.0,2.0,7.5,5.0,0.818730753078,0.201896517995,2.0,2.0,20.0,0.0
"(400, 5)",1,10.0,3.0,2.0,6.5,5.0,0.449328964117,0.246596963942,2.0,2.0,10.0,0.0
"(400, 6)",1,10.0,1.0,2.0,4.5,5.0,0.818730753078,0.367879441171,2.0,2.0,10.0,0.0
"(401, 1)",1,10.0,1.5,1.0,6.5,5.0,0.367879441171,0.246596963942,2.0,2.0,10.0,0.0
"(401, 4)",1,10.0,1.0,1.0,6.0,5.0,0.367879441171,0.301194211912,2.0,2.0,10.0,0.0
"(401, 5)",1,5.0,3.0,1.0,8.0,5.0,0.818730753078,0.201896517995,2.0,2.0,5.0,0.0
"(401, 6)",1,5.0,1.0,1.0,6.0,5.0,0.818730753078,0.301194211912,2.0,2.0,5.0,0.0
"(402, 4)",1,10.0,1.0,1.0,7.5,5.0,0.246596963942,0.201896517995,2.0,2.0,10.0,0.0
"(402, 5)",1,5.0,3.0,1.0,9.5,5.0,0.818730753078,0.135335283237,2.0,2.0,5.0,0.0
"(402, 6)",1,5.0,1.0,1.0,7.5,5.0,0.818730753078,0.201896517995,2.0,2.0,5.0,0.0
"(407, 0)",1,0.0,0.5,3.0,1.5,2.0,0.818730753078,0.670320046036,8.66666666667,5.5,0.0,0.0
"(407, 1)",1,19.0,1.5,3.0,2.5,2.0,0.818730753078,0.548811636094,4.33333333333,5.5,24.0,3.0
"(407, 3)",1,0.0,0.5,3.0,1.5,2.0,0.818730753078,0.670320046036,10.3333333333,5.5,0.0,0.0
"(407, 4)",1,19.0,1.0,3.0,2.0,2.0,0.818730753078,0.670320046036,6.0,5.5,24.0,3.0
"(407, 5)",1,19.0,3.0,3.0,4.0,2.0,0.818730753078,0.449328964117,6.0,5.5,24.0,3.0
"(409, 0)",1,15.0,0.5,3.0,5.5,5.0,0.818730753078,0.301194211912,8.0,4.0,0.0,0.0
"(409, 1)",1,0.0,1.5,3.0,6.5,5.0,0.367879441171,0.246596963942,4.0,4.0,15.0,0.0
"(409, 2)",1,15.0,4.0,3.0,9.0,5.0,0.818730753078,0.165298888222,8.0,4.0,15.0,0.0
"(409, 3)",1,15.0,0.5,3.0,5.5,5.0,0.818730753078,0.301194211912,8.0,4.0,15.0,0.0
"(411, 0)",1,10.0,0.5,2.0,4.5,5.0,0.818730753078,0.367879441171,8.0,4.0,0.0,0.0
"(411, 1)",1,0.0,1.5,2.0,5.5,5.0,0.449328964117,0.301194211912,4.0,4.0,10.0,0.0
"(411, 2)",1,10.0,4.0,2.0,8.0,5.0,0.818730753078,0.201896517995,8.0,4.0,10.0,0.0
"(411, 3)",1,10.0,0.5,2.0,4.5,5.0,0.449328964117,0.367879441171,8.0,4.0,10.0,0.0
"(411, 4)",1,0.0,1.0,2.0,5.0,5.0,0.818730753078,0.367879441171,4.0,4.0,20.0,0.0
"(412, 0)",1,20.0,0.5,2.0,5.0,5.0,0.367879441171,0.367879441171,4.0,2.0,10.0,0.0
"(412, 1)",1,20.0,1.5,2.0,6.0,5.0,0.818730753078,0.301194211912,4.0,2.0,10.0,0.0
"(412, 2)",1,40.0,4.0,2.0,8.5,5.0,0.367879441171,0.165298888222,4.0,2.0,20.0,0.0
"(412, 3)",1,40.0,0.5,2.0,5.0,5.0,0.367879441171,0.367879441171,4.0,2.0,20.0,0.0
"(412, 4)",1,40.0,1.0,2.0,5.5,5.0,0.818730753078,0.301194211912,4.0,2.0,20.0,0.0
"(417, 5)",1,10.0,3.0,2.0,10.5,5.0,0.201896517995,0.110803158362,2.0,2.0,10.0,0.0
"(417, 6)",1,10.0,1.0,2.0,8.5,5.0,0.818730753078,0.165298888222,2.0,2.0,10.0,0.0
"(419, 0)",1,5.0,0.5,3.0,2.0,2.0,0.670320046036,0.670320046036,6.0,4.0,0.0,0.0
"(419, 1)",1,14.0,1.5,3.0,3.0,2.0,0.670320046036,0.548811636094,3.66666666667,4.0,24.0,3.0
"(419, 2)",1,19.0,4.0,3.0,5.5,2.0,0.670320046036,0.301194211912,5.0,4.0,24.0,3.0
"(419, 3)",1,10.0,0.5,3.0,2.0,2.0,0.670320046036,0.670320046036,7.33333333333,4.0,0.0,0.0
"(419, 4)",1,19.0,1.0,3.0,2.5,2.0,0.818730753078,0.548811636094,5.0,4.0,24.0,3.0
"(419, 5)",1,19.0,3.0,3.0,4.5,2.0,0.818730753078,0.367879441171,5.0,4.0,24.0,3.0
"(421, 0)",1,30.0,0.5,3.0,8.5,5.0,0.201896517995,0.165298888222,4.0,2.0,15.0,0.0
"(421, 1)",1,30.0,1.5,3.0,9.5,5.0,0.818730753078,0.135335283237,4.0,2.0,15.0,0.0
"(421, 3)",1,60.0,0.5,3.0,8.5,5.0,0.818730753078,0.165298888222,4.0,2.0,30.0,0.0
"(421, 6)",1,60.0,1.0,3.0,9.0,5.0,0.818730753078,0.165298888222,4.0,2.0,30.0,0.0
"(422, 0)",1,10.0,0.5,1.0,9.0,5.0,0.818730753078,0.165298888222,4.0,2.0,5.0,0.0
"(422, 1)",1,10.0,1.5,1.0,10.0,5.0,0.165298888222,0.135335283237,4.0,2.0,5.0,0.0
"(422, 6)",1,20.0,1.0,1.0,9.5,5.0,0.165298888222,0.135335283237,4.0,2.0,10.0,0.0
"(424, 1)",1,20.0,1.5,2.0,7.5,5.0,0.301194211912,0.201896517995,2.0,2.0,20.0,0.0
"(424, 5)",1,10.0,3.0,2.0,9.0,5.0,0.818730753078,0.165298888222,2.0,2.0,10.0,0.0
"(424, 6)",1,10.0,1.0,2.0,7.0,5.0,0.818730753078,0.246596963942,2.0,2.0,10.0,0.0
"(427, 1)",1,0.0,1.5,3.0,6.0,1.0,0.818730753078,0.301194211912,4.0,4.0,0.0,0.0
"(427, 3)",1,39.0,0.5,3.0,5.0,1.0,0.818730753078,0.367879441171,6.33333333333,4.0,27.0,3.0
"(427, 4)",1,39.0,1.0,3.0,5.5,1.0,0.818730753078,0.301194211912,6.33333333333,4.0,27.0,3.0
"(427, 5)",1,0.0,3.0,3.0,7.5,1.0,0.818730753078,0.201896517995,3.0,4.0,0.0,0.0
"(427, 6)",1,39.0,1.0,3.0,5.5,1.0,0.367879441171,0.301194211912,5.33333333333,4.0,27.0,3.0
"(431, 0)",1,0.0,0.5,3.0,6.0,5.0,0.301194211912,0.301194211912,4.0,2.0,0.0,0.0
"(431, 1)",1,30.0,1.5,3.0,7.0,5.0,0.818730753078,0.246596963942,4.0,2.0,15.0,0.0
"(431, 2)",1,30.0,4.0,3.0,9.5,5.0,0.301194211912,0.135335283237,4.0,2.0,15.0,0.0
"(431, 3)",1,30.0,0.5,3.0,6.0,5.0,0.301194211912,0.301194211912,4.0,2.0,15.0,0.0
"(433, 0)",1,4.5,0.5,3.0,2.0,2.0,0.818730753078,0.670320046036,8.0,5.5,0.0,0.0
"(433, 2)",1,4.5,4.0,3.0,5.5,2.0,0.818730753078,0.301194211912,8.0,5.5,0.0,0.0
"(433, 4)",1,19.5,1.0,3.0,2.5,2.0,0.818730753078,0.548811636094,8.33333333333,7.0,24.0,3.0
"(433, 5)",1,0.0,3.0,3.0,4.5,2.0,0.670320046036,0.367879441171,3.5,5.5,0.0,0.0
"(433, 6)",1,19.5,1.0,3.0,2.5,2.0,0.818730753078,0.548811636094,6.83333333333,5.5,24.0,3.0
"(435, 0)",1,0.0,0.5,3.0,6.0,2.0,0.818730753078,0.301194211912,4.0,4.0,0.0,0.0
"(435, 3)",1,33.0,0.5,3.0,6.0,2.0,0.301194211912,0.301194211912,6.33333333333,4.0,24.0,3.0
"(435, 4)",1,33.0,1.0,3.0,6.5,2.0,0.301194211912,0.246596963942,6.33333333333,4.0,24.0,3.0
"(435, 5)",1,0.0,3.0,3.0,8.5,2.0,0.818730753078,0.165298888222,3.0,4.0,0.0,0.0
"(435, 6)",1,33.0,1.0,3.0,6.5,2.0,0.301194211912,0.246596963942,5.33333333333,4.0,24.0,3.0
"(444, 0)",1,30.0,0.5,3.0,9.0,5.0,0.818730753078,0.165298888222,4.0,2.0,15.0,0.0
"(444, 1)",1,30.0,1.5,3.0,10.0,5.0,0.818730753078,0.135335283237,4.0,2.0,15.0,0.0
"(444, 6)",1,60.0,1.0,3.0,9.5,5.0,0.165298888222,0.135335283237,4.0,2.0,30.0,0.0
"(445, 0)",1,20.0,0.5,2.0,6.5,5.0,0.818730753078,0.246596963942,4.0,2.0,10.0,0.0
"(445, 1)",1,20.0,1.5,2.0,7.5,5.0,0.301194211912,0.201896517995,4.0,2.0,10.0,0.0
"(445, 3)",1,40.0,0.5,2.0,6.5,5.0,0.301194211912,0.246596963942,4.0,2.0,20.0,0.0
"(445, 5)",1,40.0,3.0,2.0,9.0,5.0,0.818730753078,0.165298888222,4.0,2.0,20.0,0.0
"(446, 0)",1,20.0,0.5,2.0,7.0,5.0,0.818730753078,0.246596963942,4.0,2.0,10.0,0.0
"(446, 1)",1,20.0,1.5,2.0,8.0,5.0,0.246596963942,0.201896517995,4.0,2.0,10.0,0.0
"(446, 5)",1,40.0,3.0,2.0,9.5,5.0,0.818730753078,0.135335283237,4.0,2.0,20.0,0.0
"(457, 1)",1,0.0,1.5,3.0,5.0,1.0,0.818730753078,0.367879441171,3.66666666667,4.0,0.0,0.0
"(457, 2)",1,0.0,4.0,3.0,7.5,1.0,0.818730753078,0.201896517995,3.66666666667,4.0,0.0,0.0
"(457, 3)",1,42.0,0.5,3.0,4.0,1.0,0.449328964117,0.449328964117,6.0,4.0,27.0,3.0
"(457, 4)",1,42.0,1.0,3.0,4.5,1.0,0.818730753078,0.367879441171,5.0,4.0,27.0,3.0
"(457, 6)",1,42.0,1.0,3.0,4.5,1.0,0.818730753078,0.367879441171,5.0,4.0,27.0,3.0
"(458, 0)",1,20.0,0.5,2.0,9.0,5.0,0.818730753078,0.165298888222,4.0,2.0,10.0,0.0
"(458, 1)",1,20.0,1.5,2.0,10.0,5.0,0.165298888222,0.135335283237,4.0,2.0,10.0,0.0
"(458, 4)",1,40.0,1.0,2.0,9.5,5.0,0.165298888222,0.135335283237,4.0,2.0,20.0,0.0
"(463, 3)",1,21.0,0.5,3.0,6.5,4.0,0.301194211912,0.246596963942,6.33333333333,4.0,18.0,3.0
"(463, 4)",1,21.0,1.0,3.0,7.0,4.0,0.818730753078,0.246596963942,6.33333333333,4.0,18.0,3.0
"(463, 5)",1,0.0,3.0,3.0,9.0,4.0,0.818730753078,0.165298888222,3.0,4.0,0.0,0.0
"(463, 6)",1,21.0,1.0,3.0,7.0,4.0,0.818730753078,0.246596963942,5.33333333333,4.0,18.0,3.0
"(465, 0)",1,30.0,0.5,3.0,5.0,5.0,0.367879441171,0.367879441171,4.0,2.0,15.0,0.0
"(465, 1)",1,30.0,1.5,3.0,6.0,5.0,0.818730753078,0.301194211912,4.0,2.0,15.0,0.0
"(465, 2)",1,60.0,4.0,3.0,8.5,5.0,0.818730753078,0.165298888222,4.0,2.0,30.0,0.0
"(465, 3)",1,60.0,0.5,3.0,5.0,5.0,0.818730753078,0.367879441171,4.0,2.0,30.0,0.0
"(465, 6)",1,60.0,1.0,3.0,5.5,5.0,0.818730753078,0.301194211912,4.0,2.0,30.0,0.0
"(467, 1)",1,0.0,1.5,3.0,9.0,1.0,0.818730753078,0.165298888222,4.0,2.0,0.0,0.0
"(467, 3)",1,54.0,0.5,3.0,8.0,1.0,0.818730753078,0.201896517995,4.0,2.0,27.0,3.0
"(467, 4)",1,54.0,1.0,3.0,8.5,1.0,0.201896517995,0.165298888222,4.0,2.0,27.0,3.0
"(467, 6)",1,54.0,1.0,3.0,8.5,1.0,0.201896517995,0.165298888222,4.0,2.0,27.0,3.0
"(470, 0)",1,5.0,0.5,1.0,5.5,5.0,0.818730753078,0.301194211912,8.0,4.0,0.0,0.0
"(470, 1)",1,0.0,1.5,1.0,6.5,5.0,0.818730753078,0.246596963942,4.0,4.0,5.0,0.0
"(470, 2)",1,5.0,4.0,1.0,9.0,5.0,0.818730753078,0.165298888222,8.0,4.0,5.0,0.0
"(470, 3)",1,5.0,0.5,1.0,5.5,5.0,0.367879441171,0.301194211912,8.0,4.0,5.0,0.0
"(475, 2)",1,0.0,4.0,3.0,6.0,4.0,0.818730753078,0.301194211912,4.0,4.0,0.0,0.0
"(475, 3)",1,21.0,0.5,3.0,2.5,4.0,0.818730753078,0.548811636094,6.33333333333,4.0,18.0,3.0
"(475, 4)",1,21.0,1.0,3.0,3.0,4.0,0.818730753078,0.548811636094,6.33333333333,4.0,18.0,3.0
"(475, 5)",1,0.0,3.0,3.0,5.0,4.0,0.818730753078,0.367879441171,3.0,4.0,0.0,0.0
"(475, 6)",1,21.0,1.0,3.0,3.0,4.0,0.670320046036,0.548811636094,5.33333333333,4.0,18.0,3.0
"(476, 0)",1,0.0,0.5,3.0,2.0,5.0,0.670320046036,0.670320046036,4.66666666667,4.0,0.0,0.0
"(476, 1)",1,5.0,1.5,3.0,3.0,5.0,0.818730753078,0.548811636094,3.66666666667,4.0,15.0,3.0
"(476, 2)",1,5.0,4.0,3.0,5.5,5.0,0.818730753078,0.301194211912,3.66666666667,4.0,15.0,3.0
"(476, 3)",1,5.0,0.5,3.0,2.0,5.0,0.818730753078,0.670320046036,6.0,4.0,0.0,0.0
"(476, 4)",1,10.0,1.0,3.0,2.5,5.0,0.670320046036,0.548811636094,5.0,4.0,15.0,3.0
"(476, 5)",1,10.0,3.0,3.0,4.5,5.0,0.818730753078,0.367879441171,5.0,4.0,15.0,3.0
"(481, 0)",1,20.0,0.5,2.0,8.0,5.0,0.818730753078,0.201896517995,4.0,2.0,10.0,0.0
"(481, 1)",1,20.0,1.5,2.0,9.0,5.0,0.818730753078,0.165298888222,4.0,2.0,10.0,0.0
"(481, 4)",1,40.0,1.0,2.0,8.5,5.0,0.201896517995,0.165298888222,4.0,2.0,20.0,0.0
"(481, 6)",1,40.0,1.0,2.0,8.5,5.0,0.818730753078,0.165298888222,4.0,2.0,20.0,0.0
"(485, 1)",1,7.5,1.5,3.0,2.5,5.0,0.818730753078,0.548811636094,4.0,4.0,15.0,3.0
"(485, 2)",1,7.5,4.0,3.0,5.0,5.0,0.818730753078,0.367879441171,4.0,4.0,15.0,3.0
"(485, 4)",1,7.5,1.0,3.0,2.0,5.0,0.818730753078,0.670320046036,4.0,4.0,15.0,3.0
"(485, 5)",1,0.0,3.0,3.0,4.0,5.0,0.818730753078,0.449328964117,2.0,4.0,15.0,3.0
"(485, 6)",1,7.5,1.0,3.0,2.0,5.0,0.818730753078,0.670320046036,4.0,4.0,0.0,0.0
"(487, 1)",1,18.0,1.5,3.0,3.5,4.0,0.818730753078,0.449328964117,2.0,2.0,18.0,3.0
"(487, 2)",1,18.0,4.0,3.0,6.0,4.0,0.818730753078,0.301194211912,2.0,2.0,18.0,3.0
"(487, 4)",1,18.0,1.0,3.0,3.0,4.0,0.670320046036,0.548811636094,2.0,2.0,18.0,3.0
"(487, 5)",1,18.0,3.0,3.0,5.0,4.0,0.670320046036,0.367879441171,2.0,2.0,18.0,3.0
"(488, 1)",1,30.0,1.5,3.0,3.5,5.0,0.670320046036,0.449328964117,2.0,2.0,30.0,0.0
"(488, 2)",1,30.0,4.0,3.0,6.0,5.0,0.818730753078,0.301194211912,2.0,2.0,30.0,0.0
"(488, 5)",1,15.0,3.0,3.0,5.0,5.0,0.818730753078,0.367879441171,2.0,2.0,15.0,0.0
"(488, 6)",1,15.0,1.0,3.0,3.0,5.0,0.818730753078,0.548811636094,2.0,2.0,15.0,0.0
"(489, 2)",1,30.0,4.0,3.0,7.5,5.0,0.449328964117,0.201896517995,2.0,2.0,30.0,0.0
"(489, 5)",1,15.0,3.0,3.0,6.5,5.0,0.818730753078,0.246596963942,2.0,2.0,15.0,0.0
"(489, 6)",1,15.0,1.0,3.0,4.5,5.0,0.818730753078,0.367879441171,2.0,2.0,15.0,0.0
"(490, 5)",1,15.0,3.0,3.0,10.5,5.0,0.201896517995,0.110803158362,2.0,2.0,15.0,0.0
"(490, 6)",1,15.0,1.0,3.0,8.5,5.0,0.818730753078,0.165298888222,2.0,2.0,15.0,0.0
"(491, 1)",1,30.0,1.5,3.0,7.5,5.0,0.301194211912,0.201896517995,2.0,2.0,30.0,0.0
"(491, 5)",1,15.0,3.0,3.0,9.0,5.0,0.818730753078,0.165298888222,2.0,2.0,15.0,0.0
"(491, 6)",1,15.0,1.0,3.0,7.0,5.0,0.301194211912,0.246596963942,2.0,2.0,15.0,0.0
"(494, 0)",1,15.0,0.5,3.0,3.5,4.0,0.818730753078,0.449328964117,8.66666666667,5.5,3.75,0.0
"(494, 1)",1,0.0,1.5,3.0,4.5,4.0,0.548811636094,0.367879441171,4.33333333333,5.5,3.75,0.0
"(494, 2)",1,15.0,4.0,3.0,7.0,4.0,0.818730753078,0.246596963942,7.66666666667,7.0,7.5,0.0
"(494, 4)",1,3.0,1.0,3.0,4.0,4.0,0.818730753078,0.449328964117,6.0,5.5,6.75,3.0
"(494, 6)",1,3.0,1.0,3.0,4.0,4.0,0.818730753078,0.449328964117,6.0,5.5,6.75,3.0
"(495, 0)",1,9.0,0.5,3.0,5.0,4.0,0.367879441171,0.367879441171,7.5,4.0,0.0,0.0
"(495, 2)",1,9.0,4.0,3.0,8.5,4.0,0.818730753078,0.165298888222,7.5,4.0,0.0,0.0
"(495, 4)",1,9.0,1.0,3.0,5.5,4.0,0.818730753078,0.301194211912,5.0,4.0,18.0,3.0
"(495, 6)",1,9.0,1.0,3.0,5.5,4.0,0.818730753078,0.301194211912,5.0,4.0,18.0,3.0
"(498, 0)",1,0.0,0.5,3.0,9.0,4.0,0.165298888222,0.165298888222,4.0,2.0,0.0,0.0
"(498, 3)",1,36.0,0.5,3.0,9.0,4.0,0.165298888222,0.165298888222,4.0,2.0,18.0,3.0
"(498, 4)",1,36.0,1.0,3.0,9.5,4.0,0.165298888222,0.135335283237,4.0,2.0,18.0,3.0
"(498, 6)",1,36.0,1.0,3.0,9.5,4.0,0.818730753078,0.135335283237,4.0,2.0,18.0,3.0
"(500, 0)",1,20.0,0.5,2.0,8.5,5.0,0.818730753078,0.165298888222,4.0,2.0,10.0,0.0
"(500, 1)",1,20.0,1.5,2.0,9.5,5.0,0.201896517995,0.135335283237,4.0,2.0,10.0,0.0
"(500, 3)",1,40.0,0.5,2.0,8.5,5.0,0.818730753078,0.165298888222,4.0,2.0,20.0,0.0
"(500, 4)",1,40.0,1.0,2.0,9.0,5.0,0.201896517995,0.165298888222,4.0,2.0,20.0,0.0
"(501, 1)",1,20.0,1.5,2.0,6.5,5.0,0.367879441171,0.246596963942,2.0,2.0,20.0,0.0
"(501, 4)",1,20.0,1.0,2.0,6.0,5.0,0.818730753078,0.301194211912,2.0,2.0,20.0,0.0
"(501, 5)",1,10.0,3.0,2.0,8.0,5.0,0.818730753078,0.201896517995,2.0,2.0,10.0,0.0
"(501, 6)",1,10.0,1.0,2.0,6.0,5.0,0.818730753078,0.301194211912,2.0,2.0,10.0,0.0
"(502, 4)",1,20.0,1.0,2.0,7.5,5.0,0.818730753078,0.201896517995,2.0,2.0,20.0,0.0
"(502, 5)",1,10.0,3.0,2.0,9.5,5.0,0.246596963942,0.135335283237,2.0,2.0,10.0,0.0
"(502, 6)",1,10.0,1.0,2.0,7.5,5.0,0.818730753078,0.201896517995,2.0,2.0,10.0,0.0
"(505, 1)",1,15.0,1.5,3.0,3.5,5.0,0.818730753078,0.449328964117,2.0,2.0,15.0,3.0
"(505, 2)",1,15.0,4.0,3.0,6.0,5.0,0.670320046036,0.301194211912,2.0,2.0,15.0,3.0
"(505, 4)",1,15.0,1.0,3.0,3.0,5.0,0.818730753078,0.548811636094,2.0,2.0,15.0,3.0
"(505, 5)",1,15.0,3.0,3.0,5.0,5.0,0.818730753078,0.367879441171,2.0,2.0,15.0,3.0
"(512, 0)",1,5.0,0.5,1.0,4.5,5.0,0.818730753078,0.367879441171,8.0,4.0,0.0,0.0
"(512, 1)",1,0.0,1.5,1.0,5.5,5.0,0.449328964117,0.301194211912,4.0,4.0,5.0,0.0
"(512, 2)",1,5.0,4.0,1.0,8.0,5.0,0.449328964117,0.201896517995,8.0,4.0,5.0,0.0
"(512, 3)",1,5.0,0.5,1.0,4.5,5.0,0.818730753078,0.367879441171,8.0,4.0,5.0,0.0
"(512, 4)",1,0.0,1.0,1.0,5.0,5.0,0.818730753078,0.367879441171,4.0,4.0,10.0,0.0
"(513, 0)",1,10.0,0.5,1.0,8.5,5.0,0.818730753078,0.165298888222,4.0,2.0,5.0,0.0
"(513, 1)",1,10.0,1.5,1.0,9.5,5.0,0.201896517995,0.135335283237,4.0,2.0,5.0,0.0
"(513, 3)",1,20.0,0.5,1.0,8.5,5.0,0.818730753078,0.165298888222,4.0,2.0,10.0,0.0
"(513, 4)",1,20.0,1.0,1.0,9.0,5.0,0.818730753078,0.165298888222,4.0,2.0,10.0,0.0
"(514, 0)",1,10.0,0.5,2.0,4.5,5.0,0.818730753078,0.367879441171,8.0,4.0,0.0,0.0
"(514, 1)",1,0.0,1.5,2.0,5.5,5.0,0.818730753078,0.301194211912,4.0,4.0,10.0,0.0
"(514, 2)",1,10.0,4.0,2.0,8.0,5.0,0.449328964117,0.201896517995,8.0,4.0,10.0,0.0
"(514, 3)",1,10.0,0.5,2.0,4.5,5.0,0.818730753078,0.367879441171,8.0,4.0,10.0,0.0
"(514, 4)",1,0.0,1.0,2.0,5.0,5.0,0.818730753078,0.367879441171,4.0,4.0,20.0,0.0
"(515, 0)",1,20.0,0.5,2.0,8.5,5.0,0.201896517995,0.165298888222,4.0,2.0,10.0,0.0
"(515, 1)",1,20.0,1.5,2.0,9.5,5.0,0.818730753078,0.135335283237,4.0,2.0,10.0,0.0
"(515, 3)",1,40.0,0.5,2.0,8.5,5.0,0.818730753078,0.165298888222,4.0,2.0,20.0,0.0
"(515, 4)",1,40.0,1.0,2.0,9.0,5.0,0.818730753078,0.165298888222,4.0,2.0,20.0,0.0
"(520, 0)",1,15.0,0.5,3.0,7.5,4.0,0.246596963942,0.201896517995,8.0,4.0,7.5,0.0
"(520, 1)",1,15.0,1.5,3.0,8.5,4.0,0.246596963942,0.165298888222,8.0,4.0,7.5,0.0
"(520, 3)",1,21.0,0.5,3.0,7.5,4.0,0.818730753078,0.201896517995,8.0,4.0,10.5,3.0
"(520, 4)",1,21.0,1.0,3.0,8.0,4.0,0.818730753078,0.201896517995,8.0,4.0,10.5,3.0
"(520, 6)",1,21.0,1.0,3.0,8.0,4.0,0.246596963942,0.201896517995,8.0,4.0,10.5,3.0
"(524, 0)",1,10.0,0.5,1.0,9.0,5.0,0.165298888222,0.165298888222,4.0,2.0,5.0,0.0
"(524, 1)",1,10.0,1.5,1.0,10.0,5.0,0.818730753078,0.135335283237,4.0,2.0,5.0,0.0
"(524, 4)",1,20.0,1.0,1.0,9.5,5.0,0.165298888222,0.135335283237,4.0,2.0,10.0,0.0
"(526, 3)",1,54.0,0.5,3.0,9.5,1.0,0.818730753078,0.135335283237,4.0,2.0,27.0,3.0
"(526, 4)",1,54.0,1.0,3.0,10.0,1.0,0.165298888222,0.135335283237,4.0,2.0,27.0,3.0
"(526, 6)",1,54.0,1.0,3.0,10.0,1.0,0.165298888222,0.135335283237,4.0,2.0,27.0,3.0
"(529, 3)",1,33.0,0.5,3.0,6.5,2.0,0.301194211912,0.246596963942,6.33333333333,4.0,24.0,3.0
"(529, 4)",1,33.0,1.0,3.0,7.0,2.0,0.301194211912,0.246596963942,6.33333333333,4.0,24.0,3.0
"(529, 5)",1,0.0,3.0,3.0,9.0,2.0,0.301194211912,0.165298888222,3.0,4.0,0.0,0.0
"(529, 6)",1,33.0,1.0,3.0,7.0,2.0,0.301194211912,0.246596963942,5.33333333333,4.0,24.0,3.0
"(531, 0)",1,20.0,0.5,2.0,9.0,5.0,0.165298888222,0.165298888222,4.0,2.0,10.0,0.0
"(531, 1)",1,20.0,1.5,2.0,10.0,5.0,0.818730753078,0.135335283237,4.0,2.0,10.0,0.0
"(531, 4)",1,40.0,1.0,2.0,9.5,5.0,0.818730753078,0.135335283237,4.0,2.0,20.0,0.0
"(536, 4)",1,40.0,1.0,4.0,7.5,5.0,0.818730753078,0.201896517995,2.0,2.0,40.0,0.0
"(536, 5)",1,20.0,3.0,4.0,9.5,5.0,0.246596963942,0.135335283237,2.0,2.0,20.0,0.0
"(536, 6)",1,20.0,1.0,4.0,7.5,5.0,0.246596963942,0.201896517995,2.0,2.0,20.0,0.0
"(541, 0)",1,10.0,0.5,1.0,8.0,5.0,0.201896517995,0.201896517995,4.0,2.0,5.0,0.0
"(541, 1)",1,10.0,1.5,1.0,9.0,5.0,0.818730753078,0.165298888222,4.0,2.0,5.0,0.0
"(541, 4)",1,20.0,1.0,1.0,8.5,5.0,0.201896517995,0.165298888222,4.0,2.0,10.0,0.0
"(541, 6)",1,20.0,1.0,1.0,8.5,5.0,0.818730753078,0.165298888222,4.0,2.0,10.0,0.0
"(542, 0)",1,15.0,0.5,3.0,3.5,5.0,0.818730753078,0.449328964117,8.66666666667,5.5,3.75,0.0
"(542, 1)",1,0.0,1.5,3.0,4.5,5.0,0.818730753078,0.367879441171,4.33333333333,5.5,3.75,0.0
"(542, 2)",1,15.0,4.0,3.0,7.0,5.0,0.818730753078,0.246596963942,7.66666666667,7.0,7.5,0.0
"(542, 4)",1,0.0,1.0,3.0,4.0,5.0,0.818730753078,0.449328964117,6.0,5.5,3.75,3.0
"(542, 6)",1,0.0,1.0,3.0,4.0,5.0,0.548811636094,0.449328964117,6.0,5.5,3.75,3.0
"(544, 0)",1,40.0,0.5,4.0,3.5,5.0,0.818730753078,0.449328964117,2.0,2.0,40.0,0.0
"(544, 2)",1,40.0,4.0,4.0,7.0,5.0,0.818730753078,0.246596963942,2.0,2.0,40.0,0.0
"(544, 3)",1,40.0,0.5,4.0,3.5,5.0,0.548811636094,0.449328964117,2.0,2.0,40.0,0.0
"(544, 5)",1,20.0,3.0,4.0,6.0,5.0,0.818730753078,0.301194211912,2.0,2.0,20.0,0.0
"(544, 6)",1,20.0,1.0,4.0,4.0,5.0,0.818730753078,0.449328964117,2.0,2.0,20.0,0.0
"(545, 0)",1,40.0,0.5,4.0,3.0,5.0,0.818730753078,0.548811636094,2.0,2.0,40.0,0.0
"(545, 2)",1,40.0,4.0,4.0,7.5,5.0,0.818730753078,0.201896517995,2.0,2.0,40.0,0.0
"(545, 3)",1,40.0,0.5,4.0,3.0,5.0,0.548811636094,0.548811636094,2.0,2.0,40.0,0.0
"(545, 5)",1,20.0,3.0,4.0,6.5,5.0,0.818730753078,0.246596963942,2.0,2.0,20.0,0.0
"(545, 6)",1,20.0,1.0,4.0,4.5,5.0,0.449328964117,0.367879441171,2.0,2.0,20.0,0.0
"(551, 1)",1,30.0,1.5,3.0,6.5,5.0,0.818730753078,0.246596963942,2.0,2.0,30.0,0.0
"(551, 4)",1,30.0,1.0,3.0,6.0,5.0,0.818730753078,0.301194211912,2.0,2.0,30.0,0.0
"(551, 5)",1,15.0,3.0,3.0,8.0,5.0,0.818730753078,0.201896517995,2.0,2.0,15.0,0.0
"(551, 6)",1,15.0,1.0,3.0,6.0,5.0,0.367879441171,0.301194211912,2.0,2.0,15.0,0.0
"(555, 1)",1,50.0,1.5,5.0,3.5,5.0,0.818730753078,0.449328964117,2.0,2.0,50.0,0.0
"(555, 2)",1,50.0,4.0,5.0,6.0,5.0,0.670320046036,0.301194211912,2.0,2.0,50.0,0.0
"(555, 5)",1,25.0,3.0,5.0,5.0,5.0,0.818730753078,0.367879441171,2.0,2.0,25.0,0.0
"(555, 6)",1,25.0,1.0,5.0,3.0,5.0,0.818730753078,0.548811636094,2.0,2.0,25.0,0.0
"(556, 1)",1,50.0,1.5,5.0,7.5,5.0,0.301194211912,0.201896517995,2.0,2.0,50.0,0.0
"(556, 5)",1,25.0,3.0,5.0,9.0,5.0,0.301194211912,0.165298888222,2.0,2.0,25.0,0.0
"(556, 6)",1,25.0,1.0,5.0,7.0,5.0,0.301194211912,0.246596963942,2.0,2.0,25.0,0.0
"(557, 0)",1,10.0,0.5,2.0,4.5,5.0,0.818730753078,0.367879441171,8.0,4.0,0.0,0.0
"(557, 1)",1,0.0,1.5,2.0,5.5,5.0,0.449328964117,0.301194211912,4.0,4.0,10.0,0.0
"(557, 2)",1,10.0,4.0,2.0,8.0,5.0,0.818730753078,0.201896517995,8.0,4.0,10.0,0.0
"(557, 3)",1,10.0,0.5,2.0,4.5,5.0,0.818730753078,0.367879441171,8.0,4.0,10.0,0.0
"(557, 6)",1,0.0,1.0,2.0,5.0,5.0,0.818730753078,0.367879441171,4.0,4.0,20.0,0.0
"(560, 0)",1,15.0,0.5,3.0,7.5,5.0,0.246596963942,0.201896517995,8.0,4.0,7.5,0.0
"(560, 1)",1,15.0,1.5,3.0,8.5,5.0,0.246596963942,0.165298888222,8.0,4.0,7.5,0.0
"(560, 3)",1,15.0,0.5,3.0,7.5,5.0,0.818730753078,0.201896517995,8.0,4.0,7.5,3.0
"(560, 4)",1,15.0,1.0,3.0,8.0,5.0,0.818730753078,0.201896517995,8.0,4.0,7.5,3.0
"(560, 6)",1,15.0,1.0,3.0,8.0,5.0,0.818730753078,0.201896517995,8.0,4.0,7.5,3.0
"(561, 0)",1,0.0,0.5,3.0,8.0,5.0,0.818730753078,0.201896517995,4.0,2.0,0.0,0.0
"(561, 1)",1,0.0,1.5,3.0,9.0,5.0,0.818730753078,0.165298888222,4.0,2.0,0.0,0.0
"(561, 3)",1,30.0,0.5,3.0,8.0,5.0,0.201896517995,0.201896517995,4.0,2.0,15.0,3.0
"(561, 4)",1,30.0,1.0,3.0,8.5,5.0,0.818730753078,0.165298888222,4.0,2.0,15.0,3.0
"(561, 6)",1,30.0,1.0,3.0,8.5,5.0,0.201896517995,0.165298888222,4.0,2.0,15.0,3.0
"(564, 5)",1,25.0,3.0,5.0,10.5,5.0,0.201896517995,0.110803158362,2.0,2.0,25.0,0.0
"(564, 6)",1,25.0,1.0,5.0,8.5,5.0,0.201896517995,0.165298888222,2.0,2.0,25.0,0.0
"(565, 0)",1,0.0,0.5,2.0,5.0,5.0,0.367879441171,0.367879441171,4.0,2.0,0.0,0.0
"(565, 1)",1,20.0,1.5,2.0,6.0,5.0,0.367879441171,0.301194211912,4.0,2.0,10.0,0.0
"(565, 2)",1,20.0,4.0,2.0,8.5,5.0,0.367879441171,0.165298888222,4.0,2.0,10.0,0.0
"(565, 3)",1,20.0,0.5,2.0,5.0,5.0,0.367879441171,0.367879441171,4.0,2.0,10.0,0.0
"(565, 4)",1,40.0,1.0,2.0,5.5,5.0,0.818730753078,0.301194211912,4.0,2.0,20.0,0.0
"(566, 2)",1,50.0,4.0,5.0,6.5,5.0,0.818730753078,0.246596963942,2.0,2.0,50.0,0.0
"(566, 4)",1,50.0,1.0,5.0,3.5,5.0,0.818730753078,0.449328964117,2.0,2.0,50.0,0.0
"(566, 5)",1,25.0,3.0,5.0,5.5,5.0,0.548811636094,0.301194211912,2.0,2.0,25.0,0.0
"(566, 6)",1,25.0,1.0,5.0,3.5,5.0,0.818730753078,0.449328964117,2.0,2.0,25.0,0.0
"(568, 0)",1,10.0,0.5,2.0,5.5,5.0,0.367879441171,0.301194211912,8.0,4.0,0.0,0.0
"(568, 1)",1,0.0,1.5,2.0,6.5,5.0,0.818730753078,0.246596963942,4.0,4.0,10.0,0.0
"(568, 2)",1,10.0,4.0,2.0,9.0,5.0,0.818730753078,0.165298888222,8.0,4.0,10.0,0.0
"(568, 3)",1,10.0,0.5,2.0,5.5,5.0,0.367879441171,0.301194211912,8.0,4.0,10.0,0.0
"(570, 1)",1,0.0,1.5,3.0,9.0,2.0,0.818730753078,0.165298888222,4.0,2.0,0.0,0.0
"(570, 3)",1,48.0,0.5,3.0,8.0,2.0,0.201896517995,0.201896517995,4.0,2.0,24.0,3.0
"(570, 4)",1,48.0,1.0,3.0,8.5,2.0,0.818730753078,0.165298888222,4.0,2.0,24.0,3.0
"(570, 6)",1,48.0,1.0,3.0,8.5,2.0,0.201896517995,0.165298888222,4.0,2.0,24.0,3.0
"(571, 0)",1,20.0,0.5,4.0,4.5,5.0,0.449328964117,0.367879441171,8.0,4.0,0.0,0.0
"(571, 1)",1,0.0,1.5,4.0,5.5,5.0,0.818730753078,0.301194211912,4.0,4.0,20.0,0.0
"(571, 2)",1,20.0,4.0,4.0,8.0,5.0,0.818730753078,0.201896517995,8.0,4.0,20.0,0.0
"(571, 3)",1,20.0,0.5,4.0,4.5,5.0,0.449328964117,0.367879441171,8.0,4.0,20.0,0.0
"(571, 4)",1,0.0,1.0,4.0,5.0,5.0,0.818730753078,0.367879441171,4.0,4.0,40.0,0.0
"(572, 0)",1,0.0,0.5,4.0,5.0,5.0,0.367879441171,0.367879441171,4.0,2.0,0.0,0.0
"(572, 1)",1,40.0,1.5,4.0,6.0,5.0,0.818730753078,0.301194211912,4.0,2.0,20.0,0.0
"(572, 2)",1,40.0,4.0,4.0,8.5,5.0,0.367879441171,0.165298888222,4.0,2.0,20.0,0.0
"(572, 3)",1,40.0,0.5,4.0,5.0,5.0,0.818730753078,0.367879441171,4.0,2.0,20.0,0.0
"(572, 4)",1,80.0,1.0,4.0,5.5,5.0,0.367879441171,0.301194211912,4.0,2.0,40.0,0.0
"(574, 0)",1,10.0,0.5,1.0,6.5,5.0,0.301194211912,0.246596963942,2.0,2.0,10.0,0.0
"(574, 4)",1,10.0,1.0,1.0,7.0,5.0,0.818730753078,0.246596963942,2.0,2.0,10.0,0.0
"(574, 5)",1,5.0,3.0,1.0,9.0,5.0,0.818730753078,0.165298888222,2.0,2.0,5.0,0.0
"(574, 6)",1,5.0,1.0,1.0,7.0,5.0,0.818730753078,0.246596963942,2.0,2.0,5.0,0.0
"(578, 0)",1,15.0,0.5,3.0,2.5,5.0,0.818730753078,0.548811636094,8.0,4.0,0.0,0.0
"(578, 1)",1,0.0,1.5,3.0,3.5,5.0,0.818730753078,0.449328964117,4.0,4.0,15.0,0.0
"(578, 2)",1,15.0,4.0,3.0,6.0,5.0,0.818730753078,0.301194211912,8.0,4.0,15.0,0.0
"(578, 3)",1,15.0,0.5,3.0,2.5,5.0,0.818730753078,0.548811636094,8.0,4.0,15.0,0.0
"(578, 5)",1,0.0,3.0,3.0,5.0,5.0,0.670320046036,0.367879441171,4.0,4.0,30.0,0.0
"(579, 0)",1,15.0,0.5,3.0,5.5,5.0,0.818730753078,0.301194211912,8.0,4.0,0.0,0.0
"(579, 1)",1,0.0,1.5,3.0,6.5,5.0,0.818730753078,0.246596963942,4.0,4.0,15.0,0.0
"(579, 2)",1,15.0,4.0,3.0,9.0,5.0,0.818730753078,0.165298888222,8.0,4.0,15.0,0.0
"(579, 3)",1,15.0,0.5,3.0,5.5,5.0,0.367879441171,0.301194211912,8.0,4.0,15.0,0.0
"(580, 0)",1,0.0,0.5,3.0,1.5,5.0,0.818730753078,0.670320046036,2.0,2.0,0.0,0.0
"(580, 1)",1,15.0,1.5,3.0,3.5,5.0,0.670320046036,0.449328964117,2.0,2.0,15.0,3.0
"(580, 2)",1,15.0,4.0,3.0,6.0,5.0,0.818730753078,0.301194211912,2.0,2.0,15.0,3.0
"(580, 3)",1,0.0,0.5,3.0,1.5,5.0,0.818730753078,0.670320046036,2.0,2.0,0.0,0.0
"(580, 4)",1,15.0,1.0,3.0,3.0,5.0,0.818730753078,0.548811636094,2.0,2.0,15.0,3.0
"(580, 5)",1,15.0,3.0,3.0,5.0,5.0,0.818730753078,0.367879441171,2.0,2.0,15.0,3.0
"(585, 1)",1,40.0,1.5,4.0,6.5,5.0,0.818730753078,0.246596963942,2.0,2.0,40.0,0.0
"(585, 4)",1,40.0,1.0,4.0,6.0,5.0,0.818730753078,0.301194211912,2.0,2.0,40.0,0.0
"(585, 5)",1,20.0,3.0,4.0,8.0,5.0,0.367879441171,0.201896517995,2.0,2.0,20.0,0.0
"(585, 6)",1,20.0,1.0,4.0,6.0,5.0,0.818730753078,0.301194211912,2.0,2.0,20.0,0.0
"(587, 0)",1,30.0,0.5,3.0,7.0,5.0,0.246596963942,0.246596963942,4.0,2.0,15.0,0.0
"(587, 1)",1,30.0,1.5,3.0,8.0,5.0,0.246596963942,0.201896517995,4.0,2.0,15.0,0.0
"(587, 5)",1,60.0,3.0,3.0,9.5,5.0,0.818730753078,0.135335283237,4.0,2.0,30.0,0.0
"(590, 0)",1,20.0,0.5,4.0,4.5,5.0,0.818730753078,0.367879441171,8.0,4.0,0.0,0.0
"(590, 1)",1,0.0,1.5,4.0,5.5,5.0,0.818730753078,0.301194211912,4.0,4.0,20.0,0.0
"(590, 2)",1,20.0,4.0,4.0,8.0,5.0,0.818730753078,0.201896517995,8.0,4.0,20.0,0.0
"(590, 3)",1,20.0,0.5,4.0,4.5,5.0,0.449328964117,0.367879441171,8.0,4.0,20.0,0.0
"(590, 6)",1,0.0,1.0,4.0,5.0,5.0,0.818730753078,0.367879441171,4.0,4.0,40.0,0.0
"(591, 0)",1,40.0,0.5,4.0,5.0,5.0,0.818730753078,0.367879441171,4.0,2.0,20.0,0.0
"(591, 1)",1,40.0,1.5,4.0,6.0,5.0,0.818730753078,0.301194211912,4.0,2.0,20.0,0.0
"(591, 2)",1,80.0,4.0,4.0,8.5,5.0,0.367879441171,0.165298888222,4.0,2.0,40.0,0.0
"(591, 3)",1,80.0,0.5,4.0,5.0,5.0,0.818730753078,0.367879441171,4.0,2.0,40.0,0.0
"(591, 6)",1,80.0,1.0,4.0,5.5,5.0,0.818730753078,0.301194211912,4.0,2.0,40.0,0.0
"(592, 0)",1,40.0,0.5,4.0,9.0,5.0,0.818730753078,0.165298888222,4.0,2.0,20.0,0.0
"(592, 1)",1,40.0,1.5,4.0,10.0,5.0,0.818730753078,0.135335283237,4.0,2.0,20.0,0.0
"(592, 6)",1,80.0,1.0,4.0,9.5,5.0,0.165298888222,0.135335283237,4.0,2.0,40.0,0.0
"(593, 0)",1,40.0,0.5,4.0,10.0,5.0,0.818730753078,0.135335283237,4.0,2.0,20.0,0.0
"(593, 1)",1,40.0,1.5,4.0,11.0,5.0,0.135335283237,0.110803158362,4.0,2.0,20.0,0.0
"(598, 0)",1,40.0,0.5,4.0,9.0,5.0,0.818730753078,0.165298888222,4.0,2.0,20.0,0.0
"(598, 1)",1,40.0,1.5,4.0,10.0,5.0,0.818730753078,0.135335283237,4.0,2.0,20.0,0.0
"(598, 4)",1,80.0,1.0,4.0,9.5,5.0,0.165298888222,0.135335283237,4.0,2.0,40.0,0.0
"(600, 3)",1,30.0,0.5,3.0,9.5,5.0,0.165298888222,0.135335283237,4.0,2.0,15.0,3.0
"(600, 4)",1,30.0,1.0,3.0,10.0,5.0,0.165298888222,0.135335283237,4.0,2.0,15.0,3.0
"(600, 6)",1,30.0,1.0,3.0,10.0,5.0,0.165298888222,0.135335283237,4.0,2.0,15.0,3.0
"(603, 0)",1,40.0,0.5,4.0,6.0,5.0,0.301194211912,0.301194211912,4.0,2.0,20.0,0.0
"(603, 1)",1,40.0,1.5,4.0,7.0,5.0,0.301194211912,0.246596963942,4.0,2.0,20.0,0.0
"(603, 2)",1,80.0,4.0,4.0,9.5,5.0,0.301194211912,0.135335283237,4.0,2.0,40.0,0.0
"(603, 3)",1,80.0,0.5,4.0,6.0,5.0,0.301194211912,0.301194211912,4.0,2.0,40.0,0.0
"(605, 0)",1,20.0,0.5,4.0,5.5,5.0,0.367879441171,0.301194211912,8.0,4.0,0.0,0.0
"(605, 1)",1,0.0,1.5,4.0,6.5,5.0,0.818730753078,0.246596963942,4.0,4.0,20.0,0.0
"(605, 2)",1,20.0,4.0,4.0,9.0,5.0,0.818730753078,0.165298888222,8.0,4.0,20.0,0.0
"(605, 3)",1,20.0,0.5,4.0,5.5,5.0,0.367879441171,0.301194211912,8.0,4.0,20.0,0.0
"(614, 1)",1,30.0,1.5,3.0,6.5,5.0,0.818730753078,0.246596963942,2.0,2.0,30.0,0.0
"(614, 4)",1,30.0,1.0,3.0,6.0,5.0,0.818730753078,0.301194211912,2.0,2.0,30.0,0.0
"(614, 5)",1,15.0,3.0,3.0,8.0,5.0,0.367879441171,0.201896517995,2.0,2.0,15.0,0.0
"(614, 6)",1,15.0,1.0,3.0,6.0,5.0,0.818730753078,0.301194211912,2.0,2.0,15.0,0.0
"(615, 1)",1,0.0,1.5,3.0,5.0,5.0,0.818730753078,0.367879441171,3.66666666667,4.0,0.0,0.0
"(615, 2)",1,0.0,4.0,3.0,7.5,5.0,0.818730753078,0.201896517995,3.66666666667,4.0,0.0,0.0
"(615, 3)",1,30.0,0.5,3.0,4.0,5.0,0.818730753078,0.449328964117,6.0,4.0,15.0,3.0
"(615, 4)",1,30.0,1.0,3.0,4.5,5.0,0.449328964117,0.367879441171,5.0,4.0,15.0,3.0
"(615, 6)",1,30.0,1.0,3.0,4.5,5.0,0.818730753078,0.367879441171,5.0,4.0,15.0,3.0
"(616, 2)",1,50.0,4.0,5.0,7.0,5.0,0.818730753078,0.246596963942,2.0,2.0,50.0,0.0
"(616, 3)",1,50.0,0.5,5.0,3.5,5.0,0.818730753078,0.449328964117,2.0,2.0,50.0,0.0
"(616, 5)",1,25.0,3.0,5.0,6.0,5.0,0.818730753078,0.301194211912,2.0,2.0,25.0,0.0
"(616, 6)",1,25.0,1.0,5.0,4.0,5.0,0.548811636094,0.449328964117,2.0,2.0,25.0,0.0
"(620, 0)",1,0.0,0.5,3.0,9.0,5.0,0.818730753078,0.165298888222,4.0,2.0,0.0,0.0
"(620, 3)",1,30.0,0.5,3.0,9.0,5.0,0.818730753078,0.165298888222,4.0,2.0,15.0,3.0
"(620, 4)",1,30.0,1.0,3.0,9.5,5.0,0.165298888222,0.135335283237,4.0,2.0,15.0,3.0
"(620, 6)",1,30.0,1.0,3.0,9.5,5.0,0.818730753078,0.135335283237,4.0,2.0,15.0,3.0
"(621, 2)",1,50.0,4.0,5.0,7.5,5.0,0.818730753078,0.201896517995,2.0,2.0,50.0,0.0
"(621, 5)",1,25.0,3.0,5.0,6.5,5.0,0.818730753078,0.246596963942,2.0,2.0,25.0,0.0
"(621, 6)",1,25.0,1.0,5.0,4.5,5.0,0.449328964117,0.367879441171,2.0,2.0,25.0,0.0
"(628, 0)",1,30.0,0.5,3.0,9.5,5.0,0.165298888222,0.135335283237,4.0,2.0,15.0,0.0
"(628, 1)",1,30.0,1.5,3.0,10.5,5.0,0.818730753078,0.110803158362,4.0,2.0,15.0,0.0
"(628, 3)",1,60.0,0.5,3.0,9.5,5.0,0.818730753078,0.135335283237,4.0,2.0,30.0,0.0
"(629, 1)",1,40.0,1.5,4.0,7.5,5.0,0.301194211912,0.201896517995,2.0,2.0,40.0,0.0
"(629, 5)",1,20.0,3.0,4.0,9.0,5.0,0.818730753078,0.165298888222,2.0,2.0,20.0,0.0
"(629, 6)",1,20.0,1.0,4.0,7.0,5.0,0.818730753078,0.246596963942,2.0,2.0,20.0,0.0
"(630, 5)",1,20.0,3.0,4.0,10.5,5.0,0.818730753078,0.110803158362,2.0,2.0,20.0,0.0
"(630, 6)",1,20.0,1.0,4.0,8.5,5.0,0.201896517995,0.165298888222,2.0,2.0,20.0,0.0
"(633, 2)",1,50.0,4.0,5.0,6.5,5.0,0.818730753078,0.246596963942,2.0,2.0,50.0,0.0
"(633, 4)",1,50.0,1.0,5.0,3.5,5.0,0.818730753078,0.449328964117,2.0,2.0,50.0,0.0
"(633, 5)",1,25.0,3.0,5.0,5.5,5.0,0.548811636094,0.301194211912,2.0,2.0,25.0,0.0
"(633, 6)",1,25.0,1.0,5.0,3.5,5.0,0.818730753078,0.449328964117,2.0,2.0,25.0,0.0
"(635, 0)",1,40.0,0.5,4.0,9.5,5.0,0.165298888222,0.135335283237,4.0,2.0,20.0,0.0
"(635, 1)",1,40.0,1.5,4.0,10.5,5.0,0.165298888222,0.110803158362,4.0,2.0,20.0,0.0
"(635, 3)",1,80.0,0.5,4.0,9.5,5.0,0.165298888222,0.135335283237,4.0,2.0,40.0,0.0
"(641, 0)",1,40.0,0.5,4.0,8.5,5.0,0.201896517995,0.165298888222,4.0,2.0,20.0,0.0
"(641, 1)",1,40.0,1.5,4.0,9.5,5.0,0.201896517995,0.135335283237,4.0,2.0,20.0,0.0
"(641, 3)",1,80.0,0.5,4.0,8.5,5.0,0.201896517995,0.165298888222,4.0,2.0,40.0,0.0
"(641, 6)",1,80.0,1.0,4.0,9.0,5.0,0.818730753078,0.165298888222,4.0,2.0,40.0,0.0
"(643, 2)",1,20.0,4.0,2.0,6.5,5.0,0.818730753078,0.246596963942,2.0,2.0,20.0,0.0
"(643, 4)",1,20.0,1.0,2.0,3.5,5.0,0.818730753078,0.449328964117,2.0,2.0,20.0,0.0
"(643, 5)",1,10.0,3.0,2.0,5.5,5.0,0.818730753078,0.301194211912,2.0,2.0,10.0,0.0
"(643, 6)",1,10.0,1.0,2.0,3.5,5.0,0.548811636094,0.449328964117,2.0,2.0,10.0,0.0
"(644, 0)",1,7.5,0.5,3.0,5.0,5.0,0.818730753078,0.367879441171,7.5,4.0,0.0,0.0
"(644, 2)",1,7.5,4.0,3.0,8.5,5.0,0.367879441171,0.165298888222,7.5,4.0,0.0,0.0
"(644, 4)",1,7.5,1.0,3.0,5.5,5.0,0.818730753078,0.301194211912,5.0,4.0,15.0,3.0
"(644, 6)",1,7.5,1.0,3.0,5.5,5.0,0.818730753078,0.301194211912,5.0,4.0,15.0,3.0
"(646, 3)",1,39.0,0.5,3.0,6.5,1.0,0.818730753078,0.246596963942,6.33333333333,4.0,27.0,3.0
"(646, 4)",1,39.0,1.0,3.0,7.0,1.0,0.301194211912,0.246596963942,6.33333333333,4.0,27.0,3.0
"(646, 5)",1,0.0,3.0,3.0,9.0,1.0,0.818730753078,0.165298888222,3.0,4.0,0.0,0.0
"(646, 6)",1,39.0,1.0,3.0,7.0,1.0,0.818730753078,0.246596963942,5.33333333333,4.0,27.0,3.0
"(650, 4)",1,50.0,1.0,5.0,7.5,5.0,0.246596963942,0.201896517995,2.0,2.0,50.0,0.0
"(650, 5)",1,25.0,3.0,5.0,9.5,5.0,0.818730753078,0.135335283237,2.0,2.0,25.0,0.0
"(650, 6)",1,25.0,1.0,5.0,7.5,5.0,0.246596963942,0.201896517995,2.0,2.0,25.0,0.0
"(651, 4)",1,40.0,1.0,4.0,7.5,5.0,0.818730753078,0.201896517995,2.0,2.0,40.0,0.0
"(651, 5)",1,20.0,3.0,4.0,9.5,5.0,0.246596963942,0.135335283237,2.0,2.0,20.0,0.0
"(651, 6)",1,20.0,1.0,4.0,7.5,5.0,0.818730753078,0.201896517995,2.0,2.0,20.0,0.0
"(656, 2)",1,50.0,4.0,5.0,7.5,5.0,0.818730753078,0.201896517995,2.0,2.0,50.0,0.0
"(656, 5)",1,25.0,3.0,5.0,6.5,5.0,0.449328964117,0.246596963942,2.0,2.0,25.0,0.0
"(656, 6)",1,25.0,1.0,5.0,4.5,5.0,0.449328964117,0.367879441171,2.0,2.0,25.0,0.0
"(658, 4)",1,30.0,1.0,3.0,7.5,5.0,0.818730753078,0.201896517995,2.0,2.0,30.0,0.0
"(658, 5)",1,15.0,3.0,3.0,9.5,5.0,0.246596963942,0.135335283237,2.0,2.0,15.0,0.0
"(658, 6)",1,15.0,1.0,3.0,7.5,5.0,0.818730753078,0.201896517995,2.0,2.0,15.0,0.0
"(660, 1)",1,50.0,1.5,5.0,6.5,5.0,0.818730753078,0.246596963942,2.0,2.0,50.0,0.0
"(660, 4)",1,50.0,1.0,5.0,6.0,5.0,0.367879441171,0.301194211912,2.0,2.0,50.0,0.0
"(660, 5)",1,25.0,3.0,5.0,8.0,5.0,0.818730753078,0.201896517995,2.0,2.0,25.0,0.0
"(660, 6)",1,25.0,1.0,5.0,6.0,5.0,0.818730753078,0.301194211912,2.0,2.0,25.0,0.0
"(663, 2)",1,0.0,4.0,3.0,9.0,5.0,0.367879441171,0.165298888222,4.0,2.0,0.0,0.0
"(663, 3)",1,30.0,0.5,3.0,5.5,5.0,0.818730753078,0.301194211912,4.0,2.0,15.0,3.0
"(663, 4)",1,30.0,1.0,3.0,6.0,5.0,0.818730753078,0.301194211912,4.0,2.0,15.0,3.0
"(663, 6)",1,30.0,1.0,3.0,6.0,5.0,0.367879441171,0.301194211912,4.0,2.0,15.0,3.0
"(666, 0)",1,30.0,0.5,3.0,6.5,5.0,0.301194211912,0.246596963942,4.0,2.0,15.0,0.0
"(666, 1)",1,30.0,1.5,3.0,7.5,5.0,0.818730753078,0.201896517995,4.0,2.0,15.0,0.0
"(666, 3)",1,60.0,0.5,3.0,6.5,5.0,0.818730753078,0.246596963942,4.0,2.0,30.0,0.0
"(666, 5)",1,60.0,3.0,3.0,9.0,5.0,0.818730753078,0.165298888222,4.0,2.0,30.0,0.0
"(669, 0)",1,0.0,0.5,5.0,5.0,5.0,0.367879441171,0.367879441171,4.0,2.0,0.0,0.0
"(669, 1)",1,50.0,1.5,5.0,6.0,5.0,0.818730753078,0.301194211912,4.0,2.0,25.0,0.0
"(669, 2)",1,50.0,4.0,5.0,8.5,5.0,0.367879441171,0.165298888222,4.0,2.0,25.0,0.0
"(669, 3)",1,50.0,0.5,5.0,5.0,5.0,0.818730753078,0.367879441171,4.0,2.0,25.0,0.0
"(669, 4)",1,100.0,1.0,5.0,5.5,5.0,0.818730753078,0.301194211912,4.0,2.0,50.0,0.0
"(670, 2)",1,40.0,4.0,4.0,6.5,5.0,0.818730753078,0.246596963942,2.0,2.0,40.0,0.0
"(670, 4)",1,40.0,1.0,4.0,3.5,5.0,0.548811636094,0.449328964117,2.0,2.0,40.0,0.0
"(670, 5)",1,20.0,3.0,4.0,5.5,5.0,0.818730753078,0.301194211912,2.0,2.0,20.0,0.0
"(670, 6)",1,20.0,1.0,4.0,3.5,5.0,0.818730753078,0.449328964117,2.0,2.0,20.0,0.0
"(672, 1)",1,40.0,1.5,4.0,6.5,5.0,0.367879441171,0.246596963942,2.0,2.0,40.0,0.0
"(672, 4)",1,40.0,1.0,4.0,6.0,5.0,0.818730753078,0.301194211912,2.0,2.0,40.0,0.0
"(672, 5)",1,20.0,3.0,4.0,8.0,5.0,0.818730753078,0.201896517995,2.0,2.0,20.0,0.0
"(672, 6)",1,20.0,1.0,4.0,6.0,5.0,0.818730753078,0.301194211912,2.0,2.0,20.0,0.0
"(674, 2)",1,0.0,4.0,3.0,9.0,1.0,0.367879441171,0.165298888222,4.0,2.0,0.0,0.0
"(674, 3)",1,54.0,0.5,3.0,5.5,1.0,0.818730753078,0.301194211912,4.0,2.0,27.0,3.0
"(674, 4)",1,54.0,1.0,3.0,6.0,1.0,0.367879441171,0.301194211912,4.0,2.0,27.0,3.0
"(674, 6)",1,54.0,1.0,3.0,6.0,1.0,0.818730753078,0.301194211912,4.0,2.0,27.0,3.0
"(680, 0)",1,0.0,0.5,5.0,6.0,5.0,0.301194211912,0.301194211912,4.0,2.0,0.0,0.0
"(680, 1)",1,50.0,1.5,5.0,7.0,5.0,0.301194211912,0.246596963942,4.0,2.0,25.0,0.0
"(680, 2)",1,50.0,4.0,5.0,9.5,5.0,0.301194211912,0.135335283237,4.0,2.0,25.0,0.0
"(680, 3)",1,50.0,0.5,5.0,6.0,5.0,0.818730753078,0.301194211912,4.0,2.0,25.0,0.0
"(690, 0)",1,40.0,0.5,4.0,8.5,5.0,0.818730753078,0.165298888222,4.0,2.0,20.0,0.0
"(690, 1)",1,40.0,1.5,4.0,9.5,5.0,0.818730753078,0.135335283237,4.0,2.0,20.0,0.0
"(690, 3)",1,80.0,0.5,4.0,8.5,5.0,0.201896517995,0.165298888222,4.0,2.0,40.0,0.0
"(690, 4)",1,80.0,1.0,4.0,9.0,5.0,0.818730753078,0.165298888222,4.0,2.0,40.0,0.0
"(698, 0)",1,1.5,0.5,3.0,2.0,4.0,0.818730753078,0.670320046036,8.0,5.5,0.0,0.0
"(698, 2)",1,1.5,4.0,3.0,5.5,4.0,0.818730753078,0.301194211912,8.0,5.5,0.0,0.0
"(698, 4)",1,16.5,1.0,3.0,2.5,4.0,0.818730753078,0.548811636094,8.33333333333,7.0,18.0,3.0
"(698, 5)",1,0.0,3.0,3.0,4.5,4.0,0.670320046036,0.367879441171,3.5,5.5,0.0,0.0
"(698, 6)",1,16.5,1.0,3.0,2.5,4.0,0.818730753078,0.548811636094,6.83333333333,5.5,18.0,3.0
"(700, 0)",1,40.0,0.5,4.0,8.0,5.0,0.201896517995,0.201896517995,4.0,2.0,20.0,0.0
"(700, 1)",1,40.0,1.5,4.0,9.0,5.0,0.818730753078,0.165298888222,4.0,2.0,20.0,0.0
"(700, 4)",1,80.0,1.0,4.0,8.5,5.0,0.818730753078,0.165298888222,4.0,2.0,40.0,0.0
"(700, 6)",1,80.0,1.0,4.0,8.5,5.0,0.818730753078,0.165298888222,4.0,2.0,40.0,0.0
"(710, 1)",1,50.0,1.5,5.0,4.0,5.0,0.818730753078,0.449328964117,4.0,2.0,25.0,0.0
"(710, 2)",1,50.0,4.0,5.0,6.5,5.0,0.818730753078,0.246596963942,4.0,2.0,25.0,0.0
"(710, 3)",1,50.0,0.5,5.0,3.0,5.0,0.818730753078,0.548811636094,4.0,2.0,25.0,0.0
"(710, 5)",1,100.0,3.0,5.0,5.5,5.0,0.548811636094,0.301194211912,4.0,2.0,50.0,0.0
"(711, 0)",1,0.0,0.5,5.0,6.0,5.0,0.301194211912,0.301194211912,4.0,2.0,0.0,0.0
"(711, 1)",1,50.0,1.5,5.0,7.0,5.0,0.301194211912,0.246596963942,4.0,2.0,25.0,0.0
"(711, 2)",1,50.0,4.0,5.0,9.5,5.0,0.818730753078,0.135335283237,4.0,2.0,25.0,0.0
"(711, 3)",1,50.0,0.5,5.0,6.0,5.0,0.301194211912,0.301194211912,4.0,2.0,25.0,0.0
"(714, 2)",1,10.0,4.0,1.0,6.5,5.0,0.548811636094,0.246596963942,2.0,2.0,10.0,0.0
"(714, 4)",1,10.0,1.0,1.0,3.5,5.0,0.548811636094,0.449328964117,2.0,2.0,10.0,0.0
"(714, 5)",1,5.0,3.0,1.0,5.5,5.0,0.818730753078,0.301194211912,2.0,2.0,5.0,0.0
"(714, 6)",1,5.0,1.0,1.0,3.5,5.0,0.818730753078,0.449328964117,2.0,2.0,5.0,0.0
"(716, 0)",1,0.0,0.5,3.0,6.0,4.0,0.818730753078,0.301194211912,4.0,4.0,0.0,0.0
"(716, 3)",1,21.0,0.5,3.0,6.0,4.0,0.301194211912,0.301194211912,6.33333333333,4.0,18.0,3.0
"(716, 4)",1,21.0,1.0,3.0,6.5,4.0,0.818730753078,0.246596963942,6.33333333333,4.0,18.0,3.0
"(716, 5)",1,0.0,3.0,3.0,8.5,4.0,0.818730753078,0.165298888222,3.0,4.0,0.0,0.0
"(716, 6)",1,21.0,1.0,3.0,6.5,4.0,0.818730753078,0.246596963942,5.33333333333,4.0,18.0,3.0
"(717, 0)",1,0.0,0.5,4.0,3.0,5.0,0.818730753078,0.548811636094,4.0,2.0,0.0,0.0
"(717, 1)",1,40.0,1.5,4.0,4.0,5.0,0.548811636094,0.449328964117,4.0,2.0,20.0,0.0
"(717, 2)",1,40.0,4.0,4.0,6.5,5.0,0.818730753078,0.246596963942,4.0,2.0,20.0,0.0
"(717, 3)",1,40.0,0.5,4.0,3.0,5.0,0.548811636094,0.548811636094,4.0,2.0,20.0,0.0
"(717, 5)",1,80.0,3.0,4.0,5.5,5.0,0.818730753078,0.301194211912,4.0,2.0,40.0,0.0
"(721, 0)",1,25.0,0.5,5.0,4.5,5.0,0.818730753078,0.367879441171,8.0,4.0,0.0,0.0
"(721, 1)",1,0.0,1.5,5.0,5.5,5.0,0.449328964117,0.301194211912,4.0,4.0,25.0,0.0
"(721, 2)",1,25.0,4.0,5.0,8.0,5.0,0.818730753078,0.201896517995,8.0,4.0,25.0,0.0
"(721, 3)",1,25.0,0.5,5.0,4.5,5.0,0.818730753078,0.367879441171,8.0,4.0,25.0,0.0
"(721, 4)",1,0.0,1.0,5.0,5.0,5.0,0.818730753078,0.367879441171,4.0,4.0,50.0,0.0
"(722, 1)",1,40.0,1.5,4.0,3.5,5.0,0.670320046036,0.449328964117,2.0,2.0,40.0,0.0
"(722, 2)",1,40.0,4.0,4.0,6.0,5.0,0.818730753078,0.301194211912,2.0,2.0,40.0,0.0
"(722, 5)",1,20.0,3.0,4.0,5.0,5.0,0.818730753078,0.367879441171,2.0,2.0,20.0,0.0
"(722, 6)",1,20.0,1.0,4.0,3.0,5.0,0.670320046036,0.548811636094,2.0,2.0,20.0,0.0
"(724, 2)",1,30.0,4.0,3.0,6.5,5.0,0.818730753078,0.246596963942,2.0,2.0,30.0,0.0
"(724, 4)",1,30.0,1.0,3.0,3.5,5.0,0.818730753078,0.449328964117,2.0,2.0,30.0,0.0
"(724, 5)",1,15.0,3.0,3.0,5.5,5.0,0.818730753078,0.301194211912,2.0,2.0,15.0,0.0
"(724, 6)",1,15.0,1.0,3.0,3.5,5.0,0.548811636094,0.449328964117,2.0,2.0,15.0,0.0
"(725, 1)",1,0.0,1.5,3.0,6.0,2.0,0.367879441171,0.301194211912,4.0,4.0,0.0,0.0
"(725, 3)",1,33.0,0.5,3.0,5.0,2.0,0.818730753078,0.367879441171,6.33333333333,4.0,24.0,3.0
"(725, 4)",1,33.0,1.0,3.0,5.5,2.0,0.367879441171,0.301194211912,6.33333333333,4.0,24.0,3.0
"(725, 5)",1,0.0,3.0,3.0,7.5,2.0,0.818730753078,0.201896517995,3.0,4.0,0.0,0.0
"(725, 6)",1,33.0,1.0,3.0,5.5,2.0,0.818730753078,0.301194211912,5.33333333333,4.0,24.0,3.0
"(730, 0)",1,50.0,0.5,5.0,10.0,5.0,0.135335283237,0.135335283237,4.0,2.0,25.0,0.0
"(730, 1)",1,50.0,1.5,5.0,11.0,5.0,0.818730753078,0.110803158362,4.0,2.0,25.0,0.0
"(735, 0)",1,0.0,0.5,4.0,5.0,5.0,0.367879441171,0.367879441171,4.0,2.0,0.0,0.0
"(735, 1)",1,40.0,1.5,4.0,6.0,5.0,0.818730753078,0.301194211912,4.0,2.0,20.0,0.0
"(735, 2)",1,40.0,4.0,4.0,8.5,5.0,0.818730753078,0.165298888222,4.0,2.0,20.0,0.0
"(735, 3)",1,40.0,0.5,4.0,5.0,5.0,0.367879441171,0.367879441171,4.0,2.0,20.0,0.0
"(735, 4)",1,80.0,1.0,4.0,5.5,5.0,0.818730753078,0.301194211912,4.0,2.0,40.0,0.0
"(739, 0)",1,0.0,0.5,5.0,5.0,5.0,0.818730753078,0.367879441171,4.0,2.0,0.0,0.0
"(739, 1)",1,50.0,1.5,5.0,6.0,5.0,0.818730753078,0.301194211912,4.0,2.0,25.0,0.0
"(739, 2)",1,50.0,4.0,5.0,8.5,5.0,0.818730753078,0.165298888222,4.0,2.0,25.0,0.0
"(739, 3)",1,50.0,0.5,5.0,5.0,5.0,0.818730753078,0.367879441171,4.0,2.0,25.0,0.0
"(739, 4)",1,100.0,1.0,5.0,5.5,5.0,0.367879441171,0.301194211912,4.0,2.0,50.0,0.0
"(743, 0)",1,0.0,0.5,4.0,6.0,5.0,0.818730753078,0.301194211912,4.0,2.0,0.0,0.0
"(743, 1)",1,40.0,1.5,4.0,7.0,5.0,0.301194211912,0.246596963942,4.0,2.0,20.0,0.0
"(743, 2)",1,40.0,4.0,4.0,9.5,5.0,0.818730753078,0.135335283237,4.0,2.0,20.0,0.0
"(743, 3)",1,40.0,0.5,4.0,6.0,5.0,0.818730753078,0.301194211912,4.0,2.0,20.0,0.0
"(745, 0)",1,50.0,0.5,5.0,8.5,5.0,0.201896517995,0.165298888222,4.0,2.0,25.0,0.0
"(745, 1)",1,50.0,1.5,5.0,9.5,5.0,0.818730753078,0.135335283237,4.0,2.0,25.0,0.0
"(745, 3)",1,100.0,0.5,5.0,8.5,5.0,0.201896517995,0.165298888222,4.0,2.0,50.0,0.0
"(745, 4)",1,100.0,1.0,5.0,9.0,5.0,0.818730753078,0.165298888222,4.0,2.0,50.0,0.0
"(751, 0)",1,25.0,0.5,5.0,5.5,5.0,0.367879441171,0.301194211912,8.0,4.0,0.0,0.0
"(751, 1)",1,0.0,1.5,5.0,6.5,5.0,0.818730753078,0.246596963942,4.0,4.0,25.0,0.0
"(751, 2)",1,25.0,4.0,5.0,9.0,5.0,0.818730753078,0.165298888222,8.0,4.0,25.0,0.0
"(751, 3)",1,25.0,0.5,5.0,5.5,5.0,0.367879441171,0.301194211912,8.0,4.0,25.0,0.0
"(755, 1)",1,10.5,1.5,3.0,2.5,4.0,0.818730753078,0.548811636094,4.0,4.0,18.0,3.0
"(755, 2)",1,10.5,4.0,3.0,5.0,4.0,0.818730753078,0.367879441171,4.0,4.0,18.0,3.0
"(755, 4)",1,10.5,1.0,3.0,2.0,4.0,0.818730753078,0.670320046036,4.0,4.0,18.0,3.0
"(755, 5)",1,3.0,3.0,3.0,4.0,4.0,0.818730753078,0.449328964117,2.0,4.0,18.0,3.0
"(755, 6)",1,7.5,1.0,3.0,2.0,4.0,0.818730753078,0.670320046036,4.0,4.0,0.0,0.0
"(756, 0)",1,50.0,0.5,5.0,9.0,5.0,0.165298888222,0.165298888222,4.0,2.0,25.0,0.0
"(756, 1)",1,50.0,1.5,5.0,10.0,5.0,0.818730753078,0.135335283237,4.0,2.0,25.0,0.0
"(756, 4)",1,100.0,1.0,5.0,9.5,5.0,0.165298888222,0.135335283237,4.0,2.0,50.0,0.0
"(758, 0)",1,15.0,0.5,3.0,3.5,1.0,0.818730753078,0.449328964117,8.66666666667,5.5,3.75,0.0
"(758, 1)",1,0.0,1.5,3.0,4.5,1.0,0.818730753078,0.367879441171,4.33333333333,5.5,3.75,0.0
"(758, 2)",1,15.0,4.0,3.0,7.0,1.0,0.818730753078,0.246596963942,7.66666666667,7.0,7.5,0.0
"(758, 4)",1,12.0,1.0,3.0,4.0,1.0,0.818730753078,0.449328964117,6.0,5.5,15.75,3.0
"(758, 6)",1,12.0,1.0,3.0,4.0,1.0,0.548811636094,0.449328964117,6.0,5.5,15.75,3.0
"(759, 0)",1,13.5,0.5,3.0,5.0,1.0,0.818730753078,0.367879441171,7.5,4.0,0.0,0.0
"(759, 2)",1,13.5,4.0,3.0,8.5,1.0,0.818730753078,0.165298888222,7.5,4.0,0.0,0.0
"(759, 4)",1,13.5,1.0,3.0,5.5,1.0,0.818730753078,0.301194211912,5.0,4.0,27.0,3.0
"(759, 6)",1,13.5,1.0,3.0,5.5,1.0,0.367879441171,0.301194211912,5.0,4.0,27.0,3.0
"(763, 0)",1,50.0,0.5,5.0,9.5,5.0,0.165298888222,0.135335283237,4.0,2.0,25.0,0.0
"(763, 1)",1,50.0,1.5,5.0,10.5,5.0,0.818730753078,0.110803158362,4.0,2.0,25.0,0.0
"(763, 3)",1,100.0,0.5,5.0,9.5,5.0,0.165298888222,0.135335283237,4.0,2.0,50.0,0.0
"(765, 2)",1,40.0,4.0,4.0,7.5,5.0,0.818730753078,0.201896517995,2.0,2.0,40.0,0.0
"(765, 5)",1,20.0,3.0,4.0,6.5,5.0,0.449328964117,0.246596963942,2.0,2.0,20.0,0.0
"(765, 6)",1,20.0,1.0,4.0,4.5,5.0,0.818730753078,0.367879441171,2.0,2.0,20.0,0.0
"(769, 0)",1,0.0,0.5,3.0,9.0,1.0,0.818730753078,0.165298888222,4.0,2.0,0.0,0.0
"(769, 3)",1,54.0,0.5,3.0,9.0,1.0,0.818730753078,0.165298888222,4.0,2.0,27.0,3.0
"(769, 4)",1,54.0,1.0,3.0,9.5,1.0,0.818730753078,0.135335283237,4.0,2.0,27.0,3.0
"(769, 6)",1,54.0,1.0,3.0,9.5,1.0,0.165298888222,0.135335283237,4.0,2.0,27.0,3.0
"(770, 0)",1,50.0,0.5,5.0,8.0,5.0,0.818730753078,0.201896517995,4.0,2.0,25.0,0.0
"(770, 1)",1,50.0,1.5,5.0,9.0,5.0,0.818730753078,0.165298888222,4.0,2.0,25.0,0.0
"(770, 4)",1,100.0,1.0,5.0,8.5,5.0,0.818730753078,0.165298888222,4.0,2.0,50.0,0.0
"(770, 6)",1,100.0,1.0,5.0,8.5,5.0,0.201896517995,0.165298888222,4.0,2.0,50.0,0.0
"(771, 0)",1,15.0,0.5,3.0,4.5,5.0,0.818730753078,0.367879441171,8.0,4.0,0.0,0.0
"(771, 1)",1,0.0,1.5,3.0,5.5,5.0,0.818730753078,0.301194211912,4.0,4.0,15.0,0.0
"(771, 2)",1,15.0,4.0,3.0,8.0,5.0,0.449328964117,0.201896517995,8.0,4.0,15.0,0.0
"(771, 3)",1,15.0,0.5,3.0,4.5,5.0,0.818730753078,0.367879441171,8.0,4.0,15.0,0.0
"(771, 4)",1,0.0,1.0,3.0,5.0,5.0,0.818730753078,0.367879441171,4.0,4.0,30.0,0.0
"(772, 0)",1,30.0,0.5,3.0,8.5,5.0,0.201896517995,0.165298888222,4.0,2.0,15.0,0.0
"(772, 1)",1,30.0,1.5,3.0,9.5,5.0,0.818730753078,0.135335283237,4.0,2.0,15.0,0.0
"(772, 3)",1,60.0,0.5,3.0,8.5,5.0,0.201896517995,0.165298888222,4.0,2.0,30.0,0.0
"(772, 4)",1,60.0,1.0,3.0,9.0,5.0,0.818730753078,0.165298888222,4.0,2.0,30.0,0.0
"(779, 0)",1,50.0,0.5,5.0,9.0,5.0,0.818730753078,0.165298888222,4.0,2.0,25.0,0.0
"(779, 1)",1,50.0,1.5,5.0,10.0,5.0,0.165298888222,0.135335283237,4.0,2.0,25.0,0.0
"(779, 6)",1,100.0,1.0,5.0,9.5,5.0,0.165298888222,0.135335283237,4.0,2.0,50.0,0.0
"(780, 1)",1,50.0,1.5,5.0,6.5,5.0,0.367879441171,0.246596963942,2.0,2.0,50.0,0.0
"(780, 4)",1,50.0,1.0,5.0,6.0,5.0,0.818730753078,0.301194211912,2.0,2.0,50.0,0.0
"(780, 5)",1,25.0,3.0,5.0,8.0,5.0,0.818730753078,0.201896517995,2.0,2.0,25.0,0.0
"(780, 6)",1,25.0,1.0,5.0,6.0,5.0,0.818730753078,0.301194211912,2.0,2.0,25.0,0.0
"(787, 0)",1,0.0,0.5,5.0,5.0,5.0,0.818730753078,0.367879441171,4.0,2.0,0.0,0.0
"(787, 1)",1,50.0,1.5,5.0,6.0,5.0,0.367879441171,0.301194211912,4.0,2.0,25.0,0.0
"(787, 2)",1,50.0,4.0,5.0,8.5,5.0,0.818730753078,0.165298888222,4.0,2.0,25.0,0.0
"(787, 3)",1,50.0,0.5,5.0,5.0,5.0,0.818730753078,0.367879441171,4.0,2.0,25.0,0.0
"(787, 6)",1,100.0,1.0,5.0,5.5,5.0,0.818730753078,0.301194211912,4.0,2.0,50.0,0.0
"(789, 0)",1,15.0,0.5,3.0,7.5,1.0,0.246596963942,0.201896517995,8.0,4.0,7.5,0.0
"(789, 1)",1,15.0,1.5,3.0,8.5,1.0,0.818730753078,0.165298888222,8.0,4.0,7.5,0.0
"(789, 3)",1,39.0,0.5,3.0,7.5,1.0,0.818730753078,0.201896517995,8.0,4.0,19.5,3.0
"(789, 4)",1,39.0,1.0,3.0,8.0,1.0,0.246596963942,0.201896517995,8.0,4.0,19.5,3.0
"(789, 6)",1,39.0,1.0,3.0,8.0,1.0,0.818730753078,0.201896517995,8.0,4.0,19.5,3.0
"(796, 0)",1,0.0,0.5,3.0,1.5,4.0,0.818730753078,0.670320046036,8.66666666667,5.5,0.0,0.0
"(796, 1)",1,13.0,1.5,3.0,2.5,4.0,0.818730753078,0.548811636094,4.33333333333,5.5,18.0,3.0
"(796, 3)",1,0.0,0.5,3.0,1.5,4.0,0.818730753078,0.670320046036,10.3333333333,5.5,0.0,0.0
"(796, 4)",1,13.0,1.0,3.0,2.0,4.0,0.818730753078,0.670320046036,6.0,5.5,18.0,3.0
"(796, 5)",1,13.0,3.0,3.0,4.0,4.0,0.818730753078,0.449328964117,6.0,5.5,18.0,3.0
"(797, 0)",1,40.0,0.5,4.0,10.0,5.0,0.135335283237,0.135335283237,4.0,2.0,20.0,0.0
"(797, 1)",1,40.0,1.5,4.0,11.0,5.0,0.135335283237,0.110803158362,4.0,2.0,20.0,0.0
"(798, 0)",1,40.0,0.5,4.0,7.0,5.0,0.246596963942,0.246596963942,4.0,2.0,20.0,0.0
"(798, 1)",1,40.0,1.5,4.0,8.0,5.0,0.246596963942,0.201896517995,4.0,2.0,20.0,0.0
"(798, 5)",1,80.0,3.0,4.0,9.5,5.0,0.818730753078,0.135335283237,4.0,2.0,40.0,0.0
"(801, 0)",1,20.0,0.5,4.0,4.5,5.0,0.818730753078,0.367879441171,8.0,4.0,0.0,0.0
"(801, 1)",1,0.0,1.5,4.0,5.5,5.0,0.449328964117,0.301194211912,4.0,4.0,20.0,0.0
"(801, 2)",1,20.0,4.0,4.0,8.0,5.0,0.818730753078,0.201896517995,8.0,4.0,20.0,0.0
"(801, 3)",1,20.0,0.5,4.0,4.5,5.0,0.818730753078,0.367879441171,8.0,4.0,20.0,0.0
"(801, 4)",1,0.0,1.0,4.0,5.0,5.0,0.818730753078,0.367879441171,4.0,4.0,40.0,0.0
"(802, 0)",1,20.0,0.5,4.0,5.5,5.0,0.367879441171,0.301194211912,8.0,4.0,0.0,0.0
"(802, 1)",1,0.0,1.5,4.0,6.5,5.0,0.818730753078,0.246596963942,4.0,4.0,20.0,0.0
"(802, 2)",1,20.0,4.0,4.0,9.0,5.0,0.818730753078,0.165298888222,8.0,4.0,20.0,0.0
"(802, 3)",1,20.0,0.5,4.0,5.5,5.0,0.818730753078,0.301194211912,8.0,4.0,20.0,0.0
"(804, 0)",1,40.0,0.5,4.0,9.5,5.0,0.165298888222,0.135335283237,4.0,2.0,20.0,0.0
"(804, 1)",1,40.0,1.5,4.0,10.5,5.0,0.818730753078,0.110803158362,4.0,2.0,20.0,0.0
"(804, 3)",1,80.0,0.5,4.0,9.5,5.0,0.165298888222,0.135335283237,4.0,2.0,40.0,0.0
"(806, 0)",1,30.0,0.5,3.0,6.0,5.0,0.818730753078,0.301194211912,4.0,2.0,15.0,0.0
"(806, 1)",1,30.0,1.5,3.0,7.0,5.0,0.818730753078,0.246596963942,4.0,2.0,15.0,0.0
"(806, 4)",1,60.0,1.0,3.0,6.5,5.0,0.301194211912,0.246596963942,4.0,2.0,30.0,0.0
"(806, 5)",1,60.0,3.0,3.0,8.5,5.0,0.818730753078,0.165298888222,4.0,2.0,30.0,0.0
"(807, 0)",1,20.0,0.5,2.0,6.0,5.0,0.301194211912,0.301194211912,4.0,2.0,10.0,0.0
"(807, 1)",1,20.0,1.5,2.0,7.0,5.0,0.818730753078,0.246596963942,4.0,2.0,10.0,0.0
"(807, 4)",1,40.0,1.0,2.0,6.5,5.0,0.818730753078,0.246596963942,4.0,2.0,20.0,0.0
"(807, 5)",1,40.0,3.0,2.0,8.5,5.0,0.818730753078,0.165298888222,4.0,2.0,20.0,0.0
"(809, 0)",1,20.0,0.5,4.0,2.5,5.0,0.670320046036,0.548811636094,8.0,4.0,0.0,0.0
"(809, 1)",1,0.0,1.5,4.0,3.5,5.0,0.670320046036,0.449328964117,4.0,4.0,20.0,0.0
"(809, 2)",1,20.0,4.0,4.0,6.0,5.0,0.818730753078,0.301194211912,8.0,4.0,20.0,0.0
"(809, 3)",1,20.0,0.5,4.0,2.5,5.0,0.818730753078,0.548811636094,8.0,4.0,20.0,0.0
"(809, 5)",1,0.0,3.0,4.0,5.0,5.0,0.818730753078,0.367879441171,4.0,4.0,40.0,0.0
"(811, 0)",1,40.0,0.5,4.0,8.5,5.0,0.201896517995,0.165298888222,4.0,2.0,20.0,0.0
"(811, 1)",1,40.0,1.5,4.0,9.5,5.0,0.818730753078,0.135335283237,4.0,2.0,20.0,0.0
"(811, 3)",1,80.0,0.5,4.0,8.5,5.0,0.201896517995,0.165298888222,4.0,2.0,40.0,0.0
"(811, 4)",1,80.0,1.0,4.0,9.0,5.0,0.201896517995,0.165298888222,4.0,2.0,40.0,0.0
"(812, 0)",1,40.0,0.5,4.0,9.0,5.0,0.165298888222,0.165298888222,4.0,2.0,20.0,0.0
"(812, 1)",1,40.0,1.5,4.0,10.0,5.0,0.818730753078,0.135335283237,4.0,2.0,20.0,0.0
"(812, 4)",1,80.0,1.0,4.0,9.5,5.0,0.818730753078,0.135335283237,4.0,2.0,40.0,0.0
"(815, 2)",1,0.0,4.0,3.0,6.0,1.0,0.670320046036,0.301194211912,4.0,4.0,0.0,0.0
"(815, 3)",1,39.0,0.5,3.0,2.5,1.0,0.818730753078,0.548811636094,6.33333333333,4.0,27.0,3.0
"(815, 4)",1,39.0,1.0,3.0,3.0,1.0,0.818730753078,0.548811636094,6.33333333333,4.0,27.0,3.0
"(815, 5)",1,0.0,3.0,3.0,5.0,1.0,0.818730753078,0.367879441171,3.0,4.0,0.0,0.0
"(815, 6)",1,39.0,1.0,3.0,3.0,1.0,0.818730753078,0.548811636094,5.33333333333,4.0,27.0,3.0
"(816, 0)",1,40.0,0.5,4.0,6.5,5.0,0.818730753078,0.246596963942,4.0,2.0,20.0,0.0
"(816, 1)",1,40.0,1.5,4.0,7.5,5.0,0.818730753078,0.201896517995,4.0,2.0,20.0,0.0
"(816, 3)",1,80.0,0.5,4.0,6.5,5.0,0.301194211912,0.246596963942,4.0,2.0,40.0,0.0
"(816, 5)",1,80.0,3.0,4.0,9.0,5.0,0.818730753078,0.165298888222,4.0,2.0,40.0,0.0
"(819, 2)",1,40.0,4.0,4.0,6.5,5.0,0.818730753078,0.246596963942,2.0,2.0,40.0,0.0
"(819, 4)",1,40.0,1.0,4.0,3.5,5.0,0.818730753078,0.449328964117,2.0,2.0,40.0,0.0
"(819, 5)",1,20.0,3.0,4.0,5.5,5.0,0.818730753078,0.301194211912,2.0,2.0,20.0,0.0
"(819, 6)",1,20.0,1.0,4.0,3.5,5.0,0.548811636094,0.449328964117,2.0,2.0,20.0,0.0
"(821, 0)",1,6.0,0.5,3.0,2.0,1.0,0.818730753078,0.670320046036,8.0,5.5,0.0,0.0
"(821, 2)",1,6.0,4.0,3.0,5.5,1.0,0.818730753078,0.301194211912,8.0,5.5,0.0,0.0
"(821, 4)",1,21.0,1.0,3.0,2.5,1.0,0.670320046036,0.548811636094,8.33333333333,7.0,27.0,3.0
"(821, 5)",1,0.0,3.0,3.0,4.5,1.0,0.818730753078,0.367879441171,3.5,5.5,0.0,0.0
"(821, 6)",1,21.0,1.0,3.0,2.5,1.0,0.818730753078,0.548811636094,6.83333333333,5.5,27.0,3.0
"(828, 0)",1,0.0,0.5,3.0,6.0,1.0,0.818730753078,0.301194211912,4.0,4.0,0.0,0.0
"(828, 3)",1,39.0,0.5,3.0,6.0,1.0,0.301194211912,0.301194211912,6.33333333333,4.0,27.0,3.0
"(828, 4)",1,39.0,1.0,3.0,6.5,1.0,0.818730753078,0.246596963942,6.33333333333,4.0,27.0,3.0
"(828, 5)",1,0.0,3.0,3.0,8.5,1.0,0.818730753078,0.165298888222,3.0,4.0,0.0,0.0
"(828, 6)",1,39.0,1.0,3.0,6.5,1.0,0.818730753078,0.246596963942,5.33333333333,4.0,27.0,3.0
"(843, 0)",1,40.0,0.5,4.0,6.0,5.0,0.301194211912,0.301194211912,4.0,2.0,20.0,0.0
"(843, 1)",1,40.0,1.5,4.0,7.0,5.0,0.818730753078,0.246596963942,4.0,2.0,20.0,0.0
"(843, 4)",1,80.0,1.0,4.0,6.5,5.0,0.301194211912,0.246596963942,4.0,2.0,40.0,0.0
"(843, 5)",1,80.0,3.0,4.0,8.5,5.0,0.301194211912,0.165298888222,4.0,2.0,40.0,0.0
"(844, 0)",1,50.0,0.5,5.0,8.5,5.0,0.818730753078,0.165298888222,4.0,2.0,25.0,0.0
"(844, 1)",1,50.0,1.5,5.0,9.5,5.0,0.201896517995,0.135335283237,4.0,2.0,25.0,0.0
"(844, 3)",1,100.0,0.5,5.0,8.5,5.0,0.818730753078,0.165298888222,4.0,2.0,50.0,0.0
"(844, 6)",1,100.0,1.0,5.0,9.0,5.0,0.818730753078,0.165298888222,4.0,2.0,50.0,0.0
"(847, 0)",1,50.0,0.5,5.0,6.0,5.0,0.818730753078,0.301194211912,4.0,2.0,25.0,0.0
"(847, 1)",1,50.0,1.5,5.0,7.0,5.0,0.818730753078,0.246596963942,4.0,2.0,25.0,0.0
"(847, 4)",1,100.0,1.0,5.0,6.5,5.0,0.818730753078,0.246596963942,4.0,2.0,50.0,0.0
"(847, 5)",1,100.0,3.0,5.0,8.5,5.0,0.301194211912,0.165298888222,4.0,2.0,50.0,0.0
"(848, 0)",1,50.0,0.5,5.0,9.0,5.0,0.165298888222,0.165298888222,4.0,2.0,25.0,0.0
"(848, 1)",1,50.0,1.5,5.0,10.0,5.0,0.818730753078,0.135335283237,4.0,2.0,25.0,0.0
"(848, 4)",1,100.0,1.0,5.0,9.5,5.0,0.165298888222,0.135335283237,4.0,2.0,50.0,0.0
"(849, 0)",1,50.0,0.5,5.0,10.0,5.0,0.135335283237,0.135335283237,4.0,2.0,25.0,0.0
"(849, 1)",1,50.0,1.5,5.0,11.0,5.0,0.818730753078,0.110803158362,4.0,2.0,25.0,0.0
"(851, 0)",1,50.0,0.5,5.0,7.0,5.0,0.246596963942,0.246596963942,4.0,2.0,25.0,0.0
"(851, 1)",1,50.0,1.5,5.0,8.0,5.0,0.818730753078,0.201896517995,4.0,2.0,25.0,0.0
"(851, 5)",1,100.0,3.0,5.0,9.5,5.0,0.818730753078,0.135335283237,4.0,2.0,50.0,0.0
"(855, 1)",1,19.5,1.5,3.0,2.5,1.0,0.818730753078,0.548811636094,4.0,4.0,27.0,3.0
"(855, 2)",1,19.5,4.0,3.0,5.0,1.0,0.818730753078,0.367879441171,4.0,4.0,27.0,3.0
"(855, 4)",1,19.5,1.0,3.0,2.0,1.0,0.818730753078,0.670320046036,4.0,4.0,27.0,3.0
"(855, 5)",1,12.0,3.0,3.0,4.0,1.0,0.818730753078,0.449328964117,2.0,4.0,27.0,3.0
"(855, 6)",1,7.5,1.0,3.0,2.0,1.0,0.818730753078,0.670320046036,4.0,4.0,0.0,0.0
"(859, 0)",1,25.0,0.5,5.0,4.5,5.0,0.818730753078,0.367879441171,8.0,4.0,0.0,0.0
"(859, 1)",1,0.0,1.5,5.0,5.5,5.0,0.818730753078,0.301194211912,4.0,4.0,25.0,0.0
"(859, 2)",1,25.0,4.0,5.0,8.0,5.0,0.818730753078,0.201896517995,8.0,4.0,25.0,0.0
"(859, 3)",1,25.0,0.5,5.0,4.5,5.0,0.818730753078,0.367879441171,8.0,4.0,25.0,0.0
"(859, 6)",1,0.0,1.0,5.0,5.0,5.0,0.449328964117,0.367879441171,4.0,4.0,50.0,0.0
"(860, 0)",1,25.0,0.5,5.0,4.5,5.0,0.818730753078,0.367879441171,8.0,4.0,0.0,0.0
"(860, 1)",1,0.0,1.5,5.0,5.5,5.0,0.449328964117,0.301194211912,4.0,4.0,25.0,0.0
"(860, 2)",1,25.0,4.0,5.0,8.0,5.0,0.818730753078,0.201896517995,8.0,4.0,25.0,0.0
"(860, 3)",1,25.0,0.5,5.0,4.5,5.0,0.818730753078,0.367879441171,8.0,4.0,25.0,0.0
"(860, 4)",1,0.0,1.0,5.0,5.0,5.0,0.818730753078,0.367879441171,4.0,4.0,50.0,0.0
"(861, 0)",1,25.0,0.5,5.0,5.5,5.0,0.818730753078,0.301194211912,8.0,4.0,0.0,0.0
"(861, 1)",1,0.0,1.5,5.0,6.5,5.0,0.367879441171,0.246596963942,4.0,4.0,25.0,0.0
"(861, 2)",1,25.0,4.0,5.0,9.0,5.0,0.367879441171,0.165298888222,8.0,4.0,25.0,0.0
"(861, 3)",1,25.0,0.5,5.0,5.5,5.0,0.818730753078,0.301194211912,8.0,4.0,25.0,0.0
"(862, 0)",1,50.0,0.5,5.0,9.5,5.0,0.165298888222,0.135335283237,4.0,2.0,25.0,0.0
"(862, 1)",1,50.0,1.5,5.0,10.5,5.0,0.818730753078,0.110803158362,4.0,2.0,25.0,0.0
"(862, 3)",1,100.0,0.5,5.0,9.5,5.0,0.818730753078,0.135335283237,4.0,2.0,50.0,0.0
"(863, 0)",1,50.0,0.5,5.0,8.5,5.0,0.818730753078,0.165298888222,4.0,2.0,25.0,0.0
"(863, 1)",1,50.0,1.5,5.0,9.5,5.0,0.818730753078,0.135335283237,4.0,2.0,25.0,0.0
"(863, 3)",1,100.0,0.5,5.0,8.5,5.0,0.818730753078,0.165298888222,4.0,2.0,50.0,0.0
"(863, 4)",1,100.0,1.0,5.0,9.0,5.0,0.201896517995,0.165298888222,4.0,2.0,50.0,0.0
