,Action Betw,resource,satisfied demand,mean rem demand,actual rem demand,collected debris,satisfied demand,period,exponential period,degree
"(0, 0)",15.0,0.5,0.0,6,6.0,0.0,0.0,1.0,0.818730753078,0.75
"(0, 1)",10.0,1.5,5.0,3,3.0,0.0,0.0,2.0,0.670320046036,1.0
"(0, 5)",10.0,3.0,4.0,3,3.0,0.0,0.0,3.0,0.548811636094,1.0
"(0, 6)",22.5,1.0,3.0,3,3.0,0.0,0.0,1.0,0.818730753078,0.75
"(1, 1)",5.0,1.5,4.0,3,3.0,0.5,0.0,2.0,0.670320046036,1.0
"(1, 2)",5.0,4.0,1.0,3,3.0,0.5,0.0,5.0,0.367879441171,1.0
"(1, 3)",57.5,0.5,5.0,3,3.0,0.5,0.0,1.0,0.818730753078,0.75
"(1, 5)",5.0,3.0,3.0,3,3.0,0.5,0.0,4.0,0.449328964117,1.0
"(1, 6)",57.5,1.0,4.0,3,3.0,0.5,0.0,2.0,0.670320046036,0.75
"(2, 1)",0.0,1.5,0.0,3,3.0,4.5,1.0,6.0,0.301194211912,0.0
"(2, 3)",39.0,0.5,3.0,0,0.0,4.5,1.0,5.0,0.367879441171,0.75
"(2, 4)",39.0,1.0,4.0,0,0.0,4.5,1.0,6.0,0.301194211912,0.75
"(2, 5)",0.0,3.0,0.0,3,3.0,4.5,1.0,8.0,0.201896517995,0.0
"(2, 6)",39.0,1.0,3.0,0,0.0,4.5,1.0,6.0,0.301194211912,0.75
"(4, 1)",0.0,1.5,0.0,3,3.0,7.5,1.0,9.0,0.165298888222,0.0
"(4, 3)",54.0,0.5,5.0,0,0.0,7.5,1.0,8.0,0.201896517995,0.75
"(4, 4)",54.0,1.0,3.0,0,0.0,7.5,1.0,9.0,0.165298888222,0.75
"(4, 6)",54.0,1.0,4.0,0,0.0,7.5,1.0,9.0,0.165298888222,0.75
"(6, 0)",0.0,0.5,0.0,3,3.0,1.5,5.0,2.0,0.670320046036,0.75
"(6, 2)",0.0,4.0,0.0,3,3.0,1.5,5.0,6.0,0.301194211912,0.75
"(6, 4)",15.0,1.0,0.0,3,1.0,1.5,5.0,3.0,0.548811636094,0.75
"(6, 5)",0.0,3.0,0.0,3,3.0,1.5,5.0,5.0,0.367879441171,0.0
"(6, 6)",15.0,1.0,4.0,0,0.0,1.5,5.0,3.0,0.548811636094,0.75
"(7, 2)",0.0,4.0,0.0,3,3.0,2.0,5.0,6.0,0.301194211912,0.0
"(7, 3)",15.0,0.5,0.0,3,2.0,2.0,5.0,3.0,0.548811636094,0.75
"(7, 4)",15.0,1.0,0.0,3,1.0,2.0,5.0,3.0,0.548811636094,0.75
"(7, 5)",0.0,3.0,0.0,3,3.0,2.0,5.0,5.0,0.367879441171,0.0
"(7, 6)",15.0,1.0,3.0,0,0.0,2.0,5.0,3.0,0.548811636094,0.75
"(8, 2)",20.0,4.0,0.0,3,2.0,2.5,5.0,7.0,0.246596963942,0.0
"(8, 4)",20.0,1.0,0.0,3,2.0,2.5,5.0,4.0,0.449328964117,0.0
"(8, 5)",10.0,3.0,2.0,0,0.0,2.5,5.0,6.0,0.301194211912,0.0
"(8, 6)",10.0,1.0,2.0,0,0.0,2.5,5.0,4.0,0.449328964117,0.0
"(10, 1)",0.0,1.5,0.0,3,3.0,3.5,3.0,5.0,0.367879441171,0.0
"(10, 2)",0.0,4.0,0.0,3,3.0,3.5,3.0,8.0,0.201896517995,0.0
"(10, 3)",36.0,0.5,4.0,0,0.0,3.5,3.0,4.0,0.449328964117,0.75
"(10, 4)",36.0,1.0,2.0,3,1.0,3.5,3.0,5.0,0.367879441171,0.75
"(10, 6)",36.0,1.0,2.0,0,0.0,3.5,3.0,5.0,0.367879441171,0.75
"(12, 1)",7.5,1.5,0.0,3,1.0,1.0,5.0,3.0,0.548811636094,1.0
"(12, 2)",7.5,4.0,0.0,3,3.0,1.0,5.0,5.0,0.367879441171,1.0
"(12, 4)",7.5,1.0,0.0,3,3.0,1.0,5.0,2.0,0.670320046036,1.0
"(12, 5)",0.0,3.0,1.0,0,0.0,1.0,5.0,4.0,0.449328964117,1.0
"(12, 6)",7.5,1.0,0.0,3,3.0,1.0,5.0,2.0,0.670320046036,0.0
"(13, 1)",15.0,1.5,2.0,0,0.0,2.0,5.0,4.0,0.449328964117,1.0
"(13, 2)",15.0,4.0,4.0,0,0.0,2.0,5.0,6.0,0.301194211912,1.0
"(13, 4)",15.0,1.0,4.0,0,0.0,2.0,5.0,3.0,0.548811636094,1.0
"(13, 5)",15.0,3.0,1.0,0,0.0,2.0,5.0,5.0,0.367879441171,1.0
"(16, 3)",54.0,0.5,2.0,0,0.0,9.0,1.0,10.0,0.135335283237,0.75
"(16, 4)",54.0,1.0,2.0,0,0.0,9.0,1.0,10.0,0.135335283237,0.75
"(16, 6)",54.0,1.0,4.0,0,0.0,9.0,1.0,10.0,0.135335283237,0.75
"(21, 0)",5.0,0.5,0.0,3,1.0,2.5,5.0,3.0,0.548811636094,0.75
"(21, 2)",10.0,4.0,0.0,3,1.0,3.5,5.0,8.0,0.201896517995,0.0
"(21, 3)",5.0,0.5,0.0,3,1.0,2.5,5.0,3.0,0.548811636094,0.75
"(21, 5)",5.0,3.0,1.0,0,0.0,3.5,5.0,7.0,0.246596963942,0.0
"(21, 6)",5.0,1.0,1.0,0,0.0,2.5,5.0,4.0,0.449328964117,0.0
"(24, 3)",39.0,0.5,4.0,0,0.0,6.0,1.0,7.0,0.246596963942,0.75
"(24, 4)",39.0,1.0,1.0,0,0.0,6.0,1.0,7.0,0.246596963942,0.75
"(24, 5)",0.0,3.0,0.0,3,3.0,6.0,1.0,9.0,0.165298888222,0.0
"(24, 6)",39.0,1.0,5.0,0,0.0,6.0,1.0,7.0,0.246596963942,0.75
"(26, 1)",0.0,1.5,0.0,3,3.0,4.5,2.0,6.0,0.301194211912,0.0
"(26, 3)",33.0,0.5,3.0,3,2.0,4.5,2.0,5.0,0.367879441171,0.75
"(26, 4)",33.0,1.0,3.0,3,1.0,4.5,2.0,6.0,0.301194211912,0.75
"(26, 5)",0.0,3.0,0.0,3,3.0,4.5,2.0,8.0,0.201896517995,0.0
"(26, 6)",33.0,1.0,2.0,0,0.0,4.5,2.0,6.0,0.301194211912,0.75
"(27, 1)",0.0,1.5,0.0,3,3.0,7.5,2.0,9.0,0.165298888222,0.0
"(27, 3)",48.0,0.5,3.0,0,0.0,7.5,2.0,8.0,0.201896517995,0.75
"(27, 4)",48.0,1.0,2.0,0,0.0,7.5,2.0,9.0,0.165298888222,0.75
"(27, 6)",48.0,1.0,3.0,0,0.0,7.5,2.0,9.0,0.165298888222,0.75
"(29, 0)",10.0,0.5,0.0,3,2.0,2.5,5.0,3.0,0.548811636094,0.75
"(29, 2)",20.0,4.0,0.0,3,2.0,3.5,5.0,8.0,0.201896517995,0.0
"(29, 3)",10.0,0.5,0.0,3,2.0,2.5,5.0,3.0,0.548811636094,0.75
"(29, 5)",10.0,3.0,2.0,0,0.0,3.5,5.0,7.0,0.246596963942,0.0
"(29, 6)",10.0,1.0,2.0,0,0.0,3.5,5.0,5.0,0.367879441171,0.0
"(35, 3)",48.0,0.5,3.0,0,0.0,9.0,2.0,10.0,0.135335283237,0.75
"(35, 4)",48.0,1.0,4.0,0,0.0,9.0,2.0,10.0,0.135335283237,0.75
"(35, 6)",48.0,1.0,4.0,0,0.0,9.0,2.0,10.0,0.135335283237,0.75
"(37, 2)",10.0,4.0,0.0,3,1.0,2.5,5.0,7.0,0.246596963942,0.0
"(37, 4)",10.0,1.0,0.0,3,1.0,2.5,5.0,4.0,0.449328964117,0.0
"(37, 5)",5.0,3.0,1.0,0,0.0,2.5,5.0,6.0,0.301194211912,0.0
"(37, 6)",5.0,1.0,1.0,0,0.0,2.5,5.0,4.0,0.449328964117,0.0
"(38, 4)",10.0,1.0,0.0,3,1.0,6.5,5.0,8.0,0.201896517995,0.0
"(38, 5)",5.0,3.0,1.0,0,0.0,6.5,5.0,10.0,0.135335283237,0.0
"(38, 6)",5.0,1.0,1.0,0,0.0,6.5,5.0,8.0,0.201896517995,0.0
"(41, 0)",10.0,0.5,0.0,3,1.0,6.5,5.0,7.0,0.246596963942,0.0
"(41, 3)",10.0,0.5,0.0,3,1.0,6.5,5.0,7.0,0.246596963942,0.0
"(41, 5)",5.0,3.0,1.0,0,0.0,7.5,5.0,11.0,0.110803158362,0.0
"(41, 6)",5.0,1.0,1.0,0,0.0,7.5,5.0,9.0,0.165298888222,0.0
"(45, 0)",10.0,0.5,1.0,0,0.0,4.5,5.0,5.0,0.367879441171,0.0
"(45, 1)",10.0,1.5,1.0,0,0.0,4.5,5.0,6.0,0.301194211912,0.0
"(45, 2)",10.0,4.0,1.0,0,0.0,4.5,5.0,9.0,0.165298888222,0.0
"(45, 3)",10.0,0.5,1.0,0,0.0,4.5,5.0,5.0,0.367879441171,0.0
"(45, 6)",20.0,1.0,0.0,3,1.0,4.5,5.0,6.0,0.301194211912,0.0
"(47, 1)",0.0,1.5,0.0,3,3.0,4.5,3.0,6.0,0.301194211912,0.0
"(47, 3)",27.0,0.5,2.0,3,2.0,4.5,3.0,5.0,0.367879441171,0.75
"(47, 4)",27.0,1.0,2.0,3,2.0,4.5,3.0,6.0,0.301194211912,0.75
"(47, 5)",0.0,3.0,0.0,3,3.0,4.5,3.0,8.0,0.201896517995,0.0
"(47, 6)",27.0,1.0,3.0,0,0.0,4.5,3.0,6.0,0.301194211912,0.75
"(50, 2)",0.0,4.0,0.0,3,3.0,5.0,5.0,9.0,0.165298888222,0.0
"(50, 3)",30.0,0.5,2.0,0,0.0,5.0,5.0,6.0,0.301194211912,0.75
"(50, 4)",30.0,1.0,3.0,0,0.0,5.0,5.0,6.0,0.301194211912,0.75
"(50, 6)",30.0,1.0,2.0,0,0.0,5.0,5.0,6.0,0.301194211912,0.75
"(51, 3)",30.0,0.5,5.0,0,0.0,9.0,5.0,10.0,0.135335283237,0.75
"(51, 4)",30.0,1.0,3.0,0,0.0,9.0,5.0,10.0,0.135335283237,0.75
"(51, 6)",30.0,1.0,3.0,0,0.0,9.0,5.0,10.0,0.135335283237,0.75
"(54, 1)",20.0,1.5,0.0,3,2.0,5.0,5.0,7.0,0.246596963942,0.0
"(54, 4)",20.0,1.0,0.0,3,2.0,5.0,5.0,6.0,0.301194211912,0.0
"(54, 5)",10.0,3.0,2.0,0,0.0,5.0,5.0,8.0,0.201896517995,0.0
"(54, 6)",10.0,1.0,2.0,0,0.0,5.0,5.0,6.0,0.301194211912,0.0
"(57, 1)",10.0,1.5,0.0,3,1.0,5.0,5.0,7.0,0.246596963942,0.0
"(57, 4)",10.0,1.0,0.0,3,1.0,5.0,5.0,6.0,0.301194211912,0.0
"(57, 5)",5.0,3.0,1.0,0,0.0,5.0,5.0,8.0,0.201896517995,0.0
"(57, 6)",5.0,1.0,1.0,0,0.0,5.0,5.0,6.0,0.301194211912,0.0
"(59, 0)",20.0,0.5,0.0,3,2.0,6.5,5.0,7.0,0.246596963942,0.0
"(59, 3)",20.0,0.5,0.0,3,2.0,6.5,5.0,7.0,0.246596963942,0.0
"(59, 5)",10.0,3.0,2.0,0,0.0,7.5,5.0,11.0,0.110803158362,0.0
"(59, 6)",10.0,1.0,2.0,0,0.0,7.5,5.0,9.0,0.165298888222,0.0
"(62, 0)",0.0,0.5,0.0,3,3.0,1.0,3.0,2.0,0.670320046036,0.75
"(62, 1)",16.0,1.5,5.0,0,0.0,1.0,3.0,3.0,0.548811636094,1.0
"(62, 3)",0.0,0.5,0.0,3,3.0,1.0,3.0,2.0,0.670320046036,0.75
"(62, 4)",16.0,1.0,2.0,3,1.0,1.0,3.0,2.0,0.670320046036,1.0
"(62, 5)",16.0,3.0,2.0,0,0.0,1.0,3.0,4.0,0.449328964117,1.0
"(65, 0)",5.0,0.5,0.0,3,3.0,1.5,4.0,2.0,0.670320046036,0.0
"(65, 1)",8.0,1.5,1.0,0,0.0,1.5,4.0,3.0,0.548811636094,1.0
"(65, 2)",8.0,4.0,3.0,0,0.0,1.5,4.0,6.0,0.301194211912,1.0
"(65, 3)",5.0,0.5,0.0,3,3.0,1.5,4.0,2.0,0.670320046036,0.0
"(65, 4)",13.0,1.0,1.0,3,1.0,1.5,4.0,3.0,0.548811636094,1.0
"(65, 5)",13.0,3.0,1.0,3,1.0,1.5,4.0,5.0,0.367879441171,1.0
"(66, 0)",10.0,0.5,1.0,0,0.0,4.5,5.0,5.0,0.367879441171,0.0
"(66, 1)",10.0,1.5,1.0,0,0.0,4.5,5.0,6.0,0.301194211912,0.0
"(66, 2)",10.0,4.0,1.0,0,0.0,4.5,5.0,9.0,0.165298888222,0.0
"(66, 3)",10.0,0.5,1.0,0,0.0,4.5,5.0,5.0,0.367879441171,0.0
"(66, 4)",20.0,1.0,0.0,3,1.0,4.5,5.0,6.0,0.301194211912,0.0
"(71, 1)",20.0,1.5,0.0,3,2.0,6.0,5.0,8.0,0.201896517995,0.0
"(71, 5)",10.0,3.0,2.0,0,0.0,6.0,5.0,9.0,0.165298888222,0.0
"(71, 6)",10.0,1.0,2.0,0,0.0,6.0,5.0,7.0,0.246596963942,0.0
"(73, 1)",0.0,1.5,0.0,3,3.0,7.5,3.0,9.0,0.165298888222,0.0
"(73, 3)",42.0,0.5,3.0,0,0.0,7.5,3.0,8.0,0.201896517995,0.75
"(73, 4)",42.0,1.0,1.0,0,0.0,7.5,3.0,9.0,0.165298888222,0.75
"(73, 6)",42.0,1.0,4.0,0,0.0,7.5,3.0,9.0,0.165298888222,0.75
"(74, 3)",42.0,0.5,3.0,0,0.0,9.0,3.0,10.0,0.135335283237,0.75
"(74, 4)",42.0,1.0,3.0,0,0.0,9.0,3.0,10.0,0.135335283237,0.75
"(74, 6)",42.0,1.0,3.0,0,0.0,9.0,3.0,10.0,0.135335283237,0.75
"(77, 0)",20.0,0.5,2.0,0,0.0,4.5,5.0,5.0,0.367879441171,0.0
"(77, 1)",20.0,1.5,2.0,0,0.0,4.5,5.0,6.0,0.301194211912,0.0
"(77, 2)",20.0,4.0,2.0,0,0.0,4.5,5.0,9.0,0.165298888222,0.0
"(77, 3)",20.0,0.5,2.0,0,0.0,4.5,5.0,5.0,0.367879441171,0.0
"(77, 6)",40.0,1.0,0.0,3,2.0,4.5,5.0,6.0,0.301194211912,0.0
"(79, 4)",20.0,1.0,0.0,3,2.0,6.5,5.0,8.0,0.201896517995,0.0
"(79, 5)",10.0,3.0,2.0,0,0.0,6.5,5.0,10.0,0.135335283237,0.0
"(79, 6)",10.0,1.0,2.0,0,0.0,6.5,5.0,8.0,0.201896517995,0.0
"(81, 2)",10.0,4.0,0.0,3,1.0,2.5,5.0,7.0,0.246596963942,0.0
"(81, 4)",10.0,1.0,0.0,3,1.0,2.5,5.0,4.0,0.449328964117,0.0
"(81, 5)",5.0,3.0,1.0,0,0.0,2.5,5.0,6.0,0.301194211912,0.0
"(81, 6)",5.0,1.0,1.0,0,0.0,2.5,5.0,4.0,0.449328964117,0.0
"(82, 2)",10.0,4.0,0.0,3,1.0,3.5,5.0,8.0,0.201896517995,0.0
"(82, 5)",5.0,3.0,1.0,0,0.0,3.5,5.0,7.0,0.246596963942,0.0
"(82, 6)",5.0,1.0,1.0,0,0.0,3.5,5.0,5.0,0.367879441171,0.0
"(87, 5)",5.0,3.0,1.0,0,0.0,7.5,5.0,11.0,0.110803158362,0.0
"(87, 6)",5.0,1.0,1.0,0,0.0,7.5,5.0,9.0,0.165298888222,0.0
"(88, 0)",5.0,0.5,0.0,3,3.0,1.5,3.0,2.0,0.670320046036,0.0
"(88, 1)",11.0,1.5,1.0,0,0.0,1.5,3.0,3.0,0.548811636094,1.0
"(88, 2)",11.0,4.0,5.0,0,0.0,1.5,3.0,6.0,0.301194211912,1.0
"(88, 3)",5.0,0.5,0.0,3,3.0,1.5,3.0,2.0,0.670320046036,0.0
"(88, 4)",16.0,1.0,2.0,0,0.0,1.5,3.0,3.0,0.548811636094,1.0
"(88, 5)",16.0,3.0,2.0,3,1.0,1.5,3.0,5.0,0.367879441171,1.0
"(95, 0)",10.0,0.5,1.0,0,0.0,5.5,5.0,6.0,0.301194211912,0.0
"(95, 1)",10.0,1.5,1.0,0,0.0,5.5,5.0,7.0,0.246596963942,0.0
"(95, 2)",10.0,4.0,1.0,0,0.0,5.5,5.0,10.0,0.135335283237,0.0
"(95, 3)",10.0,0.5,1.0,0,0.0,5.5,5.0,6.0,0.301194211912,0.0
"(100, 1)",10.0,1.5,0.0,3,1.0,6.0,5.0,8.0,0.201896517995,0.0
"(100, 5)",5.0,3.0,1.0,0,0.0,6.0,5.0,9.0,0.165298888222,0.0
"(100, 6)",5.0,1.0,1.0,0,0.0,6.0,5.0,7.0,0.246596963942,0.0
"(102, 0)",10.0,0.5,1.0,0,0.0,2.5,5.0,3.0,0.548811636094,0.0
"(102, 1)",10.0,1.5,1.0,0,0.0,2.5,5.0,4.0,0.449328964117,0.0
"(102, 2)",10.0,4.0,1.0,0,0.0,2.5,5.0,7.0,0.246596963942,0.0
"(102, 3)",10.0,0.5,1.0,0,0.0,2.5,5.0,3.0,0.548811636094,0.0
"(102, 5)",20.0,3.0,0.0,3,1.0,2.5,5.0,6.0,0.301194211912,0.0
"(103, 0)",10.0,0.5,1.0,0,0.0,5.5,5.0,6.0,0.301194211912,0.0
"(103, 1)",10.0,1.5,1.0,0,0.0,5.5,5.0,7.0,0.246596963942,0.0
"(103, 2)",10.0,4.0,1.0,0,0.0,5.5,5.0,10.0,0.135335283237,0.0
"(103, 3)",10.0,0.5,1.0,0,0.0,5.5,5.0,6.0,0.301194211912,0.0
"(105, 0)",0.0,0.5,0.0,3,3.0,1.0,4.0,2.0,0.670320046036,0.75
"(105, 1)",13.0,1.5,5.0,0,0.0,1.0,4.0,3.0,0.548811636094,1.0
"(105, 3)",0.0,0.5,0.0,3,3.0,1.0,4.0,2.0,0.670320046036,0.75
"(105, 4)",13.0,1.0,1.0,3,2.0,1.0,4.0,2.0,0.670320046036,1.0
"(105, 5)",13.0,3.0,1.0,3,2.0,1.0,4.0,4.0,0.449328964117,1.0
"(106, 0)",30.0,0.5,0.0,3,3.0,6.0,5.0,7.0,0.246596963942,0.0
"(106, 3)",15.0,0.5,0.0,3,4.0,6.0,5.0,7.0,0.246596963942,0.75
"(106, 4)",15.0,1.0,0.0,3,2.0,6.0,5.0,7.0,0.246596963942,0.75
"(106, 5)",0.0,3.0,0.0,3,3.0,6.0,5.0,9.0,0.165298888222,0.0
"(106, 6)",15.0,1.0,1.0,0,0.0,6.0,5.0,7.0,0.246596963942,0.75
"(108, 0)",5.0,0.5,0.0,3,1.0,2.0,5.0,3.0,0.548811636094,0.75
"(108, 1)",0.0,1.5,1.0,0,0.0,2.0,5.0,4.0,0.449328964117,0.0
"(108, 2)",5.0,4.0,0.0,3,1.0,2.0,5.0,6.0,0.301194211912,0.75
"(108, 3)",5.0,0.5,0.0,3,1.0,2.0,5.0,3.0,0.548811636094,0.75
"(108, 5)",0.0,3.0,0.0,3,1.0,2.0,5.0,5.0,0.367879441171,0.0
"(113, 0)",10.0,0.5,0.0,3,2.0,2.0,5.0,3.0,0.548811636094,0.75
"(113, 1)",0.0,1.5,2.0,0,0.0,2.0,5.0,4.0,0.449328964117,0.0
"(113, 2)",10.0,4.0,0.0,3,2.0,2.0,5.0,6.0,0.301194211912,0.75
"(113, 3)",10.0,0.5,0.0,3,2.0,2.0,5.0,3.0,0.548811636094,0.75
"(113, 5)",0.0,3.0,0.0,3,2.0,2.0,5.0,5.0,0.367879441171,0.0
"(117, 0)",10.0,0.5,0.0,3,2.0,4.0,5.0,5.0,0.367879441171,0.75
"(117, 1)",0.0,1.5,2.0,0,0.0,4.0,5.0,6.0,0.301194211912,0.0
"(117, 2)",10.0,4.0,0.0,3,2.0,4.0,5.0,8.0,0.201896517995,0.75
"(117, 3)",10.0,0.5,0.0,3,2.0,4.0,5.0,5.0,0.367879441171,0.75
"(117, 4)",0.0,1.0,0.0,3,2.0,4.0,5.0,5.0,0.367879441171,0.0
"(118, 0)",10.0,0.5,0.0,3,2.0,5.0,5.0,6.0,0.301194211912,0.75
"(118, 1)",0.0,1.5,2.0,0,0.0,5.0,5.0,7.0,0.246596963942,0.0
"(118, 2)",10.0,4.0,0.0,3,2.0,5.0,5.0,9.0,0.165298888222,0.75
"(118, 3)",10.0,0.5,0.0,3,2.0,5.0,5.0,6.0,0.301194211912,0.75
"(119, 0)",20.0,0.5,2.0,0,0.0,5.5,5.0,6.0,0.301194211912,0.0
"(119, 1)",20.0,1.5,2.0,0,0.0,5.5,5.0,7.0,0.246596963942,0.0
"(119, 2)",40.0,4.0,0.0,3,2.0,5.5,5.0,10.0,0.135335283237,0.0
"(119, 3)",20.0,0.5,2.0,0,0.0,5.5,5.0,6.0,0.301194211912,0.0
"(120, 0)",20.0,0.5,2.0,0,0.0,9.5,5.0,10.0,0.135335283237,0.0
"(120, 1)",20.0,1.5,2.0,0,0.0,9.5,5.0,11.0,0.110803158362,0.0
"(124, 0)",20.0,0.5,2.0,0,0.0,4.5,5.0,5.0,0.367879441171,0.0
"(124, 1)",20.0,1.5,2.0,0,0.0,4.5,5.0,6.0,0.301194211912,0.0
"(124, 2)",40.0,4.0,0.0,3,2.0,4.5,5.0,9.0,0.165298888222,0.0
"(124, 3)",20.0,0.5,2.0,0,0.0,4.5,5.0,5.0,0.367879441171,0.0
"(124, 4)",40.0,1.0,0.0,3,2.0,4.5,5.0,6.0,0.301194211912,0.0
"(126, 0)",10.0,0.5,0.0,3,1.0,3.0,5.0,4.0,0.449328964117,0.0
"(126, 2)",10.0,4.0,0.0,3,1.0,3.0,5.0,7.0,0.246596963942,0.0
"(126, 3)",10.0,0.5,0.0,3,1.0,3.0,5.0,4.0,0.449328964117,0.0
"(126, 5)",5.0,3.0,1.0,0,0.0,3.0,5.0,6.0,0.301194211912,0.0
"(126, 6)",5.0,1.0,1.0,0,0.0,3.0,5.0,4.0,0.449328964117,0.0
"(135, 0)",25.0,0.5,0.0,3,5.0,2.5,5.0,3.0,0.548811636094,0.75
"(135, 2)",25.0,4.0,0.0,3,5.0,2.5,5.0,7.0,0.246596963942,0.75
"(135, 3)",25.0,0.5,0.0,3,5.0,2.5,5.0,3.0,0.548811636094,0.75
"(135, 5)",25.0,3.0,5.0,0,0.0,2.5,5.0,6.0,0.301194211912,0.0
"(135, 6)",25.0,1.0,5.0,0,0.0,2.5,5.0,4.0,0.449328964117,0.0
"(138, 1)",0.0,1.5,0.0,3,3.0,4.5,5.0,6.0,0.301194211912,0.0
"(138, 3)",15.0,0.5,0.0,3,5.0,4.5,5.0,5.0,0.367879441171,0.75
"(138, 4)",15.0,1.0,0.0,3,3.0,4.5,5.0,6.0,0.301194211912,0.75
"(138, 5)",0.0,3.0,0.0,3,3.0,4.5,5.0,8.0,0.201896517995,0.0
"(138, 6)",15.0,1.0,4.0,0,0.0,4.5,5.0,6.0,0.301194211912,0.75
"(139, 1)",30.0,1.5,0.0,3,3.0,5.5,5.0,7.0,0.246596963942,0.0
"(139, 3)",30.0,0.5,0.0,3,3.0,5.5,5.0,6.0,0.301194211912,0.0
"(139, 5)",15.0,3.0,3.0,0,0.0,5.5,5.0,9.0,0.165298888222,0.0
"(139, 6)",15.0,1.0,3.0,0,0.0,5.5,5.0,7.0,0.246596963942,0.0
"(141, 0)",20.0,0.5,0.0,3,4.0,2.5,5.0,3.0,0.548811636094,0.75
"(141, 2)",40.0,4.0,0.0,3,4.0,3.5,5.0,8.0,0.201896517995,0.0
"(141, 3)",20.0,0.5,0.0,3,4.0,2.5,5.0,3.0,0.548811636094,0.75
"(141, 5)",20.0,3.0,4.0,0,0.0,2.5,5.0,6.0,0.301194211912,0.0
"(141, 6)",20.0,1.0,4.0,0,0.0,2.5,5.0,4.0,0.449328964117,0.0
"(144, 0)",10.0,0.5,1.0,0,0.0,8.5,5.0,9.0,0.165298888222,0.0
"(144, 1)",10.0,1.5,1.0,0,0.0,8.5,5.0,10.0,0.135335283237,0.0
"(144, 4)",20.0,1.0,0.0,3,1.0,8.5,5.0,10.0,0.135335283237,0.0
"(145, 0)",10.0,0.5,1.0,0,0.0,9.5,5.0,10.0,0.135335283237,0.0
"(145, 1)",10.0,1.5,1.0,0,0.0,9.5,5.0,11.0,0.110803158362,0.0
"(148, 0)",10.0,0.5,1.0,0,0.0,6.0,5.0,7.0,0.246596963942,0.0
"(148, 1)",10.0,1.5,1.0,0,0.0,6.0,5.0,8.0,0.201896517995,0.0
"(148, 3)",20.0,0.5,0.0,3,1.0,6.0,5.0,7.0,0.246596963942,0.0
"(148, 5)",20.0,3.0,0.0,3,1.0,6.0,5.0,9.0,0.165298888222,0.0
"(149, 0)",10.0,0.5,1.0,0,0.0,6.5,5.0,7.0,0.246596963942,0.0
"(149, 1)",10.0,1.5,1.0,0,0.0,6.5,5.0,8.0,0.201896517995,0.0
"(149, 5)",20.0,3.0,0.0,3,1.0,6.5,5.0,10.0,0.135335283237,0.0
"(151, 0)",0.0,0.5,0.0,3,3.0,5.5,5.0,6.0,0.301194211912,0.0
"(151, 3)",15.0,0.5,0.0,3,4.0,5.5,5.0,6.0,0.301194211912,0.75
"(151, 4)",15.0,1.0,0.0,3,2.0,5.5,5.0,7.0,0.246596963942,0.75
"(151, 5)",0.0,3.0,0.0,3,3.0,5.5,5.0,9.0,0.165298888222,0.0
"(151, 6)",15.0,1.0,3.0,0,0.0,6.5,5.0,8.0,0.201896517995,0.0
"(152, 0)",40.0,0.5,0.0,3,4.0,6.0,5.0,7.0,0.246596963942,0.0
"(152, 4)",40.0,1.0,0.0,3,4.0,6.0,5.0,7.0,0.246596963942,0.0
"(152, 5)",20.0,3.0,4.0,0,0.0,6.0,5.0,9.0,0.165298888222,0.0
"(152, 6)",20.0,1.0,4.0,0,0.0,6.0,5.0,7.0,0.246596963942,0.0
"(153, 0)",40.0,0.5,0.0,3,4.0,7.0,5.0,8.0,0.201896517995,0.0
"(153, 3)",40.0,0.5,0.0,3,4.0,7.0,5.0,8.0,0.201896517995,0.0
"(153, 5)",20.0,3.0,4.0,0,0.0,7.0,5.0,10.0,0.135335283237,0.0
"(153, 6)",20.0,1.0,4.0,0,0.0,7.0,5.0,8.0,0.201896517995,0.0
"(155, 1)",30.0,1.5,0.0,3,3.0,5.0,5.0,7.0,0.246596963942,0.0
"(155, 4)",30.0,1.0,0.0,3,3.0,5.0,5.0,6.0,0.301194211912,0.0
"(155, 5)",15.0,3.0,3.0,0,0.0,5.0,5.0,8.0,0.201896517995,0.0
"(155, 6)",15.0,1.0,3.0,0,0.0,5.0,5.0,6.0,0.301194211912,0.0
"(157, 0)",5.0,0.5,0.0,3,1.0,5.0,5.0,6.0,0.301194211912,0.75
"(157, 1)",0.0,1.5,1.0,0,0.0,5.0,5.0,7.0,0.246596963942,0.0
"(157, 2)",5.0,4.0,0.0,3,1.0,5.0,5.0,9.0,0.165298888222,0.75
"(157, 3)",5.0,0.5,0.0,3,1.0,5.0,5.0,6.0,0.301194211912,0.75
"(158, 0)",7.5,0.5,0.0,3,3.0,4.5,5.0,5.0,0.367879441171,0.75
"(158, 2)",7.5,4.0,0.0,3,3.0,4.5,5.0,9.0,0.165298888222,0.75
"(158, 4)",7.5,1.0,3.0,0,0.0,4.5,5.0,6.0,0.301194211912,0.75
"(158, 6)",7.5,1.0,4.0,0,0.0,4.5,5.0,6.0,0.301194211912,0.75
"(162, 1)",21.0,1.5,4.0,0,0.0,2.0,3.0,4.0,0.449328964117,1.0
"(162, 2)",21.0,4.0,2.0,0,0.0,2.0,3.0,6.0,0.301194211912,1.0
"(162, 4)",21.0,1.0,3.0,0,0.0,2.0,3.0,3.0,0.548811636094,1.0
"(162, 5)",21.0,3.0,4.0,0,0.0,2.0,3.0,5.0,0.367879441171,1.0
"(164, 1)",0.0,1.5,0.0,3,3.0,3.5,4.0,5.0,0.367879441171,0.0
"(164, 2)",0.0,4.0,0.0,3,3.0,3.5,4.0,8.0,0.201896517995,0.0
"(164, 3)",33.0,0.5,2.0,0,0.0,3.5,4.0,4.0,0.449328964117,0.75
"(164, 4)",33.0,1.0,1.0,0,0.0,3.5,4.0,5.0,0.367879441171,0.75
"(164, 6)",33.0,1.0,1.0,3,3.0,3.5,4.0,5.0,0.367879441171,0.75
"(165, 2)",0.0,4.0,0.0,3,3.0,5.0,4.0,9.0,0.165298888222,0.0
"(165, 3)",36.0,0.5,2.0,0,0.0,5.0,4.0,6.0,0.301194211912,0.75
"(165, 4)",36.0,1.0,2.0,0,0.0,5.0,4.0,6.0,0.301194211912,0.75
"(165, 6)",36.0,1.0,2.0,0,0.0,5.0,4.0,6.0,0.301194211912,0.75
"(169, 0)",50.0,0.5,0.0,3,5.0,6.5,5.0,7.0,0.246596963942,0.0
"(169, 3)",50.0,0.5,0.0,3,5.0,6.5,5.0,7.0,0.246596963942,0.0
"(169, 5)",25.0,3.0,5.0,0,0.0,7.5,5.0,11.0,0.110803158362,0.0
"(169, 6)",25.0,1.0,5.0,0,0.0,6.5,5.0,8.0,0.201896517995,0.0
"(177, 2)",0.0,4.0,0.0,3,3.0,5.0,3.0,9.0,0.165298888222,0.0
"(177, 3)",42.0,0.5,2.0,0,0.0,5.0,3.0,6.0,0.301194211912,0.75
"(177, 4)",42.0,1.0,3.0,0,0.0,5.0,3.0,6.0,0.301194211912,0.75
"(177, 6)",42.0,1.0,2.0,0,0.0,5.0,3.0,6.0,0.301194211912,0.75
"(180, 0)",0.0,0.5,0.0,3,3.0,8.5,5.0,9.0,0.165298888222,0.0
"(180, 3)",30.0,0.5,4.0,0,0.0,8.5,5.0,9.0,0.165298888222,0.75
"(180, 4)",30.0,1.0,4.0,0,0.0,8.5,5.0,10.0,0.135335283237,0.75
"(180, 6)",30.0,1.0,3.0,0,0.0,8.5,5.0,10.0,0.135335283237,0.75
"(182, 0)",10.0,0.5,1.0,0,0.0,4.5,5.0,5.0,0.367879441171,0.0
"(182, 1)",10.0,1.5,1.0,0,0.0,4.5,5.0,6.0,0.301194211912,0.0
"(182, 2)",10.0,4.0,1.0,0,0.0,4.5,5.0,9.0,0.165298888222,0.0
"(182, 3)",10.0,0.5,1.0,0,0.0,4.5,5.0,5.0,0.367879441171,0.0
"(182, 4)",20.0,1.0,0.0,3,1.0,4.5,5.0,6.0,0.301194211912,0.0
"(191, 0)",20.0,0.5,2.0,0,0.0,8.5,5.0,9.0,0.165298888222,0.0
"(191, 1)",20.0,1.5,2.0,0,0.0,8.5,5.0,10.0,0.135335283237,0.0
"(191, 4)",40.0,1.0,0.0,3,2.0,8.5,5.0,10.0,0.135335283237,0.0
"(194, 1)",30.0,1.5,0.0,3,3.0,2.0,5.0,4.0,0.449328964117,0.0
"(194, 2)",30.0,4.0,0.0,3,3.0,2.0,5.0,6.0,0.301194211912,0.0
"(194, 5)",15.0,3.0,3.0,0,0.0,2.0,5.0,5.0,0.367879441171,0.0
"(194, 6)",15.0,1.0,3.0,0,0.0,2.0,5.0,3.0,0.548811636094,0.0
"(196, 1)",13.5,1.5,2.0,3,2.0,1.0,3.0,3.0,0.548811636094,1.0
"(196, 2)",13.5,4.0,2.0,3,1.0,1.0,3.0,5.0,0.367879441171,1.0
"(196, 4)",13.5,1.0,2.0,0,0.0,1.0,3.0,2.0,0.670320046036,1.0
"(196, 5)",6.0,3.0,4.0,0,0.0,1.0,3.0,4.0,0.449328964117,1.0
"(196, 6)",7.5,1.0,0.0,3,3.0,1.0,3.0,2.0,0.670320046036,0.0
"(197, 1)",10.0,1.5,0.0,3,1.0,5.0,5.0,7.0,0.246596963942,0.0
"(197, 4)",10.0,1.0,0.0,3,1.0,5.0,5.0,6.0,0.301194211912,0.0
"(197, 5)",5.0,3.0,1.0,0,0.0,5.0,5.0,8.0,0.201896517995,0.0
"(197, 6)",5.0,1.0,1.0,0,0.0,5.0,5.0,6.0,0.301194211912,0.0
"(199, 0)",30.0,0.5,0.0,3,3.0,3.0,5.0,4.0,0.449328964117,0.0
"(199, 2)",30.0,4.0,0.0,3,3.0,3.0,5.0,7.0,0.246596963942,0.0
"(199, 3)",30.0,0.5,0.0,3,3.0,3.0,5.0,4.0,0.449328964117,0.0
"(199, 5)",15.0,3.0,3.0,0,0.0,3.0,5.0,6.0,0.301194211912,0.0
"(199, 6)",15.0,1.0,3.0,0,0.0,3.0,5.0,4.0,0.449328964117,0.0
"(200, 0)",15.0,0.5,0.0,3,3.0,2.5,5.0,3.0,0.548811636094,0.75
"(200, 2)",30.0,4.0,0.0,3,3.0,3.5,5.0,8.0,0.201896517995,0.0
"(200, 3)",15.0,0.5,0.0,3,3.0,2.5,5.0,3.0,0.548811636094,0.75
"(200, 5)",15.0,3.0,3.0,0,0.0,3.5,5.0,7.0,0.246596963942,0.0
"(200, 6)",15.0,1.0,3.0,0,0.0,3.5,5.0,5.0,0.367879441171,0.0
"(203, 0)",30.0,0.5,0.0,3,3.0,6.5,5.0,7.0,0.246596963942,0.0
"(203, 3)",30.0,0.5,0.0,3,3.0,6.5,5.0,7.0,0.246596963942,0.0
"(203, 5)",15.0,3.0,3.0,0,0.0,7.5,5.0,11.0,0.110803158362,0.0
"(203, 6)",15.0,1.0,3.0,0,0.0,7.5,5.0,9.0,0.165298888222,0.0
"(205, 0)",50.0,0.5,0.0,3,5.0,3.0,5.0,4.0,0.449328964117,0.0
"(205, 2)",50.0,4.0,0.0,3,5.0,3.0,5.0,7.0,0.246596963942,0.0
"(205, 3)",50.0,0.5,0.0,3,5.0,3.0,5.0,4.0,0.449328964117,0.0
"(205, 5)",25.0,3.0,5.0,0,0.0,3.0,5.0,6.0,0.301194211912,0.0
"(205, 6)",25.0,1.0,5.0,0,0.0,3.0,5.0,4.0,0.449328964117,0.0
"(206, 0)",50.0,0.5,0.0,3,5.0,7.0,5.0,8.0,0.201896517995,0.0
"(206, 3)",50.0,0.5,0.0,3,5.0,7.0,5.0,8.0,0.201896517995,0.0
"(206, 5)",25.0,3.0,5.0,0,0.0,7.0,5.0,10.0,0.135335283237,0.0
"(206, 6)",25.0,1.0,5.0,0,0.0,7.0,5.0,8.0,0.201896517995,0.0
"(213, 1)",30.0,1.5,0.0,3,3.0,6.0,5.0,8.0,0.201896517995,0.0
"(213, 5)",15.0,3.0,3.0,0,0.0,6.0,5.0,9.0,0.165298888222,0.0
"(213, 6)",15.0,1.0,3.0,0,0.0,6.0,5.0,7.0,0.246596963942,0.0
"(214, 2)",20.0,4.0,0.0,3,2.0,2.5,5.0,7.0,0.246596963942,0.0
"(214, 4)",20.0,1.0,0.0,3,2.0,2.5,5.0,4.0,0.449328964117,0.0
"(214, 5)",10.0,3.0,2.0,0,0.0,2.5,5.0,6.0,0.301194211912,0.0
"(214, 6)",10.0,1.0,2.0,0,0.0,2.5,5.0,4.0,0.449328964117,0.0
"(215, 0)",20.0,0.5,2.0,0,0.0,6.0,5.0,7.0,0.246596963942,0.0
"(215, 1)",20.0,1.5,2.0,0,0.0,6.0,5.0,8.0,0.201896517995,0.0
"(215, 3)",40.0,0.5,0.0,3,2.0,6.0,5.0,7.0,0.246596963942,0.0
"(215, 5)",40.0,3.0,0.0,3,2.0,6.0,5.0,9.0,0.165298888222,0.0
"(217, 0)",5.0,0.5,0.0,3,1.0,4.0,5.0,5.0,0.367879441171,0.75
"(217, 1)",0.0,1.5,1.0,0,0.0,4.0,5.0,6.0,0.301194211912,0.0
"(217, 2)",5.0,4.0,0.0,3,1.0,4.0,5.0,8.0,0.201896517995,0.75
"(217, 3)",5.0,0.5,0.0,3,1.0,4.0,5.0,5.0,0.367879441171,0.75
"(217, 4)",0.0,1.0,0.0,3,1.0,4.0,5.0,5.0,0.367879441171,0.0
"(218, 0)",10.0,0.5,1.0,0,0.0,8.0,5.0,9.0,0.165298888222,0.0
"(218, 1)",10.0,1.5,1.0,0,0.0,8.0,5.0,10.0,0.135335283237,0.0
"(218, 3)",20.0,0.5,0.0,3,1.0,8.0,5.0,9.0,0.165298888222,0.0
"(218, 4)",20.0,1.0,0.0,3,1.0,8.0,5.0,9.0,0.165298888222,0.0
"(219, 0)",20.0,0.5,2.0,0,0.0,8.0,5.0,9.0,0.165298888222,0.0
"(219, 1)",20.0,1.5,2.0,0,0.0,8.0,5.0,10.0,0.135335283237,0.0
"(219, 3)",40.0,0.5,0.0,3,2.0,8.0,5.0,9.0,0.165298888222,0.0
"(219, 4)",40.0,1.0,0.0,3,2.0,8.0,5.0,9.0,0.165298888222,0.0
"(222, 4)",40.0,1.0,0.0,3,4.0,6.5,5.0,8.0,0.201896517995,0.0
"(222, 5)",20.0,3.0,4.0,0,0.0,6.5,5.0,10.0,0.135335283237,0.0
"(222, 6)",20.0,1.0,4.0,0,0.0,6.5,5.0,8.0,0.201896517995,0.0
"(224, 1)",50.0,1.5,0.0,3,5.0,5.0,5.0,7.0,0.246596963942,0.0
"(224, 4)",50.0,1.0,0.0,3,5.0,5.0,5.0,6.0,0.301194211912,0.0
"(224, 5)",25.0,3.0,5.0,0,0.0,5.0,5.0,8.0,0.201896517995,0.0
"(224, 6)",25.0,1.0,5.0,0,0.0,5.0,5.0,6.0,0.301194211912,0.0
"(225, 4)",50.0,1.0,0.0,3,5.0,6.5,5.0,8.0,0.201896517995,0.0
"(225, 5)",25.0,3.0,5.0,0,0.0,6.5,5.0,10.0,0.135335283237,0.0
"(225, 6)",25.0,1.0,5.0,0,0.0,6.5,5.0,8.0,0.201896517995,0.0
"(228, 0)",10.0,0.5,1.0,0,0.0,9.0,5.0,10.0,0.135335283237,0.0
"(228, 1)",10.0,1.5,1.0,0,0.0,9.0,5.0,11.0,0.110803158362,0.0
"(228, 3)",20.0,0.5,0.0,3,1.0,9.0,5.0,10.0,0.135335283237,0.0
"(229, 1)",10.0,1.5,0.0,3,1.0,5.5,5.0,7.0,0.246596963942,0.0
"(229, 3)",10.0,0.5,0.0,3,1.0,5.5,5.0,6.0,0.301194211912,0.0
"(229, 5)",5.0,3.0,1.0,0,0.0,5.5,5.0,9.0,0.165298888222,0.0
"(229, 6)",5.0,1.0,1.0,0,0.0,5.5,5.0,7.0,0.246596963942,0.0
"(232, 1)",20.0,1.5,0.0,3,2.0,5.0,5.0,7.0,0.246596963942,0.0
"(232, 4)",20.0,1.0,0.0,3,2.0,5.0,5.0,6.0,0.301194211912,0.0
"(232, 5)",10.0,3.0,2.0,0,0.0,5.0,5.0,8.0,0.201896517995,0.0
"(232, 6)",10.0,1.0,2.0,0,0.0,5.0,5.0,6.0,0.301194211912,0.0
"(238, 1)",30.0,1.5,0.0,3,3.0,6.0,5.0,8.0,0.201896517995,0.0
"(238, 5)",15.0,3.0,3.0,0,0.0,6.0,5.0,9.0,0.165298888222,0.0
"(238, 6)",15.0,1.0,3.0,0,0.0,6.0,5.0,7.0,0.246596963942,0.0
"(239, 1)",0.0,1.5,0.0,3,3.0,7.5,5.0,9.0,0.165298888222,0.0
"(239, 3)",30.0,0.5,3.0,0,0.0,7.5,5.0,8.0,0.201896517995,0.75
"(239, 4)",30.0,1.0,1.0,0,0.0,7.5,5.0,9.0,0.165298888222,0.75
"(239, 6)",30.0,1.0,2.0,0,0.0,7.5,5.0,9.0,0.165298888222,0.75
"(248, 0)",20.0,0.5,2.0,0,0.0,9.0,5.0,10.0,0.135335283237,0.0
"(248, 1)",20.0,1.5,2.0,0,0.0,9.0,5.0,11.0,0.110803158362,0.0
"(248, 3)",40.0,0.5,0.0,3,2.0,9.0,5.0,10.0,0.135335283237,0.0
"(252, 1)",16.5,1.5,3.0,3,1.0,1.0,2.0,3.0,0.548811636094,1.0
"(252, 2)",16.5,4.0,3.0,3,1.0,1.0,2.0,5.0,0.367879441171,1.0
"(252, 4)",16.5,1.0,2.0,0,0.0,1.0,2.0,2.0,0.670320046036,1.0
"(252, 5)",9.0,3.0,2.0,0,0.0,1.0,2.0,4.0,0.449328964117,1.0
"(252, 6)",7.5,1.0,0.0,3,3.0,1.0,2.0,2.0,0.670320046036,0.0
"(255, 3)",27.0,0.5,2.0,0,0.0,6.0,3.0,7.0,0.246596963942,0.75
"(255, 4)",27.0,1.0,2.0,3,1.0,6.0,3.0,7.0,0.246596963942,0.75
"(255, 5)",0.0,3.0,0.0,3,3.0,6.0,3.0,9.0,0.165298888222,0.0
"(255, 6)",27.0,1.0,4.0,0,0.0,6.0,3.0,7.0,0.246596963942,0.75
"(257, 1)",50.0,1.5,0.0,3,5.0,6.0,5.0,8.0,0.201896517995,0.0
"(257, 5)",25.0,3.0,5.0,0,0.0,6.0,5.0,9.0,0.165298888222,0.0
"(257, 6)",25.0,1.0,5.0,0,0.0,6.0,5.0,7.0,0.246596963942,0.0
"(264, 4)",10.0,1.0,0.0,3,1.0,6.5,5.0,8.0,0.201896517995,0.0
"(264, 5)",5.0,3.0,1.0,0,0.0,6.5,5.0,10.0,0.135335283237,0.0
"(264, 6)",5.0,1.0,1.0,0,0.0,6.5,5.0,8.0,0.201896517995,0.0
"(267, 1)",20.0,1.5,0.0,3,2.0,2.0,5.0,4.0,0.449328964117,0.0
"(267, 2)",20.0,4.0,0.0,3,2.0,2.0,5.0,6.0,0.301194211912,0.0
"(267, 5)",10.0,3.0,2.0,0,0.0,2.0,5.0,5.0,0.367879441171,0.0
"(267, 6)",10.0,1.0,2.0,0,0.0,2.0,5.0,3.0,0.548811636094,0.0
"(269, 0)",10.0,0.5,0.0,3,1.0,7.0,5.0,8.0,0.201896517995,0.0
"(269, 3)",10.0,0.5,0.0,3,1.0,7.0,5.0,8.0,0.201896517995,0.0
"(269, 5)",5.0,3.0,1.0,0,0.0,7.0,5.0,10.0,0.135335283237,0.0
"(269, 6)",5.0,1.0,1.0,0,0.0,7.0,5.0,8.0,0.201896517995,0.0
"(273, 4)",20.0,1.0,0.0,3,2.0,6.5,5.0,8.0,0.201896517995,0.0
"(273, 5)",10.0,3.0,2.0,0,0.0,6.5,5.0,10.0,0.135335283237,0.0
"(273, 6)",10.0,1.0,2.0,0,0.0,6.5,5.0,8.0,0.201896517995,0.0
"(274, 5)",10.0,3.0,2.0,0,0.0,7.5,5.0,11.0,0.110803158362,0.0
"(274, 6)",10.0,1.0,2.0,0,0.0,7.5,5.0,9.0,0.165298888222,0.0
"(277, 1)",24.0,1.5,3.0,0,0.0,2.0,2.0,4.0,0.449328964117,1.0
"(277, 2)",24.0,4.0,3.0,0,0.0,2.0,2.0,6.0,0.301194211912,1.0
"(277, 4)",24.0,1.0,2.0,0,0.0,2.0,2.0,3.0,0.548811636094,1.0
"(277, 5)",24.0,3.0,4.0,0,0.0,2.0,2.0,5.0,0.367879441171,1.0
"(280, 0)",0.0,0.5,0.0,3,3.0,1.0,1.0,2.0,0.670320046036,0.75
"(280, 1)",22.0,1.5,4.0,0,0.0,1.0,1.0,3.0,0.548811636094,1.0
"(280, 3)",0.0,0.5,0.0,3,3.0,1.0,1.0,2.0,0.670320046036,0.75
"(280, 4)",22.0,1.0,2.0,0,0.0,1.0,1.0,2.0,0.670320046036,1.0
"(280, 5)",22.0,3.0,3.0,0,0.0,1.0,1.0,4.0,0.449328964117,1.0
"(281, 0)",5.0,0.5,0.0,3,3.0,1.5,1.0,2.0,0.670320046036,0.0
"(281, 1)",17.0,1.5,3.0,0,0.0,1.5,1.0,3.0,0.548811636094,1.0
"(281, 2)",22.0,4.0,3.0,0,0.0,1.5,1.0,6.0,0.301194211912,1.0
"(281, 3)",5.0,0.5,0.0,3,3.0,1.5,1.0,2.0,0.670320046036,0.0
"(281, 4)",22.0,1.0,2.0,0,0.0,1.5,1.0,3.0,0.548811636094,1.0
"(281, 5)",22.0,3.0,4.0,0,0.0,1.5,1.0,5.0,0.367879441171,1.0
"(284, 0)",20.0,0.5,0.0,3,2.0,7.0,5.0,8.0,0.201896517995,0.0
"(284, 3)",20.0,0.5,0.0,3,2.0,7.0,5.0,8.0,0.201896517995,0.0
"(284, 5)",10.0,3.0,2.0,0,0.0,7.0,5.0,10.0,0.135335283237,0.0
"(284, 6)",10.0,1.0,2.0,0,0.0,7.0,5.0,8.0,0.201896517995,0.0
"(285, 0)",15.0,0.5,0.0,3,3.0,3.0,4.0,4.0,0.449328964117,0.75
"(285, 1)",0.0,1.5,0.0,3,3.0,3.0,4.0,5.0,0.367879441171,0.0
"(285, 2)",15.0,4.0,0.0,3,3.0,3.0,4.0,7.0,0.246596963942,0.75
"(285, 4)",3.0,1.0,1.0,3,2.0,3.0,4.0,4.0,0.449328964117,0.75
"(285, 6)",3.0,1.0,1.0,3,2.0,3.0,4.0,4.0,0.449328964117,0.75
"(286, 1)",0.0,1.5,0.0,3,3.0,7.5,4.0,9.0,0.165298888222,0.0
"(286, 3)",36.0,0.5,3.0,0,0.0,7.5,4.0,8.0,0.201896517995,0.75
"(286, 4)",36.0,1.0,3.0,0,0.0,7.5,4.0,9.0,0.165298888222,0.75
"(286, 6)",36.0,1.0,3.0,0,0.0,7.5,4.0,9.0,0.165298888222,0.75
"(288, 0)",20.0,0.5,2.0,0,0.0,2.5,5.0,3.0,0.548811636094,0.0
"(288, 1)",20.0,1.5,2.0,0,0.0,2.5,5.0,4.0,0.449328964117,0.0
"(288, 2)",40.0,4.0,0.0,3,2.0,2.5,5.0,7.0,0.246596963942,0.0
"(288, 3)",20.0,0.5,2.0,0,0.0,2.5,5.0,3.0,0.548811636094,0.0
"(288, 5)",40.0,3.0,0.0,3,2.0,2.5,5.0,6.0,0.301194211912,0.0
"(290, 0)",10.0,0.5,1.0,0,0.0,5.5,5.0,6.0,0.301194211912,0.0
"(290, 1)",10.0,1.5,1.0,0,0.0,5.5,5.0,7.0,0.246596963942,0.0
"(290, 4)",20.0,1.0,0.0,3,1.0,5.5,5.0,7.0,0.246596963942,0.0
"(290, 5)",20.0,3.0,0.0,3,1.0,5.5,5.0,9.0,0.165298888222,0.0
"(295, 1)",20.0,1.5,0.0,3,2.0,6.0,5.0,8.0,0.201896517995,0.0
"(295, 5)",10.0,3.0,2.0,0,0.0,6.0,5.0,9.0,0.165298888222,0.0
"(295, 6)",10.0,1.0,2.0,0,0.0,6.0,5.0,7.0,0.246596963942,0.0
"(297, 1)",18.0,1.5,3.0,0,0.0,2.0,4.0,4.0,0.449328964117,1.0
"(297, 2)",18.0,4.0,2.0,0,0.0,2.0,4.0,6.0,0.301194211912,1.0
"(297, 4)",18.0,1.0,3.0,0,0.0,2.0,4.0,3.0,0.548811636094,1.0
"(297, 5)",18.0,3.0,2.0,0,0.0,2.0,4.0,5.0,0.367879441171,1.0
"(301, 2)",30.0,4.0,0.0,3,3.0,3.5,5.0,8.0,0.201896517995,0.0
"(301, 5)",15.0,3.0,3.0,0,0.0,3.5,5.0,7.0,0.246596963942,0.0
"(301, 6)",15.0,1.0,3.0,0,0.0,3.5,5.0,5.0,0.367879441171,0.0
"(302, 5)",15.0,3.0,3.0,0,0.0,7.5,5.0,11.0,0.110803158362,0.0
"(302, 6)",15.0,1.0,3.0,0,0.0,7.5,5.0,9.0,0.165298888222,0.0
"(307, 0)",40.0,0.5,0.0,3,4.0,6.5,5.0,7.0,0.246596963942,0.0
"(307, 3)",40.0,0.5,0.0,3,4.0,6.5,5.0,7.0,0.246596963942,0.0
"(307, 5)",20.0,3.0,4.0,0,0.0,7.5,5.0,11.0,0.110803158362,0.0
"(307, 6)",20.0,1.0,4.0,0,0.0,7.5,5.0,9.0,0.165298888222,0.0
"(308, 0)",20.0,0.5,0.0,3,2.0,3.0,5.0,4.0,0.449328964117,0.0
"(308, 2)",20.0,4.0,0.0,3,2.0,3.0,5.0,7.0,0.246596963942,0.0
"(308, 3)",20.0,0.5,0.0,3,2.0,3.0,5.0,4.0,0.449328964117,0.0
"(308, 5)",10.0,3.0,2.0,0,0.0,3.0,5.0,6.0,0.301194211912,0.0
"(308, 6)",10.0,1.0,2.0,0,0.0,3.0,5.0,4.0,0.449328964117,0.0
"(314, 0)",20.0,0.5,2.0,0,0.0,6.5,5.0,7.0,0.246596963942,0.0
"(314, 1)",20.0,1.5,2.0,0,0.0,6.5,5.0,8.0,0.201896517995,0.0
"(314, 5)",40.0,3.0,0.0,3,2.0,6.5,5.0,10.0,0.135335283237,0.0
"(322, 0)",15.0,0.5,0.0,3,3.0,4.0,5.0,5.0,0.367879441171,0.75
"(322, 1)",0.0,1.5,3.0,0,0.0,4.0,5.0,6.0,0.301194211912,0.0
"(322, 2)",15.0,4.0,0.0,3,3.0,4.0,5.0,8.0,0.201896517995,0.75
"(322, 3)",15.0,0.5,0.0,3,3.0,4.0,5.0,5.0,0.367879441171,0.75
"(322, 4)",0.0,1.0,0.0,3,3.0,4.0,5.0,5.0,0.367879441171,0.0
"(323, 0)",30.0,0.5,3.0,0,0.0,4.5,5.0,5.0,0.367879441171,0.0
"(323, 1)",30.0,1.5,3.0,0,0.0,4.5,5.0,6.0,0.301194211912,0.0
"(323, 2)",60.0,4.0,0.0,3,3.0,4.5,5.0,9.0,0.165298888222,0.0
"(323, 3)",30.0,0.5,3.0,0,0.0,4.5,5.0,5.0,0.367879441171,0.0
"(323, 4)",60.0,1.0,0.0,3,3.0,4.5,5.0,6.0,0.301194211912,0.0
"(324, 0)",30.0,0.5,3.0,0,0.0,5.5,5.0,6.0,0.301194211912,0.0
"(324, 1)",30.0,1.5,3.0,0,0.0,5.5,5.0,7.0,0.246596963942,0.0
"(324, 2)",30.0,4.0,3.0,0,0.0,5.5,5.0,10.0,0.135335283237,0.0
"(324, 3)",30.0,0.5,3.0,0,0.0,5.5,5.0,6.0,0.301194211912,0.0
"(329, 0)",30.0,0.5,0.0,3,3.0,7.0,5.0,8.0,0.201896517995,0.0
"(329, 3)",30.0,0.5,0.0,3,3.0,7.0,5.0,8.0,0.201896517995,0.0
"(329, 5)",15.0,3.0,3.0,0,0.0,7.0,5.0,10.0,0.135335283237,0.0
"(329, 6)",15.0,1.0,3.0,0,0.0,7.0,5.0,8.0,0.201896517995,0.0
"(337, 0)",15.0,0.5,0.0,3,3.0,5.0,5.0,6.0,0.301194211912,0.75
"(337, 1)",0.0,1.5,3.0,0,0.0,5.0,5.0,7.0,0.246596963942,0.0
"(337, 2)",15.0,4.0,0.0,3,3.0,5.0,5.0,9.0,0.165298888222,0.75
"(337, 3)",15.0,0.5,0.0,3,3.0,5.0,5.0,6.0,0.301194211912,0.75
"(349, 0)",40.0,0.5,4.0,0,0.0,4.5,5.0,5.0,0.367879441171,0.0
"(349, 1)",40.0,1.5,4.0,0,0.0,4.5,5.0,6.0,0.301194211912,0.0
"(349, 2)",40.0,4.0,4.0,0,0.0,4.5,5.0,9.0,0.165298888222,0.0
"(349, 3)",40.0,0.5,4.0,0,0.0,4.5,5.0,5.0,0.367879441171,0.0
"(349, 4)",80.0,1.0,0.0,3,4.0,4.5,5.0,6.0,0.301194211912,0.0
"(352, 0)",30.0,0.5,3.0,0,0.0,4.5,5.0,5.0,0.367879441171,0.0
"(352, 1)",30.0,1.5,3.0,0,0.0,4.5,5.0,6.0,0.301194211912,0.0
"(352, 2)",30.0,4.0,3.0,0,0.0,4.5,5.0,9.0,0.165298888222,0.0
"(352, 3)",30.0,0.5,3.0,0,0.0,4.5,5.0,5.0,0.367879441171,0.0
"(352, 4)",60.0,1.0,0.0,3,3.0,4.5,5.0,6.0,0.301194211912,0.0
"(355, 0)",15.0,0.5,0.0,3,3.0,3.0,3.0,4.0,0.449328964117,0.75
"(355, 1)",0.0,1.5,0.0,3,3.0,3.0,3.0,5.0,0.367879441171,0.0
"(355, 2)",15.0,4.0,0.0,3,3.0,3.0,3.0,7.0,0.246596963942,0.75
"(355, 4)",6.0,1.0,2.0,3,1.0,3.0,3.0,4.0,0.449328964117,0.75
"(355, 6)",6.0,1.0,2.0,0,0.0,3.0,3.0,4.0,0.449328964117,0.75
"(356, 0)",10.0,0.5,0.0,3,2.0,4.0,5.0,5.0,0.367879441171,0.75
"(356, 1)",0.0,1.5,2.0,0,0.0,4.0,5.0,6.0,0.301194211912,0.0
"(356, 2)",10.0,4.0,0.0,3,2.0,4.0,5.0,8.0,0.201896517995,0.75
"(356, 3)",10.0,0.5,0.0,3,2.0,4.0,5.0,5.0,0.367879441171,0.75
"(356, 4)",0.0,1.0,0.0,3,2.0,4.0,5.0,5.0,0.367879441171,0.0
"(357, 0)",10.0,0.5,0.0,3,2.0,5.0,5.0,6.0,0.301194211912,0.75
"(357, 1)",0.0,1.5,2.0,0,0.0,5.0,5.0,7.0,0.246596963942,0.0
"(357, 2)",10.0,4.0,0.0,3,2.0,5.0,5.0,9.0,0.165298888222,0.75
"(357, 3)",10.0,0.5,0.0,3,2.0,5.0,5.0,6.0,0.301194211912,0.75
"(358, 0)",20.0,0.5,2.0,0,0.0,9.0,5.0,10.0,0.135335283237,0.0
"(358, 1)",20.0,1.5,2.0,0,0.0,9.0,5.0,11.0,0.110803158362,0.0
"(358, 3)",40.0,0.5,0.0,3,2.0,9.0,5.0,10.0,0.135335283237,0.0
"(361, 1)",50.0,1.5,0.0,3,5.0,5.5,5.0,7.0,0.246596963942,0.0
"(361, 3)",50.0,0.5,0.0,3,5.0,5.5,5.0,6.0,0.301194211912,0.0
"(361, 5)",25.0,3.0,5.0,0,0.0,5.5,5.0,9.0,0.165298888222,0.0
"(361, 6)",25.0,1.0,5.0,0,0.0,5.5,5.0,7.0,0.246596963942,0.0
"(365, 2)",20.0,4.0,0.0,3,2.0,3.5,5.0,8.0,0.201896517995,0.0
"(365, 5)",10.0,3.0,2.0,0,0.0,3.5,5.0,7.0,0.246596963942,0.0
"(365, 6)",10.0,1.0,2.0,0,0.0,3.5,5.0,5.0,0.367879441171,0.0
"(368, 3)",33.0,0.5,3.0,0,0.0,6.0,2.0,7.0,0.246596963942,0.75
"(368, 4)",33.0,1.0,3.0,0,0.0,6.0,2.0,7.0,0.246596963942,0.75
"(368, 5)",0.0,3.0,0.0,3,3.0,6.0,2.0,9.0,0.165298888222,0.0
"(368, 6)",33.0,1.0,3.0,0,0.0,6.0,2.0,7.0,0.246596963942,0.75
"(369, 1)",30.0,1.5,0.0,3,3.0,5.0,5.0,7.0,0.246596963942,0.0
"(369, 4)",30.0,1.0,0.0,3,3.0,5.0,5.0,6.0,0.301194211912,0.0
"(369, 5)",15.0,3.0,3.0,0,0.0,5.0,5.0,8.0,0.201896517995,0.0
"(369, 6)",15.0,1.0,3.0,0,0.0,5.0,5.0,6.0,0.301194211912,0.0
"(375, 0)",20.0,0.5,2.0,0,0.0,5.5,5.0,6.0,0.301194211912,0.0
"(375, 1)",20.0,1.5,2.0,0,0.0,5.5,5.0,7.0,0.246596963942,0.0
"(375, 2)",20.0,4.0,2.0,0,0.0,5.5,5.0,10.0,0.135335283237,0.0
"(375, 3)",20.0,0.5,2.0,0,0.0,5.5,5.0,6.0,0.301194211912,0.0
"(378, 0)",40.0,0.5,0.0,3,4.0,3.0,5.0,4.0,0.449328964117,0.0
"(378, 2)",40.0,4.0,0.0,3,4.0,3.0,5.0,7.0,0.246596963942,0.0
"(378, 3)",40.0,0.5,0.0,3,4.0,3.0,5.0,4.0,0.449328964117,0.0
"(378, 5)",20.0,3.0,4.0,0,0.0,3.0,5.0,6.0,0.301194211912,0.0
"(378, 6)",20.0,1.0,4.0,0,0.0,3.0,5.0,4.0,0.449328964117,0.0
"(379, 0)",15.0,0.5,0.0,3,3.0,7.0,3.0,8.0,0.201896517995,0.0
"(379, 1)",15.0,1.5,0.0,3,3.0,7.0,3.0,9.0,0.165298888222,0.0
"(379, 3)",27.0,0.5,2.0,3,2.0,7.0,3.0,8.0,0.201896517995,0.75
"(379, 4)",27.0,1.0,2.0,3,3.0,7.0,3.0,8.0,0.201896517995,0.75
"(379, 6)",27.0,1.0,1.0,0,0.0,7.0,3.0,8.0,0.201896517995,0.75
"(380, 0)",20.0,0.5,2.0,0,0.0,7.5,5.0,8.0,0.201896517995,0.0
"(380, 1)",20.0,1.5,2.0,0,0.0,7.5,5.0,9.0,0.165298888222,0.0
"(380, 4)",40.0,1.0,0.0,3,2.0,7.5,5.0,9.0,0.165298888222,0.0
"(380, 6)",40.0,1.0,0.0,3,2.0,7.5,5.0,9.0,0.165298888222,0.0
"(382, 0)",30.0,0.5,3.0,0,0.0,9.0,5.0,10.0,0.135335283237,0.0
"(382, 1)",30.0,1.5,3.0,0,0.0,9.0,5.0,11.0,0.110803158362,0.0
"(382, 3)",60.0,0.5,0.0,3,3.0,9.0,5.0,10.0,0.135335283237,0.0
"(384, 0)",20.0,0.5,2.0,0,0.0,8.5,5.0,9.0,0.165298888222,0.0
"(384, 1)",20.0,1.5,2.0,0,0.0,8.5,5.0,10.0,0.135335283237,0.0
"(384, 6)",40.0,1.0,0.0,3,2.0,8.5,5.0,10.0,0.135335283237,0.0
"(386, 0)",5.0,0.5,0.0,3,1.0,4.0,5.0,5.0,0.367879441171,0.75
"(386, 1)",0.0,1.5,1.0,0,0.0,4.0,5.0,6.0,0.301194211912,0.0
"(386, 2)",5.0,4.0,0.0,3,1.0,4.0,5.0,8.0,0.201896517995,0.75
"(386, 3)",5.0,0.5,0.0,3,1.0,4.0,5.0,5.0,0.367879441171,0.75
"(386, 4)",0.0,1.0,0.0,3,1.0,4.0,5.0,5.0,0.367879441171,0.0
"(387, 0)",10.0,0.5,1.0,0,0.0,8.0,5.0,9.0,0.165298888222,0.0
"(387, 1)",10.0,1.5,1.0,0,0.0,8.0,5.0,10.0,0.135335283237,0.0
"(387, 3)",20.0,0.5,0.0,3,1.0,8.0,5.0,9.0,0.165298888222,0.0
"(387, 4)",20.0,1.0,0.0,3,1.0,8.0,5.0,9.0,0.165298888222,0.0
"(392, 0)",0.0,0.5,0.0,3,3.0,8.5,3.0,9.0,0.165298888222,0.0
"(392, 3)",42.0,0.5,1.0,0,0.0,8.5,3.0,9.0,0.165298888222,0.75
"(392, 4)",42.0,1.0,4.0,0,0.0,8.5,3.0,10.0,0.135335283237,0.75
"(392, 6)",42.0,1.0,2.0,0,0.0,8.5,3.0,10.0,0.135335283237,0.75
"(394, 0)",20.0,0.5,2.0,0,0.0,5.5,5.0,6.0,0.301194211912,0.0
"(394, 1)",20.0,1.5,2.0,0,0.0,5.5,5.0,7.0,0.246596963942,0.0
"(394, 4)",40.0,1.0,0.0,3,2.0,5.5,5.0,7.0,0.246596963942,0.0
"(394, 5)",40.0,3.0,0.0,3,2.0,5.5,5.0,9.0,0.165298888222,0.0
"(398, 2)",0.0,4.0,0.0,3,3.0,2.0,4.0,6.0,0.301194211912,0.0
"(398, 3)",21.0,0.5,1.0,3,2.0,2.0,4.0,3.0,0.548811636094,0.75
"(398, 4)",21.0,1.0,1.0,3,1.0,2.0,4.0,3.0,0.548811636094,0.75
"(398, 5)",0.0,3.0,0.0,3,3.0,2.0,4.0,5.0,0.367879441171,0.0
"(398, 6)",21.0,1.0,5.0,0,0.0,2.0,4.0,3.0,0.548811636094,0.75
"(403, 0)",20.0,0.5,2.0,0,0.0,4.5,5.0,5.0,0.367879441171,0.0
"(403, 1)",20.0,1.5,2.0,0,0.0,4.5,5.0,6.0,0.301194211912,0.0
"(403, 2)",20.0,4.0,2.0,0,0.0,4.5,5.0,9.0,0.165298888222,0.0
"(403, 3)",20.0,0.5,2.0,0,0.0,4.5,5.0,5.0,0.367879441171,0.0
"(403, 4)",40.0,1.0,0.0,3,2.0,4.5,5.0,6.0,0.301194211912,0.0
"(404, 0)",0.0,0.5,0.0,3,3.0,1.0,2.0,2.0,0.670320046036,0.75
"(404, 1)",19.0,1.5,2.0,0,0.0,1.0,2.0,3.0,0.548811636094,1.0
"(404, 3)",0.0,0.5,0.0,3,3.0,1.0,2.0,2.0,0.670320046036,0.75
"(404, 4)",19.0,1.0,2.0,0,0.0,1.0,2.0,2.0,0.670320046036,1.0
"(404, 5)",19.0,3.0,3.0,0,0.0,1.0,2.0,4.0,0.449328964117,1.0
"(413, 0)",20.0,0.5,2.0,0,0.0,8.0,5.0,9.0,0.165298888222,0.0
"(413, 1)",20.0,1.5,2.0,0,0.0,8.0,5.0,10.0,0.135335283237,0.0
"(413, 3)",40.0,0.5,0.0,3,2.0,8.0,5.0,9.0,0.165298888222,0.0
"(413, 4)",40.0,1.0,0.0,3,2.0,8.0,5.0,9.0,0.165298888222,0.0
"(414, 0)",20.0,0.5,2.0,0,0.0,8.5,5.0,9.0,0.165298888222,0.0
"(414, 1)",20.0,1.5,2.0,0,0.0,8.5,5.0,10.0,0.135335283237,0.0
"(414, 4)",40.0,1.0,0.0,3,2.0,8.5,5.0,10.0,0.135335283237,0.0
"(415, 0)",20.0,0.5,2.0,0,0.0,9.5,5.0,10.0,0.135335283237,0.0
"(415, 1)",20.0,1.5,2.0,0,0.0,9.5,5.0,11.0,0.110803158362,0.0
"(416, 0)",10.5,0.5,0.0,3,3.0,4.5,3.0,5.0,0.367879441171,0.75
"(416, 2)",10.5,4.0,0.0,3,3.0,4.5,3.0,9.0,0.165298888222,0.75
"(416, 4)",10.5,1.0,4.0,0,0.0,4.5,3.0,6.0,0.301194211912,0.75
"(416, 6)",10.5,1.0,4.0,0,0.0,4.5,3.0,6.0,0.301194211912,0.75
"(418, 1)",0.0,1.5,0.0,3,3.0,4.5,4.0,6.0,0.301194211912,0.0
"(418, 3)",21.0,0.5,1.0,3,1.0,4.5,4.0,5.0,0.367879441171,0.75
"(418, 4)",21.0,1.0,1.0,3,1.0,4.5,4.0,6.0,0.301194211912,0.75
"(418, 5)",0.0,3.0,0.0,3,3.0,4.5,4.0,8.0,0.201896517995,0.0
"(418, 6)",21.0,1.0,4.0,0,0.0,4.5,4.0,6.0,0.301194211912,0.75
"(420, 0)",4.5,0.5,0.0,3,3.0,1.5,2.0,2.0,0.670320046036,0.75
"(420, 2)",4.5,4.0,0.0,3,3.0,1.5,2.0,6.0,0.301194211912,0.75
"(420, 4)",19.5,1.0,3.0,0,0.0,1.5,2.0,3.0,0.548811636094,0.75
"(420, 5)",0.0,3.0,0.0,3,3.0,1.5,2.0,5.0,0.367879441171,0.0
"(420, 6)",19.5,1.0,1.0,0,0.0,1.5,2.0,3.0,0.548811636094,0.75
"(421, 0)",0.0,0.5,0.0,3,3.0,5.5,2.0,6.0,0.301194211912,0.0
"(421, 3)",33.0,0.5,3.0,3,1.0,5.5,2.0,6.0,0.301194211912,0.75
"(421, 4)",33.0,1.0,3.0,0,0.0,5.5,2.0,7.0,0.246596963942,0.75
"(421, 5)",0.0,3.0,0.0,3,3.0,5.5,2.0,9.0,0.165298888222,0.0
"(421, 6)",33.0,1.0,2.0,0,0.0,5.5,2.0,7.0,0.246596963942,0.75
"(422, 0)",10.0,0.5,0.0,3,1.0,6.0,5.0,7.0,0.246596963942,0.0
"(422, 4)",10.0,1.0,0.0,3,1.0,6.0,5.0,7.0,0.246596963942,0.0
"(422, 5)",5.0,3.0,1.0,0,0.0,6.0,5.0,9.0,0.165298888222,0.0
"(422, 6)",5.0,1.0,1.0,0,0.0,6.0,5.0,7.0,0.246596963942,0.0
"(424, 0)",15.0,0.5,0.0,3,3.0,3.0,5.0,4.0,0.449328964117,0.75
"(424, 1)",0.0,1.5,0.0,3,3.0,3.0,5.0,5.0,0.367879441171,0.0
"(424, 2)",15.0,4.0,0.0,3,3.0,3.0,5.0,7.0,0.246596963942,0.75
"(424, 4)",0.0,1.0,0.0,3,5.0,3.0,5.0,4.0,0.449328964117,0.75
"(424, 6)",0.0,1.0,0.0,3,1.0,3.0,5.0,4.0,0.449328964117,0.75
"(426, 0)",9.0,0.5,0.0,3,3.0,4.5,4.0,5.0,0.367879441171,0.75
"(426, 2)",9.0,4.0,0.0,3,3.0,4.5,4.0,9.0,0.165298888222,0.75
"(426, 4)",9.0,1.0,5.0,0,0.0,4.5,4.0,6.0,0.301194211912,0.75
"(426, 6)",9.0,1.0,4.0,0,0.0,4.5,4.0,6.0,0.301194211912,0.75
"(428, 1)",0.0,1.5,0.0,3,3.0,3.5,5.0,5.0,0.367879441171,0.0
"(428, 2)",0.0,4.0,0.0,3,3.0,3.5,5.0,8.0,0.201896517995,0.0
"(428, 3)",30.0,0.5,1.0,0,0.0,3.5,5.0,4.0,0.449328964117,0.75
"(428, 4)",30.0,1.0,0.0,3,4.0,3.5,5.0,5.0,0.367879441171,0.75
"(428, 6)",30.0,1.0,0.0,3,4.0,3.5,5.0,5.0,0.367879441171,0.75
"(430, 0)",40.0,0.5,4.0,0,0.0,4.5,5.0,5.0,0.367879441171,0.0
"(430, 1)",40.0,1.5,4.0,0,0.0,4.5,5.0,6.0,0.301194211912,0.0
"(430, 2)",40.0,4.0,4.0,0,0.0,4.5,5.0,9.0,0.165298888222,0.0
"(430, 3)",40.0,0.5,4.0,0,0.0,4.5,5.0,5.0,0.367879441171,0.0
"(430, 4)",80.0,1.0,0.0,3,4.0,4.5,5.0,6.0,0.301194211912,0.0
"(436, 0)",30.0,0.5,3.0,0,0.0,5.5,5.0,6.0,0.301194211912,0.0
"(436, 1)",30.0,1.5,3.0,0,0.0,5.5,5.0,7.0,0.246596963942,0.0
"(436, 2)",30.0,4.0,3.0,0,0.0,5.5,5.0,10.0,0.135335283237,0.0
"(436, 3)",30.0,0.5,3.0,0,0.0,5.5,5.0,6.0,0.301194211912,0.0
"(438, 3)",36.0,0.5,3.0,0,0.0,9.0,4.0,10.0,0.135335283237,0.75
"(438, 4)",36.0,1.0,3.0,0,0.0,9.0,4.0,10.0,0.135335283237,0.75
"(438, 6)",36.0,1.0,2.0,0,0.0,9.0,4.0,10.0,0.135335283237,0.75
"(440, 0)",40.0,0.5,4.0,0,0.0,4.5,5.0,5.0,0.367879441171,0.0
"(440, 1)",40.0,1.5,4.0,0,0.0,4.5,5.0,6.0,0.301194211912,0.0
"(440, 2)",40.0,4.0,4.0,0,0.0,4.5,5.0,9.0,0.165298888222,0.0
"(440, 3)",40.0,0.5,4.0,0,0.0,4.5,5.0,5.0,0.367879441171,0.0
"(440, 6)",80.0,1.0,0.0,3,4.0,4.5,5.0,6.0,0.301194211912,0.0
"(441, 0)",40.0,0.5,4.0,0,0.0,5.5,5.0,6.0,0.301194211912,0.0
"(441, 1)",40.0,1.5,4.0,0,0.0,5.5,5.0,7.0,0.246596963942,0.0
"(441, 2)",40.0,4.0,4.0,0,0.0,5.5,5.0,10.0,0.135335283237,0.0
"(441, 3)",40.0,0.5,4.0,0,0.0,5.5,5.0,6.0,0.301194211912,0.0
"(443, 2)",0.0,4.0,0.0,3,3.0,2.0,2.0,6.0,0.301194211912,0.0
"(443, 3)",33.0,0.5,2.0,0,0.0,2.0,2.0,3.0,0.548811636094,0.75
"(443, 4)",33.0,1.0,2.0,0,0.0,2.0,2.0,3.0,0.548811636094,0.75
"(443, 5)",0.0,3.0,0.0,3,3.0,2.0,2.0,5.0,0.367879441171,0.0
"(443, 6)",33.0,1.0,2.0,0,0.0,2.0,2.0,3.0,0.548811636094,0.75
"(444, 2)",0.0,4.0,0.0,3,3.0,5.0,2.0,9.0,0.165298888222,0.0
"(444, 3)",48.0,0.5,3.0,0,0.0,5.0,2.0,6.0,0.301194211912,0.75
"(444, 4)",48.0,1.0,3.0,0,0.0,5.0,2.0,6.0,0.301194211912,0.75
"(444, 6)",48.0,1.0,3.0,0,0.0,5.0,2.0,6.0,0.301194211912,0.75
"(445, 0)",5.0,0.5,0.0,3,3.0,1.5,2.0,2.0,0.670320046036,0.0
"(445, 1)",14.0,1.5,3.0,0,0.0,1.5,2.0,3.0,0.548811636094,1.0
"(445, 2)",19.0,4.0,3.0,0,0.0,1.5,2.0,6.0,0.301194211912,1.0
"(445, 3)",5.0,0.5,0.0,3,3.0,1.5,2.0,2.0,0.670320046036,0.0
"(445, 4)",19.0,1.0,3.0,0,0.0,1.5,2.0,3.0,0.548811636094,1.0
"(445, 5)",19.0,3.0,3.0,0,0.0,1.5,2.0,5.0,0.367879441171,1.0
"(447, 2)",0.0,4.0,0.0,3,3.0,5.0,5.0,9.0,0.165298888222,0.0
"(447, 3)",30.0,0.5,3.0,0,0.0,5.0,5.0,6.0,0.301194211912,0.75
"(447, 4)",30.0,1.0,1.0,0,0.0,5.0,5.0,6.0,0.301194211912,0.75
"(447, 6)",30.0,1.0,3.0,0,0.0,5.0,5.0,6.0,0.301194211912,0.75
"(448, 3)",30.0,0.5,2.0,0,0.0,9.0,5.0,10.0,0.135335283237,0.75
"(448, 4)",30.0,1.0,2.0,0,0.0,9.0,5.0,10.0,0.135335283237,0.75
"(448, 6)",30.0,1.0,3.0,0,0.0,9.0,5.0,10.0,0.135335283237,0.75
"(451, 0)",30.0,0.5,3.0,0,0.0,8.5,5.0,9.0,0.165298888222,0.0
"(451, 1)",30.0,1.5,3.0,0,0.0,8.5,5.0,10.0,0.135335283237,0.0
"(451, 4)",60.0,1.0,0.0,3,3.0,8.5,5.0,10.0,0.135335283237,0.0
"(456, 0)",30.0,0.5,3.0,0,0.0,9.5,5.0,10.0,0.135335283237,0.0
"(456, 1)",30.0,1.5,3.0,0,0.0,9.5,5.0,11.0,0.110803158362,0.0
"(461, 0)",5.0,0.5,0.0,3,1.0,5.0,5.0,6.0,0.301194211912,0.75
"(461, 1)",0.0,1.5,1.0,0,0.0,5.0,5.0,7.0,0.246596963942,0.0
"(461, 2)",5.0,4.0,0.0,3,1.0,5.0,5.0,9.0,0.165298888222,0.75
"(461, 3)",5.0,0.5,0.0,3,1.0,5.0,5.0,6.0,0.301194211912,0.75
"(462, 0)",10.0,0.5,1.0,0,0.0,9.5,5.0,10.0,0.135335283237,0.0
"(462, 1)",10.0,1.5,1.0,0,0.0,9.5,5.0,11.0,0.110803158362,0.0
"(464, 0)",10.0,0.5,1.0,0,0.0,8.5,5.0,9.0,0.165298888222,0.0
"(464, 1)",10.0,1.5,1.0,0,0.0,8.5,5.0,10.0,0.135335283237,0.0
"(464, 4)",20.0,1.0,0.0,3,1.0,8.5,5.0,10.0,0.135335283237,0.0
"(467, 0)",15.0,0.5,0.0,3,3.0,4.0,5.0,5.0,0.367879441171,0.75
"(467, 1)",0.0,1.5,3.0,0,0.0,4.0,5.0,6.0,0.301194211912,0.0
"(467, 2)",15.0,4.0,0.0,3,3.0,4.0,5.0,8.0,0.201896517995,0.75
"(467, 3)",15.0,0.5,0.0,3,3.0,4.0,5.0,5.0,0.367879441171,0.75
"(467, 4)",0.0,1.0,0.0,3,3.0,4.0,5.0,5.0,0.367879441171,0.0
"(468, 0)",15.0,0.5,0.0,3,3.0,5.0,5.0,6.0,0.301194211912,0.75
"(468, 1)",0.0,1.5,3.0,0,0.0,5.0,5.0,7.0,0.246596963942,0.0
"(468, 2)",15.0,4.0,0.0,3,3.0,5.0,5.0,9.0,0.165298888222,0.75
"(468, 3)",15.0,0.5,0.0,3,3.0,5.0,5.0,6.0,0.301194211912,0.75
"(469, 0)",30.0,0.5,3.0,0,0.0,9.0,5.0,10.0,0.135335283237,0.0
"(469, 1)",30.0,1.5,3.0,0,0.0,9.0,5.0,11.0,0.110803158362,0.0
"(469, 3)",60.0,0.5,0.0,3,3.0,9.0,5.0,10.0,0.135335283237,0.0
"(472, 0)",10.0,0.5,1.0,0,0.0,9.0,5.0,10.0,0.135335283237,0.0
"(472, 1)",10.0,1.5,1.0,0,0.0,9.0,5.0,11.0,0.110803158362,0.0
"(472, 3)",20.0,0.5,0.0,3,1.0,9.0,5.0,10.0,0.135335283237,0.0
"(474, 4)",30.0,1.0,0.0,3,3.0,6.5,5.0,8.0,0.201896517995,0.0
"(474, 5)",15.0,3.0,3.0,0,0.0,6.5,5.0,10.0,0.135335283237,0.0
"(474, 6)",15.0,1.0,3.0,0,0.0,6.5,5.0,8.0,0.201896517995,0.0
"(476, 0)",7.5,0.5,0.0,3,3.0,4.5,5.0,5.0,0.367879441171,0.75
"(476, 2)",7.5,4.0,0.0,3,3.0,4.5,5.0,9.0,0.165298888222,0.75
"(476, 4)",7.5,1.0,3.0,0,0.0,4.5,5.0,6.0,0.301194211912,0.75
"(476, 6)",7.5,1.0,5.0,0,0.0,4.5,5.0,6.0,0.301194211912,0.75
"(479, 1)",10.0,1.5,0.0,3,1.0,6.0,5.0,8.0,0.201896517995,0.0
"(479, 5)",5.0,3.0,1.0,0,0.0,6.0,5.0,9.0,0.165298888222,0.0
"(479, 6)",5.0,1.0,1.0,0,0.0,6.0,5.0,7.0,0.246596963942,0.0
"(482, 1)",20.0,1.5,0.0,3,2.0,5.5,5.0,7.0,0.246596963942,0.0
"(482, 3)",20.0,0.5,0.0,3,2.0,5.5,5.0,6.0,0.301194211912,0.0
"(482, 5)",10.0,3.0,2.0,0,0.0,5.5,5.0,9.0,0.165298888222,0.0
"(482, 6)",10.0,1.0,2.0,0,0.0,5.5,5.0,7.0,0.246596963942,0.0
"(484, 0)",10.0,0.5,0.0,3,2.0,4.0,5.0,5.0,0.367879441171,0.75
"(484, 1)",0.0,1.5,2.0,0,0.0,4.0,5.0,6.0,0.301194211912,0.0
"(484, 2)",10.0,4.0,0.0,3,2.0,4.0,5.0,8.0,0.201896517995,0.75
"(484, 3)",10.0,0.5,0.0,3,2.0,4.0,5.0,5.0,0.367879441171,0.75
"(484, 6)",0.0,1.0,0.0,3,2.0,4.0,5.0,5.0,0.367879441171,0.0
"(487, 0)",30.0,0.5,3.0,0,0.0,8.0,5.0,9.0,0.165298888222,0.0
"(487, 1)",30.0,1.5,3.0,0,0.0,8.0,5.0,10.0,0.135335283237,0.0
"(487, 3)",60.0,0.5,0.0,3,3.0,8.0,5.0,9.0,0.165298888222,0.0
"(487, 4)",60.0,1.0,0.0,3,3.0,8.0,5.0,9.0,0.165298888222,0.0
"(491, 0)",50.0,0.5,5.0,0,0.0,4.5,5.0,5.0,0.367879441171,0.0
"(491, 1)",50.0,1.5,5.0,0,0.0,4.5,5.0,6.0,0.301194211912,0.0
"(491, 2)",50.0,4.0,5.0,0,0.0,4.5,5.0,9.0,0.165298888222,0.0
"(491, 3)",50.0,0.5,5.0,0,0.0,4.5,5.0,5.0,0.367879441171,0.0
"(491, 6)",100.0,1.0,0.0,3,5.0,4.5,5.0,6.0,0.301194211912,0.0
"(492, 0)",50.0,0.5,5.0,0,0.0,5.5,5.0,6.0,0.301194211912,0.0
"(492, 1)",50.0,1.5,5.0,0,0.0,5.5,5.0,7.0,0.246596963942,0.0
"(492, 2)",50.0,4.0,5.0,0,0.0,5.5,5.0,10.0,0.135335283237,0.0
"(492, 3)",50.0,0.5,5.0,0,0.0,5.5,5.0,6.0,0.301194211912,0.0
"(498, 0)",50.0,0.5,5.0,0,0.0,4.5,5.0,5.0,0.367879441171,0.0
"(498, 1)",50.0,1.5,5.0,0,0.0,4.5,5.0,6.0,0.301194211912,0.0
"(498, 2)",50.0,4.0,5.0,0,0.0,4.5,5.0,9.0,0.165298888222,0.0
"(498, 3)",50.0,0.5,5.0,0,0.0,4.5,5.0,5.0,0.367879441171,0.0
"(498, 4)",100.0,1.0,0.0,3,5.0,4.5,5.0,6.0,0.301194211912,0.0
"(500, 0)",30.0,0.5,3.0,0,0.0,4.5,5.0,5.0,0.367879441171,0.0
"(500, 1)",30.0,1.5,3.0,0,0.0,4.5,5.0,6.0,0.301194211912,0.0
"(500, 2)",30.0,4.0,3.0,0,0.0,4.5,5.0,9.0,0.165298888222,0.0
"(500, 3)",30.0,0.5,3.0,0,0.0,4.5,5.0,5.0,0.367879441171,0.0
"(500, 6)",60.0,1.0,0.0,3,3.0,4.5,5.0,6.0,0.301194211912,0.0
"(502, 1)",10.0,1.5,0.0,3,1.0,2.0,5.0,4.0,0.449328964117,0.0
"(502, 2)",10.0,4.0,0.0,3,1.0,2.0,5.0,6.0,0.301194211912,0.0
"(502, 5)",5.0,3.0,1.0,0,0.0,2.0,5.0,5.0,0.367879441171,0.0
"(502, 6)",5.0,1.0,1.0,0,0.0,2.0,5.0,3.0,0.548811636094,0.0
"(505, 0)",25.0,0.5,0.0,3,5.0,4.0,5.0,5.0,0.367879441171,0.75
"(505, 1)",0.0,1.5,5.0,0,0.0,4.0,5.0,6.0,0.301194211912,0.0
"(505, 2)",25.0,4.0,0.0,3,5.0,4.0,5.0,8.0,0.201896517995,0.75
"(505, 3)",25.0,0.5,0.0,3,5.0,4.0,5.0,5.0,0.367879441171,0.75
"(505, 6)",0.0,1.0,0.0,3,5.0,4.0,5.0,5.0,0.367879441171,0.0
"(508, 1)",40.0,1.5,0.0,3,4.0,2.0,5.0,4.0,0.449328964117,0.0
"(508, 2)",40.0,4.0,0.0,3,4.0,2.0,5.0,6.0,0.301194211912,0.0
"(508, 5)",20.0,3.0,4.0,0,0.0,2.0,5.0,5.0,0.367879441171,0.0
"(508, 6)",20.0,1.0,4.0,0,0.0,2.0,5.0,3.0,0.548811636094,0.0
"(509, 2)",40.0,4.0,0.0,3,4.0,3.5,5.0,8.0,0.201896517995,0.0
"(509, 5)",20.0,3.0,4.0,0,0.0,3.5,5.0,7.0,0.246596963942,0.0
"(509, 6)",20.0,1.0,4.0,0,0.0,3.5,5.0,5.0,0.367879441171,0.0
"(512, 0)",20.0,0.5,0.0,3,4.0,4.0,5.0,5.0,0.367879441171,0.75
"(512, 1)",0.0,1.5,4.0,0,0.0,4.0,5.0,6.0,0.301194211912,0.0
"(512, 2)",20.0,4.0,0.0,3,4.0,4.0,5.0,8.0,0.201896517995,0.75
"(512, 3)",20.0,0.5,0.0,3,4.0,4.0,5.0,5.0,0.367879441171,0.75
"(512, 6)",0.0,1.0,0.0,3,4.0,4.0,5.0,5.0,0.367879441171,0.0
"(513, 0)",20.0,0.5,0.0,3,4.0,5.0,5.0,6.0,0.301194211912,0.75
"(513, 1)",0.0,1.5,4.0,0,0.0,5.0,5.0,7.0,0.246596963942,0.0
"(513, 2)",20.0,4.0,0.0,3,4.0,5.0,5.0,9.0,0.165298888222,0.75
"(513, 3)",20.0,0.5,0.0,3,4.0,5.0,5.0,6.0,0.301194211912,0.75
"(514, 0)",40.0,0.5,4.0,0,0.0,9.0,5.0,10.0,0.135335283237,0.0
"(514, 1)",40.0,1.5,4.0,0,0.0,9.0,5.0,11.0,0.110803158362,0.0
"(514, 3)",80.0,0.5,0.0,3,4.0,9.0,5.0,10.0,0.135335283237,0.0
"(515, 0)",40.0,0.5,4.0,0,0.0,9.5,5.0,10.0,0.135335283237,0.0
"(515, 1)",40.0,1.5,4.0,0,0.0,9.5,5.0,11.0,0.110803158362,0.0
"(519, 0)",20.0,0.5,2.0,0,0.0,8.0,5.0,9.0,0.165298888222,0.0
"(519, 1)",20.0,1.5,2.0,0,0.0,8.0,5.0,10.0,0.135335283237,0.0
"(519, 3)",40.0,0.5,0.0,3,2.0,8.0,5.0,9.0,0.165298888222,0.0
"(519, 6)",40.0,1.0,0.0,3,2.0,8.0,5.0,9.0,0.165298888222,0.0
"(521, 0)",0.0,0.5,0.0,3,3.0,8.5,5.0,9.0,0.165298888222,0.0
"(521, 3)",30.0,0.5,3.0,0,0.0,8.5,5.0,9.0,0.165298888222,0.75
"(521, 4)",30.0,1.0,3.0,0,0.0,8.5,5.0,10.0,0.135335283237,0.75
"(521, 6)",30.0,1.0,3.0,0,0.0,8.5,5.0,10.0,0.135335283237,0.75
"(529, 1)",19.5,1.5,4.0,3,1.0,1.0,1.0,3.0,0.548811636094,1.0
"(529, 2)",19.5,4.0,2.0,0,0.0,1.0,1.0,5.0,0.367879441171,1.0
"(529, 4)",19.5,1.0,3.0,0,0.0,1.0,1.0,2.0,0.670320046036,1.0
"(529, 5)",12.0,3.0,3.0,0,0.0,1.0,1.0,4.0,0.449328964117,1.0
"(529, 6)",7.5,1.0,0.0,3,3.0,1.0,1.0,2.0,0.670320046036,0.0
"(530, 0)",0.0,0.5,0.0,3,3.0,8.5,4.0,9.0,0.165298888222,0.0
"(530, 3)",36.0,0.5,4.0,0,0.0,8.5,4.0,9.0,0.165298888222,0.75
"(530, 4)",36.0,1.0,3.0,0,0.0,8.5,4.0,10.0,0.135335283237,0.75
"(530, 6)",36.0,1.0,3.0,0,0.0,8.5,4.0,10.0,0.135335283237,0.75
"(532, 2)",0.0,4.0,0.0,3,3.0,2.0,1.0,6.0,0.301194211912,0.0
"(532, 3)",39.0,0.5,3.0,0,0.0,2.0,1.0,3.0,0.548811636094,0.75
"(532, 4)",39.0,1.0,4.0,3,1.0,2.0,1.0,3.0,0.548811636094,0.75
"(532, 5)",0.0,3.0,0.0,3,3.0,2.0,1.0,5.0,0.367879441171,0.0
"(532, 6)",39.0,1.0,4.0,0,0.0,2.0,1.0,3.0,0.548811636094,0.75
"(533, 2)",0.0,4.0,0.0,3,3.0,5.0,1.0,9.0,0.165298888222,0.0
"(533, 3)",54.0,0.5,3.0,0,0.0,5.0,1.0,6.0,0.301194211912,0.75
"(533, 4)",54.0,1.0,4.0,0,0.0,5.0,1.0,6.0,0.301194211912,0.75
"(533, 6)",54.0,1.0,3.0,0,0.0,5.0,1.0,6.0,0.301194211912,0.75
"(537, 1)",27.0,1.5,4.0,0,0.0,2.0,1.0,4.0,0.449328964117,1.0
"(537, 2)",27.0,4.0,4.0,0,0.0,2.0,1.0,6.0,0.301194211912,1.0
"(537, 4)",27.0,1.0,1.0,0,0.0,2.0,1.0,3.0,0.548811636094,1.0
"(537, 5)",27.0,3.0,3.0,0,0.0,2.0,1.0,5.0,0.367879441171,1.0
"(538, 0)",30.0,0.5,3.0,0,0.0,8.0,5.0,9.0,0.165298888222,0.0
"(538, 1)",30.0,1.5,3.0,0,0.0,8.0,5.0,10.0,0.135335283237,0.0
"(538, 3)",60.0,0.5,0.0,3,3.0,8.0,5.0,9.0,0.165298888222,0.0
"(538, 4)",60.0,1.0,0.0,3,3.0,8.0,5.0,9.0,0.165298888222,0.0
"(539, 0)",40.0,0.5,4.0,0,0.0,5.5,5.0,6.0,0.301194211912,0.0
"(539, 1)",40.0,1.5,4.0,0,0.0,5.5,5.0,7.0,0.246596963942,0.0
"(539, 2)",40.0,4.0,4.0,0,0.0,5.5,5.0,10.0,0.135335283237,0.0
"(539, 3)",40.0,0.5,4.0,0,0.0,5.5,5.0,6.0,0.301194211912,0.0
"(541, 2)",50.0,4.0,0.0,3,5.0,2.5,5.0,7.0,0.246596963942,0.0
"(541, 4)",50.0,1.0,0.0,3,5.0,2.5,5.0,4.0,0.449328964117,0.0
"(541, 5)",25.0,3.0,5.0,0,0.0,2.5,5.0,6.0,0.301194211912,0.0
"(541, 6)",25.0,1.0,5.0,0,0.0,2.5,5.0,4.0,0.449328964117,0.0
"(542, 2)",50.0,4.0,0.0,3,5.0,3.5,5.0,8.0,0.201896517995,0.0
"(542, 5)",25.0,3.0,5.0,0,0.0,3.5,5.0,7.0,0.246596963942,0.0
"(542, 6)",25.0,1.0,5.0,0,0.0,3.5,5.0,5.0,0.367879441171,0.0
"(544, 5)",20.0,3.0,4.0,0,0.0,7.5,5.0,11.0,0.110803158362,0.0
"(544, 6)",20.0,1.0,4.0,0,0.0,7.5,5.0,9.0,0.165298888222,0.0
"(549, 0)",15.0,0.5,0.0,3,3.0,7.0,4.0,8.0,0.201896517995,0.0
"(549, 1)",15.0,1.5,0.0,3,3.0,7.0,4.0,9.0,0.165298888222,0.0
"(549, 3)",21.0,0.5,1.0,3,2.0,7.0,4.0,8.0,0.201896517995,0.75
"(549, 4)",21.0,1.0,1.0,3,2.0,7.0,4.0,8.0,0.201896517995,0.75
"(549, 6)",21.0,1.0,1.0,3,1.0,7.0,4.0,8.0,0.201896517995,0.75
"(550, 1)",0.0,1.5,0.0,3,3.0,3.5,2.0,5.0,0.367879441171,0.0
"(550, 2)",0.0,4.0,0.0,3,3.0,3.5,2.0,8.0,0.201896517995,0.0
"(550, 3)",39.0,0.5,4.0,0,0.0,3.5,2.0,4.0,0.449328964117,0.75
"(550, 4)",39.0,1.0,3.0,0,0.0,3.5,2.0,5.0,0.367879441171,0.75
"(550, 6)",39.0,1.0,3.0,3,1.0,3.5,2.0,5.0,0.367879441171,0.75
"(555, 2)",0.0,4.0,0.0,3,3.0,2.0,3.0,6.0,0.301194211912,0.0
"(555, 3)",27.0,0.5,2.0,3,2.0,2.0,3.0,3.0,0.548811636094,0.75
"(555, 4)",27.0,1.0,2.0,0,0.0,2.0,3.0,3.0,0.548811636094,0.75
"(555, 5)",0.0,3.0,0.0,3,3.0,2.0,3.0,5.0,0.367879441171,0.0
"(555, 6)",27.0,1.0,5.0,0,0.0,2.0,3.0,3.0,0.548811636094,0.75
"(559, 3)",21.0,0.5,1.0,3,2.0,6.0,4.0,7.0,0.246596963942,0.75
"(559, 4)",21.0,1.0,1.0,3,3.0,6.0,4.0,7.0,0.246596963942,0.75
"(559, 5)",0.0,3.0,0.0,3,3.0,6.0,4.0,9.0,0.165298888222,0.0
"(559, 6)",21.0,1.0,3.0,0,0.0,6.0,4.0,7.0,0.246596963942,0.75
"(564, 0)",0.0,0.5,0.0,3,3.0,1.0,5.0,2.0,0.670320046036,0.75
"(564, 1)",15.0,1.5,2.0,0,0.0,2.0,5.0,4.0,0.449328964117,1.0
"(564, 2)",15.0,4.0,5.0,0,0.0,2.0,5.0,6.0,0.301194211912,1.0
"(564, 3)",0.0,0.5,0.0,3,3.0,1.0,5.0,2.0,0.670320046036,0.75
"(564, 4)",15.0,1.0,3.0,0,0.0,2.0,5.0,3.0,0.548811636094,1.0
"(564, 5)",10.0,3.0,0.0,3,1.0,1.0,5.0,4.0,0.449328964117,1.0
"(566, 0)",5.0,0.5,0.0,3,3.0,1.5,5.0,2.0,0.670320046036,0.0
"(566, 1)",5.0,1.5,2.0,0,0.0,1.5,5.0,3.0,0.548811636094,1.0
"(566, 2)",5.0,4.0,2.0,0,0.0,1.5,5.0,6.0,0.301194211912,1.0
"(566, 3)",5.0,0.5,0.0,3,3.0,1.5,5.0,2.0,0.670320046036,0.0
"(566, 4)",10.0,1.0,0.0,3,1.0,1.5,5.0,3.0,0.548811636094,1.0
"(566, 5)",10.0,3.0,0.0,3,1.0,1.5,5.0,5.0,0.367879441171,1.0
"(569, 0)",50.0,0.5,5.0,0,0.0,8.0,5.0,9.0,0.165298888222,0.0
"(569, 1)",50.0,1.5,5.0,0,0.0,8.0,5.0,10.0,0.135335283237,0.0
"(569, 3)",100.0,0.5,0.0,3,5.0,8.0,5.0,9.0,0.165298888222,0.0
"(569, 6)",100.0,1.0,0.0,3,5.0,8.0,5.0,9.0,0.165298888222,0.0
"(570, 0)",50.0,0.5,5.0,0,0.0,9.0,5.0,10.0,0.135335283237,0.0
"(570, 1)",50.0,1.5,5.0,0,0.0,9.0,5.0,11.0,0.110803158362,0.0
"(570, 3)",100.0,0.5,0.0,3,5.0,9.0,5.0,10.0,0.135335283237,0.0
"(571, 0)",50.0,0.5,5.0,0,0.0,9.5,5.0,10.0,0.135335283237,0.0
"(571, 1)",50.0,1.5,5.0,0,0.0,9.5,5.0,11.0,0.110803158362,0.0
"(579, 0)",50.0,0.5,5.0,0,0.0,8.5,5.0,9.0,0.165298888222,0.0
"(579, 1)",50.0,1.5,5.0,0,0.0,8.5,5.0,10.0,0.135335283237,0.0
"(579, 6)",100.0,1.0,0.0,3,5.0,8.5,5.0,10.0,0.135335283237,0.0
"(583, 0)",0.0,0.5,0.0,3,3.0,8.5,2.0,9.0,0.165298888222,0.0
"(583, 3)",48.0,0.5,4.0,0,0.0,8.5,2.0,9.0,0.165298888222,0.75
"(583, 4)",48.0,1.0,3.0,0,0.0,8.5,2.0,10.0,0.135335283237,0.75
"(583, 6)",48.0,1.0,3.0,0,0.0,8.5,2.0,10.0,0.135335283237,0.75
"(591, 0)",30.0,0.5,3.0,0,0.0,8.5,5.0,9.0,0.165298888222,0.0
"(591, 1)",30.0,1.5,3.0,0,0.0,8.5,5.0,10.0,0.135335283237,0.0
"(591, 4)",60.0,1.0,0.0,3,3.0,8.5,5.0,10.0,0.135335283237,0.0
"(592, 0)",15.0,0.5,0.0,3,3.0,7.0,5.0,8.0,0.201896517995,0.0
"(592, 1)",15.0,1.5,0.0,3,3.0,7.0,5.0,9.0,0.165298888222,0.0
"(592, 3)",15.0,0.5,0.0,3,2.0,7.0,5.0,8.0,0.201896517995,0.75
"(592, 4)",15.0,1.0,0.0,3,3.0,7.0,5.0,8.0,0.201896517995,0.75
"(592, 6)",15.0,1.0,0.0,3,3.0,7.0,5.0,8.0,0.201896517995,0.75
"(593, 1)",40.0,1.5,0.0,3,4.0,6.0,5.0,8.0,0.201896517995,0.0
"(593, 5)",20.0,3.0,4.0,0,0.0,6.0,5.0,9.0,0.165298888222,0.0
"(593, 6)",20.0,1.0,4.0,0,0.0,6.0,5.0,7.0,0.246596963942,0.0
"(597, 2)",40.0,4.0,0.0,3,4.0,2.5,5.0,7.0,0.246596963942,0.0
"(597, 4)",40.0,1.0,0.0,3,4.0,2.5,5.0,4.0,0.449328964117,0.0
"(597, 5)",20.0,3.0,4.0,0,0.0,2.5,5.0,6.0,0.301194211912,0.0
"(597, 6)",20.0,1.0,4.0,0,0.0,2.5,5.0,4.0,0.449328964117,0.0
"(598, 4)",40.0,1.0,0.0,3,4.0,6.5,5.0,8.0,0.201896517995,0.0
"(598, 5)",20.0,3.0,4.0,0,0.0,6.5,5.0,10.0,0.135335283237,0.0
"(598, 6)",20.0,1.0,4.0,0,0.0,6.5,5.0,8.0,0.201896517995,0.0
"(600, 0)",30.0,0.5,3.0,0,0.0,9.5,5.0,10.0,0.135335283237,0.0
"(600, 1)",30.0,1.5,3.0,0,0.0,9.5,5.0,11.0,0.110803158362,0.0
"(605, 0)",30.0,0.5,3.0,0,0.0,8.0,5.0,9.0,0.165298888222,0.0
"(605, 1)",30.0,1.5,3.0,0,0.0,8.0,5.0,10.0,0.135335283237,0.0
"(605, 3)",60.0,0.5,0.0,3,3.0,8.0,5.0,9.0,0.165298888222,0.0
"(605, 6)",60.0,1.0,0.0,3,3.0,8.0,5.0,9.0,0.165298888222,0.0
"(606, 1)",40.0,1.5,0.0,3,4.0,5.0,5.0,7.0,0.246596963942,0.0
"(606, 4)",40.0,1.0,0.0,3,4.0,5.0,5.0,6.0,0.301194211912,0.0
"(606, 5)",20.0,3.0,4.0,0,0.0,5.0,5.0,8.0,0.201896517995,0.0
"(606, 6)",20.0,1.0,4.0,0,0.0,5.0,5.0,6.0,0.301194211912,0.0
"(609, 0)",30.0,0.5,3.0,0,0.0,2.5,5.0,3.0,0.548811636094,0.0
"(609, 1)",30.0,1.5,3.0,0,0.0,2.5,5.0,4.0,0.449328964117,0.0
"(609, 2)",30.0,4.0,3.0,0,0.0,2.5,5.0,7.0,0.246596963942,0.0
"(609, 3)",30.0,0.5,3.0,0,0.0,2.5,5.0,3.0,0.548811636094,0.0
"(609, 5)",60.0,3.0,0.0,3,3.0,2.5,5.0,6.0,0.301194211912,0.0
"(617, 0)",12.0,0.5,0.0,3,3.0,4.5,2.0,5.0,0.367879441171,0.75
"(617, 2)",12.0,4.0,0.0,3,3.0,4.5,2.0,9.0,0.165298888222,0.75
"(617, 4)",12.0,1.0,3.0,0,0.0,4.5,2.0,6.0,0.301194211912,0.75
"(617, 6)",12.0,1.0,3.0,0,0.0,4.5,2.0,6.0,0.301194211912,0.75
"(624, 0)",3.0,0.5,0.0,3,3.0,1.5,3.0,2.0,0.670320046036,0.75
"(624, 2)",3.0,4.0,0.0,3,3.0,1.5,3.0,6.0,0.301194211912,0.75
"(624, 4)",18.0,1.0,2.0,3,1.0,1.5,3.0,3.0,0.548811636094,0.75
"(624, 5)",0.0,3.0,0.0,3,3.0,1.5,3.0,5.0,0.367879441171,0.0
"(624, 6)",18.0,1.0,3.0,0,0.0,1.5,3.0,3.0,0.548811636094,0.75
"(627, 1)",40.0,1.5,0.0,3,4.0,5.5,5.0,7.0,0.246596963942,0.0
"(627, 3)",40.0,0.5,0.0,3,4.0,5.5,5.0,6.0,0.301194211912,0.0
"(627, 5)",20.0,3.0,4.0,0,0.0,5.5,5.0,9.0,0.165298888222,0.0
"(627, 6)",20.0,1.0,4.0,0,0.0,5.5,5.0,7.0,0.246596963942,0.0
"(628, 1)",40.0,1.5,0.0,3,4.0,6.0,5.0,8.0,0.201896517995,0.0
"(628, 5)",20.0,3.0,4.0,0,0.0,6.0,5.0,9.0,0.165298888222,0.0
"(628, 6)",20.0,1.0,4.0,0,0.0,6.0,5.0,7.0,0.246596963942,0.0
"(635, 2)",30.0,4.0,0.0,3,3.0,2.5,5.0,7.0,0.246596963942,0.0
"(635, 4)",30.0,1.0,0.0,3,3.0,2.5,5.0,4.0,0.449328964117,0.0
"(635, 5)",15.0,3.0,3.0,0,0.0,2.5,5.0,6.0,0.301194211912,0.0
"(635, 6)",15.0,1.0,3.0,0,0.0,2.5,5.0,4.0,0.449328964117,0.0
"(637, 0)",10.0,0.5,1.0,0,0.0,8.0,5.0,9.0,0.165298888222,0.0
"(637, 1)",10.0,1.5,1.0,0,0.0,8.0,5.0,10.0,0.135335283237,0.0
"(637, 3)",20.0,0.5,0.0,3,1.0,8.0,5.0,9.0,0.165298888222,0.0
"(637, 6)",20.0,1.0,0.0,3,1.0,8.0,5.0,9.0,0.165298888222,0.0
"(638, 0)",30.0,0.5,3.0,0,0.0,7.5,5.0,8.0,0.201896517995,0.0
"(638, 1)",0.0,1.5,0.0,3,3.0,7.5,5.0,9.0,0.165298888222,0.0
"(638, 3)",30.0,0.5,1.0,0,0.0,7.5,5.0,8.0,0.201896517995,0.75
"(638, 4)",30.0,1.0,3.0,0,0.0,7.5,5.0,9.0,0.165298888222,0.75
"(638, 6)",30.0,1.0,5.0,0,0.0,7.5,5.0,9.0,0.165298888222,0.75
"(644, 0)",10.0,0.5,1.0,0,0.0,7.5,5.0,8.0,0.201896517995,0.0
"(644, 1)",10.0,1.5,1.0,0,0.0,7.5,5.0,9.0,0.165298888222,0.0
"(644, 4)",20.0,1.0,0.0,3,1.0,7.5,5.0,9.0,0.165298888222,0.0
"(644, 6)",20.0,1.0,0.0,3,1.0,7.5,5.0,9.0,0.165298888222,0.0
"(648, 0)",10.0,0.5,1.0,0,0.0,8.5,5.0,9.0,0.165298888222,0.0
"(648, 1)",10.0,1.5,1.0,0,0.0,8.5,5.0,10.0,0.135335283237,0.0
"(648, 6)",20.0,1.0,0.0,3,1.0,8.5,5.0,10.0,0.135335283237,0.0
"(656, 0)",0.0,0.5,0.0,3,3.0,5.5,3.0,6.0,0.301194211912,0.0
"(656, 3)",27.0,0.5,2.0,3,1.0,5.5,3.0,6.0,0.301194211912,0.75
"(656, 4)",27.0,1.0,2.0,3,3.0,5.5,3.0,7.0,0.246596963942,0.75
"(656, 5)",0.0,3.0,0.0,3,3.0,5.5,3.0,9.0,0.165298888222,0.0
"(656, 6)",27.0,1.0,1.0,0,0.0,5.5,3.0,7.0,0.246596963942,0.75
"(660, 0)",20.0,0.5,0.0,3,4.0,4.0,5.0,5.0,0.367879441171,0.75
"(660, 1)",0.0,1.5,4.0,0,0.0,4.0,5.0,6.0,0.301194211912,0.0
"(660, 2)",20.0,4.0,0.0,3,4.0,4.0,5.0,8.0,0.201896517995,0.75
"(660, 3)",20.0,0.5,0.0,3,4.0,4.0,5.0,5.0,0.367879441171,0.75
"(660, 4)",0.0,1.0,0.0,3,4.0,4.0,5.0,5.0,0.367879441171,0.0
"(661, 0)",40.0,0.5,4.0,0,0.0,8.0,5.0,9.0,0.165298888222,0.0
"(661, 1)",40.0,1.5,4.0,0,0.0,8.0,5.0,10.0,0.135335283237,0.0
"(661, 3)",80.0,0.5,0.0,3,4.0,8.0,5.0,9.0,0.165298888222,0.0
"(661, 4)",80.0,1.0,0.0,3,4.0,8.0,5.0,9.0,0.165298888222,0.0
"(662, 0)",40.0,0.5,4.0,0,0.0,8.5,5.0,9.0,0.165298888222,0.0
"(662, 1)",40.0,1.5,4.0,0,0.0,8.5,5.0,10.0,0.135335283237,0.0
"(662, 4)",80.0,1.0,0.0,3,4.0,8.5,5.0,10.0,0.135335283237,0.0
"(664, 0)",20.0,0.5,0.0,3,4.0,5.0,5.0,6.0,0.301194211912,0.75
"(664, 1)",0.0,1.5,4.0,0,0.0,5.0,5.0,7.0,0.246596963942,0.0
"(664, 2)",20.0,4.0,0.0,3,4.0,5.0,5.0,9.0,0.165298888222,0.75
"(664, 3)",20.0,0.5,0.0,3,4.0,5.0,5.0,6.0,0.301194211912,0.75
"(666, 0)",40.0,0.5,4.0,0,0.0,8.5,5.0,9.0,0.165298888222,0.0
"(666, 1)",40.0,1.5,4.0,0,0.0,8.5,5.0,10.0,0.135335283237,0.0
"(666, 6)",80.0,1.0,0.0,3,4.0,8.5,5.0,10.0,0.135335283237,0.0
"(669, 0)",5.0,0.5,0.0,3,1.0,4.0,5.0,5.0,0.367879441171,0.75
"(669, 1)",0.0,1.5,1.0,0,0.0,4.0,5.0,6.0,0.301194211912,0.0
"(669, 2)",5.0,4.0,0.0,3,1.0,4.0,5.0,8.0,0.201896517995,0.75
"(669, 3)",5.0,0.5,0.0,3,1.0,4.0,5.0,5.0,0.367879441171,0.75
"(669, 6)",0.0,1.0,0.0,3,1.0,4.0,5.0,5.0,0.367879441171,0.0
"(676, 0)",40.0,0.5,4.0,0,0.0,2.5,5.0,3.0,0.548811636094,0.0
"(676, 1)",40.0,1.5,4.0,0,0.0,2.5,5.0,4.0,0.449328964117,0.0
"(676, 2)",40.0,4.0,4.0,0,0.0,2.5,5.0,7.0,0.246596963942,0.0
"(676, 3)",40.0,0.5,4.0,0,0.0,2.5,5.0,3.0,0.548811636094,0.0
"(676, 5)",80.0,3.0,0.0,3,4.0,2.5,5.0,6.0,0.301194211912,0.0
"(680, 0)",40.0,0.5,4.0,0,0.0,9.5,5.0,10.0,0.135335283237,0.0
"(680, 1)",40.0,1.5,4.0,0,0.0,9.5,5.0,11.0,0.110803158362,0.0
"(688, 0)",30.0,0.5,3.0,0,0.0,5.5,5.0,6.0,0.301194211912,0.0
"(688, 1)",30.0,1.5,3.0,0,0.0,5.5,5.0,7.0,0.246596963942,0.0
"(688, 4)",60.0,1.0,0.0,3,3.0,5.5,5.0,7.0,0.246596963942,0.0
"(688, 5)",60.0,3.0,0.0,3,3.0,5.5,5.0,9.0,0.165298888222,0.0
"(690, 0)",40.0,0.5,4.0,0,0.0,8.0,5.0,9.0,0.165298888222,0.0
"(690, 1)",40.0,1.5,4.0,0,0.0,8.0,5.0,10.0,0.135335283237,0.0
"(690, 3)",80.0,0.5,0.0,3,4.0,8.0,5.0,9.0,0.165298888222,0.0
"(690, 6)",80.0,1.0,0.0,3,4.0,8.0,5.0,9.0,0.165298888222,0.0
"(691, 0)",25.0,0.5,0.0,3,5.0,5.0,5.0,6.0,0.301194211912,0.75
"(691, 1)",0.0,1.5,5.0,0,0.0,5.0,5.0,7.0,0.246596963942,0.0
"(691, 2)",25.0,4.0,0.0,3,5.0,5.0,5.0,9.0,0.165298888222,0.75
"(691, 3)",25.0,0.5,0.0,3,5.0,5.0,5.0,6.0,0.301194211912,0.75
"(693, 1)",10.5,1.5,1.0,3,2.0,1.0,4.0,3.0,0.548811636094,1.0
"(693, 2)",10.5,4.0,1.0,3,1.0,1.0,4.0,5.0,0.367879441171,1.0
"(693, 4)",10.5,1.0,1.0,3,2.0,1.0,4.0,2.0,0.670320046036,1.0
"(693, 5)",3.0,3.0,3.0,0,0.0,1.0,4.0,4.0,0.449328964117,1.0
"(693, 6)",7.5,1.0,0.0,3,3.0,1.0,4.0,2.0,0.670320046036,0.0
"(694, 0)",40.0,0.5,4.0,0,0.0,9.0,5.0,10.0,0.135335283237,0.0
"(694, 1)",40.0,1.5,4.0,0,0.0,9.0,5.0,11.0,0.110803158362,0.0
"(694, 3)",80.0,0.5,0.0,3,4.0,9.0,5.0,10.0,0.135335283237,0.0
"(700, 0)",20.0,0.5,0.0,3,4.0,4.0,5.0,5.0,0.367879441171,0.75
"(700, 1)",0.0,1.5,4.0,0,0.0,4.0,5.0,6.0,0.301194211912,0.0
"(700, 2)",20.0,4.0,0.0,3,4.0,4.0,5.0,8.0,0.201896517995,0.75
"(700, 3)",20.0,0.5,0.0,3,4.0,4.0,5.0,5.0,0.367879441171,0.75
"(700, 4)",0.0,1.0,0.0,3,4.0,4.0,5.0,5.0,0.367879441171,0.0
"(706, 0)",40.0,0.5,4.0,0,0.0,8.0,5.0,9.0,0.165298888222,0.0
"(706, 1)",40.0,1.5,4.0,0,0.0,8.0,5.0,10.0,0.135335283237,0.0
"(706, 3)",80.0,0.5,0.0,3,4.0,8.0,5.0,9.0,0.165298888222,0.0
"(706, 4)",80.0,1.0,0.0,3,4.0,8.0,5.0,9.0,0.165298888222,0.0
"(707, 0)",40.0,0.5,4.0,0,0.0,8.5,5.0,9.0,0.165298888222,0.0
"(707, 1)",40.0,1.5,4.0,0,0.0,8.5,5.0,10.0,0.135335283237,0.0
"(707, 4)",80.0,1.0,0.0,3,4.0,8.5,5.0,10.0,0.135335283237,0.0
"(717, 0)",40.0,0.5,4.0,0,0.0,5.5,5.0,6.0,0.301194211912,0.0
"(717, 1)",40.0,1.5,4.0,0,0.0,5.5,5.0,7.0,0.246596963942,0.0
"(717, 4)",80.0,1.0,0.0,3,4.0,5.5,5.0,7.0,0.246596963942,0.0
"(717, 5)",80.0,3.0,0.0,3,4.0,5.5,5.0,9.0,0.165298888222,0.0
"(719, 0)",40.0,0.5,4.0,0,0.0,6.5,5.0,7.0,0.246596963942,0.0
"(719, 1)",40.0,1.5,4.0,0,0.0,6.5,5.0,8.0,0.201896517995,0.0
"(719, 5)",80.0,3.0,0.0,3,4.0,6.5,5.0,10.0,0.135335283237,0.0
"(722, 1)",0.0,1.5,0.0,3,3.0,3.5,1.0,5.0,0.367879441171,0.0
"(722, 2)",0.0,4.0,0.0,3,3.0,3.5,1.0,8.0,0.201896517995,0.0
"(722, 3)",42.0,0.5,3.0,0,0.0,3.5,1.0,4.0,0.449328964117,0.75
"(722, 4)",42.0,1.0,4.0,0,0.0,3.5,1.0,5.0,0.367879441171,0.75
"(722, 6)",42.0,1.0,1.0,0,0.0,3.5,1.0,5.0,0.367879441171,0.75
"(726, 4)",50.0,1.0,0.0,3,5.0,6.5,5.0,8.0,0.201896517995,0.0
"(726, 5)",25.0,3.0,5.0,0,0.0,6.5,5.0,10.0,0.135335283237,0.0
"(726, 6)",25.0,1.0,5.0,0,0.0,6.5,5.0,8.0,0.201896517995,0.0
"(728, 5)",25.0,3.0,5.0,0,0.0,7.5,5.0,11.0,0.110803158362,0.0
"(728, 6)",25.0,1.0,5.0,0,0.0,7.5,5.0,9.0,0.165298888222,0.0
"(730, 0)",30.0,0.5,3.0,0,0.0,8.5,5.0,9.0,0.165298888222,0.0
"(730, 1)",30.0,1.5,3.0,0,0.0,8.5,5.0,10.0,0.135335283237,0.0
"(730, 6)",60.0,1.0,0.0,3,3.0,8.5,5.0,10.0,0.135335283237,0.0
"(732, 0)",15.0,0.5,0.0,3,3.0,4.0,5.0,5.0,0.367879441171,0.75
"(732, 1)",0.0,1.5,3.0,0,0.0,4.0,5.0,6.0,0.301194211912,0.0
"(732, 2)",15.0,4.0,0.0,3,3.0,4.0,5.0,8.0,0.201896517995,0.75
"(732, 3)",15.0,0.5,0.0,3,3.0,4.0,5.0,5.0,0.367879441171,0.75
"(732, 6)",0.0,1.0,0.0,3,3.0,4.0,5.0,5.0,0.367879441171,0.0
"(735, 0)",30.0,0.5,3.0,0,0.0,6.5,5.0,7.0,0.246596963942,0.0
"(735, 1)",30.0,1.5,3.0,0,0.0,6.5,5.0,8.0,0.201896517995,0.0
"(735, 5)",60.0,3.0,0.0,3,3.0,6.5,5.0,10.0,0.135335283237,0.0
"(736, 1)",40.0,1.5,0.0,3,4.0,5.0,5.0,7.0,0.246596963942,0.0
"(736, 4)",40.0,1.0,0.0,3,4.0,5.0,5.0,6.0,0.301194211912,0.0
"(736, 5)",20.0,3.0,4.0,0,0.0,5.0,5.0,8.0,0.201896517995,0.0
"(736, 6)",20.0,1.0,4.0,0,0.0,5.0,5.0,6.0,0.301194211912,0.0
"(739, 0)",1.5,0.5,0.0,3,3.0,1.5,4.0,2.0,0.670320046036,0.75
"(739, 2)",1.5,4.0,0.0,3,3.0,1.5,4.0,6.0,0.301194211912,0.75
"(739, 4)",16.5,1.0,1.0,3,1.0,1.5,4.0,3.0,0.548811636094,0.75
"(739, 5)",0.0,3.0,0.0,3,3.0,1.5,4.0,5.0,0.367879441171,0.0
"(739, 6)",16.5,1.0,3.0,0,0.0,1.5,4.0,3.0,0.548811636094,0.75
"(745, 0)",50.0,0.5,5.0,0,0.0,7.5,5.0,8.0,0.201896517995,0.0
"(745, 1)",50.0,1.5,5.0,0,0.0,7.5,5.0,9.0,0.165298888222,0.0
"(745, 4)",100.0,1.0,0.0,3,5.0,7.5,5.0,9.0,0.165298888222,0.0
"(745, 6)",100.0,1.0,0.0,3,5.0,7.5,5.0,9.0,0.165298888222,0.0
"(747, 0)",0.0,0.5,0.0,3,3.0,5.5,4.0,6.0,0.301194211912,0.0
"(747, 3)",21.0,0.5,1.0,3,2.0,5.5,4.0,6.0,0.301194211912,0.75
"(747, 4)",21.0,1.0,1.0,3,2.0,5.5,4.0,7.0,0.246596963942,0.75
"(747, 5)",0.0,3.0,0.0,3,3.0,5.5,4.0,9.0,0.165298888222,0.0
"(747, 6)",21.0,1.0,3.0,0,0.0,5.5,4.0,7.0,0.246596963942,0.75
"(748, 0)",20.0,0.5,0.0,3,2.0,6.0,5.0,7.0,0.246596963942,0.0
"(748, 4)",20.0,1.0,0.0,3,2.0,6.0,5.0,7.0,0.246596963942,0.0
"(748, 5)",10.0,3.0,2.0,0,0.0,6.0,5.0,9.0,0.165298888222,0.0
"(748, 6)",10.0,1.0,2.0,0,0.0,6.0,5.0,7.0,0.246596963942,0.0
"(750, 0)",40.0,0.5,4.0,0,0.0,7.5,5.0,8.0,0.201896517995,0.0
"(750, 1)",40.0,1.5,4.0,0,0.0,7.5,5.0,9.0,0.165298888222,0.0
"(750, 4)",80.0,1.0,0.0,3,4.0,7.5,5.0,9.0,0.165298888222,0.0
"(750, 6)",80.0,1.0,0.0,3,4.0,7.5,5.0,9.0,0.165298888222,0.0
"(751, 0)",50.0,0.5,5.0,0,0.0,8.0,5.0,9.0,0.165298888222,0.0
"(751, 1)",50.0,1.5,5.0,0,0.0,8.0,5.0,10.0,0.135335283237,0.0
"(751, 3)",100.0,0.5,0.0,3,5.0,8.0,5.0,9.0,0.165298888222,0.0
"(751, 4)",100.0,1.0,0.0,3,5.0,8.0,5.0,9.0,0.165298888222,0.0
"(760, 0)",50.0,0.5,5.0,0,0.0,8.5,5.0,9.0,0.165298888222,0.0
"(760, 1)",50.0,1.5,5.0,0,0.0,8.5,5.0,10.0,0.135335283237,0.0
"(760, 4)",100.0,1.0,0.0,3,5.0,8.5,5.0,10.0,0.135335283237,0.0
"(783, 2)",40.0,4.0,0.0,3,4.0,2.5,5.0,7.0,0.246596963942,0.0
"(783, 4)",40.0,1.0,0.0,3,4.0,2.5,5.0,4.0,0.449328964117,0.0
"(783, 5)",20.0,3.0,4.0,0,0.0,2.5,5.0,6.0,0.301194211912,0.0
"(783, 6)",20.0,1.0,4.0,0,0.0,2.5,5.0,4.0,0.449328964117,0.0
"(784, 0)",15.0,0.5,0.0,3,3.0,3.0,2.0,4.0,0.449328964117,0.75
"(784, 1)",0.0,1.5,0.0,3,3.0,3.0,2.0,5.0,0.367879441171,0.0
"(784, 2)",15.0,4.0,0.0,3,3.0,3.0,2.0,7.0,0.246596963942,0.75
"(784, 4)",9.0,1.0,3.0,0,0.0,3.0,2.0,4.0,0.449328964117,0.75
"(784, 6)",9.0,1.0,3.0,0,0.0,3.0,2.0,4.0,0.449328964117,0.75
"(789, 0)",15.0,0.5,0.0,3,3.0,3.0,1.0,4.0,0.449328964117,0.75
"(789, 1)",0.0,1.5,0.0,3,3.0,3.0,1.0,5.0,0.367879441171,0.0
"(789, 2)",15.0,4.0,0.0,3,3.0,3.0,1.0,7.0,0.246596963942,0.75
"(789, 4)",12.0,1.0,3.0,0,0.0,3.0,1.0,4.0,0.449328964117,0.75
"(789, 6)",12.0,1.0,4.0,3,1.0,3.0,1.0,4.0,0.449328964117,0.75
"(792, 0)",6.0,0.5,0.0,3,3.0,1.5,1.0,2.0,0.670320046036,0.75
"(792, 2)",6.0,4.0,0.0,3,3.0,1.5,1.0,6.0,0.301194211912,0.75
"(792, 4)",21.0,1.0,3.0,0,0.0,1.5,1.0,3.0,0.548811636094,0.75
"(792, 5)",0.0,3.0,0.0,3,3.0,1.5,1.0,5.0,0.367879441171,0.0
"(792, 6)",21.0,1.0,4.0,0,0.0,1.5,1.0,3.0,0.548811636094,0.75
"(794, 0)",13.5,0.5,0.0,3,3.0,4.5,1.0,5.0,0.367879441171,0.75
"(794, 2)",13.5,4.0,0.0,3,3.0,4.5,1.0,9.0,0.165298888222,0.75
"(794, 4)",13.5,1.0,5.0,0,0.0,4.5,1.0,6.0,0.301194211912,0.75
"(794, 6)",13.5,1.0,3.0,0,0.0,4.5,1.0,6.0,0.301194211912,0.75
"(797, 0)",0.0,0.5,0.0,3,3.0,8.5,1.0,9.0,0.165298888222,0.0
"(797, 3)",54.0,0.5,2.0,0,0.0,8.5,1.0,9.0,0.165298888222,0.75
"(797, 4)",54.0,1.0,3.0,0,0.0,8.5,1.0,10.0,0.135335283237,0.75
"(797, 6)",54.0,1.0,5.0,0,0.0,8.5,1.0,10.0,0.135335283237,0.75
"(803, 0)",15.0,0.5,0.0,3,3.0,7.0,1.0,8.0,0.201896517995,0.0
"(803, 1)",15.0,1.5,0.0,3,3.0,7.0,1.0,9.0,0.165298888222,0.0
"(803, 3)",39.0,0.5,4.0,0,0.0,7.0,1.0,8.0,0.201896517995,0.75
"(803, 4)",39.0,1.0,3.0,0,0.0,7.0,1.0,8.0,0.201896517995,0.75
"(803, 6)",39.0,1.0,4.0,3,1.0,7.0,1.0,8.0,0.201896517995,0.75
"(804, 0)",15.0,0.5,0.0,3,3.0,7.0,2.0,8.0,0.201896517995,0.0
"(804, 1)",15.0,1.5,0.0,3,3.0,7.0,2.0,9.0,0.165298888222,0.0
"(804, 3)",33.0,0.5,2.0,0,0.0,7.0,2.0,8.0,0.201896517995,0.75
"(804, 4)",33.0,1.0,3.0,0,0.0,7.0,2.0,8.0,0.201896517995,0.75
"(804, 6)",33.0,1.0,3.0,0,0.0,7.0,2.0,8.0,0.201896517995,0.75
"(805, 1)",50.0,1.5,0.0,3,5.0,5.0,5.0,7.0,0.246596963942,0.0
"(805, 4)",50.0,1.0,0.0,3,5.0,5.0,5.0,6.0,0.301194211912,0.0
"(805, 5)",25.0,3.0,5.0,0,0.0,5.0,5.0,8.0,0.201896517995,0.0
"(805, 6)",25.0,1.0,5.0,0,0.0,5.0,5.0,6.0,0.301194211912,0.0
"(806, 1)",50.0,1.5,0.0,3,5.0,6.0,5.0,8.0,0.201896517995,0.0
"(806, 5)",25.0,3.0,5.0,0,0.0,6.0,5.0,9.0,0.165298888222,0.0
"(806, 6)",25.0,1.0,5.0,0,0.0,6.0,5.0,7.0,0.246596963942,0.0
"(811, 0)",0.0,0.5,0.0,3,3.0,5.5,1.0,6.0,0.301194211912,0.0
"(811, 3)",39.0,0.5,1.0,0,0.0,5.5,1.0,6.0,0.301194211912,0.75
"(811, 4)",39.0,1.0,3.0,0,0.0,5.5,1.0,7.0,0.246596963942,0.75
"(811, 5)",0.0,3.0,0.0,3,3.0,5.5,1.0,9.0,0.165298888222,0.0
"(811, 6)",39.0,1.0,1.0,0,0.0,5.5,1.0,7.0,0.246596963942,0.75
"(815, 0)",15.0,0.5,0.0,3,3.0,2.0,5.0,3.0,0.548811636094,0.75
"(815, 1)",0.0,1.5,3.0,0,0.0,2.0,5.0,4.0,0.449328964117,0.0
"(815, 2)",15.0,4.0,0.0,3,3.0,2.0,5.0,6.0,0.301194211912,0.75
"(815, 3)",15.0,0.5,0.0,3,3.0,2.0,5.0,3.0,0.548811636094,0.75
"(815, 5)",0.0,3.0,0.0,3,3.0,2.0,5.0,5.0,0.367879441171,0.0
"(822, 0)",30.0,0.5,3.0,0,0.0,6.0,5.0,7.0,0.246596963942,0.0
"(822, 1)",30.0,1.5,3.0,0,0.0,6.0,5.0,8.0,0.201896517995,0.0
"(822, 3)",60.0,0.5,0.0,3,3.0,6.0,5.0,7.0,0.246596963942,0.0
"(822, 5)",60.0,3.0,0.0,3,3.0,6.0,5.0,9.0,0.165298888222,0.0
"(827, 1)",50.0,1.5,0.0,3,5.0,2.0,5.0,4.0,0.449328964117,0.0
"(827, 2)",50.0,4.0,0.0,3,5.0,2.0,5.0,6.0,0.301194211912,0.0
"(827, 5)",25.0,3.0,5.0,0,0.0,2.0,5.0,5.0,0.367879441171,0.0
"(827, 6)",25.0,1.0,5.0,0,0.0,2.0,5.0,3.0,0.548811636094,0.0
"(830, 2)",50.0,4.0,0.0,3,5.0,2.5,5.0,7.0,0.246596963942,0.0
"(830, 4)",50.0,1.0,0.0,3,5.0,2.5,5.0,4.0,0.449328964117,0.0
"(830, 5)",25.0,3.0,5.0,0,0.0,2.5,5.0,6.0,0.301194211912,0.0
"(830, 6)",25.0,1.0,5.0,0,0.0,2.5,5.0,4.0,0.449328964117,0.0
"(831, 0)",50.0,0.5,5.0,0,0.0,5.5,5.0,6.0,0.301194211912,0.0
"(831, 1)",50.0,1.5,5.0,0,0.0,5.5,5.0,7.0,0.246596963942,0.0
"(831, 4)",100.0,1.0,0.0,3,5.0,5.5,5.0,7.0,0.246596963942,0.0
"(831, 5)",100.0,3.0,0.0,3,5.0,5.5,5.0,9.0,0.165298888222,0.0
"(833, 0)",50.0,0.5,5.0,0,0.0,6.5,5.0,7.0,0.246596963942,0.0
"(833, 1)",50.0,1.5,5.0,0,0.0,6.5,5.0,8.0,0.201896517995,0.0
"(833, 5)",100.0,3.0,0.0,3,5.0,6.5,5.0,10.0,0.135335283237,0.0
"(837, 0)",50.0,0.5,5.0,0,0.0,8.5,5.0,9.0,0.165298888222,0.0
"(837, 1)",50.0,1.5,5.0,0,0.0,8.5,5.0,10.0,0.135335283237,0.0
"(837, 4)",100.0,1.0,0.0,3,5.0,8.5,5.0,10.0,0.135335283237,0.0
"(838, 0)",50.0,0.5,5.0,0,0.0,9.5,5.0,10.0,0.135335283237,0.0
"(838, 1)",50.0,1.5,5.0,0,0.0,9.5,5.0,11.0,0.110803158362,0.0
"(839, 0)",25.0,0.5,0.0,3,5.0,4.0,5.0,5.0,0.367879441171,0.75
"(839, 1)",0.0,1.5,5.0,0,0.0,4.0,5.0,6.0,0.301194211912,0.0
"(839, 2)",25.0,4.0,0.0,3,5.0,4.0,5.0,8.0,0.201896517995,0.75
"(839, 3)",25.0,0.5,0.0,3,5.0,4.0,5.0,5.0,0.367879441171,0.75
"(839, 4)",0.0,1.0,0.0,3,5.0,4.0,5.0,5.0,0.367879441171,0.0
"(840, 0)",20.0,0.5,0.0,3,4.0,2.0,5.0,3.0,0.548811636094,0.75
"(840, 1)",0.0,1.5,4.0,0,0.0,2.0,5.0,4.0,0.449328964117,0.0
"(840, 2)",20.0,4.0,0.0,3,4.0,2.0,5.0,6.0,0.301194211912,0.75
"(840, 3)",20.0,0.5,0.0,3,4.0,2.0,5.0,3.0,0.548811636094,0.75
"(840, 5)",0.0,3.0,0.0,3,4.0,2.0,5.0,5.0,0.367879441171,0.0
"(842, 0)",40.0,0.5,4.0,0,0.0,6.0,5.0,7.0,0.246596963942,0.0
"(842, 1)",40.0,1.5,4.0,0,0.0,6.0,5.0,8.0,0.201896517995,0.0
"(842, 3)",80.0,0.5,0.0,3,4.0,6.0,5.0,7.0,0.246596963942,0.0
"(842, 5)",80.0,3.0,0.0,3,4.0,6.0,5.0,9.0,0.165298888222,0.0
"(846, 0)",50.0,0.5,5.0,0,0.0,2.5,5.0,3.0,0.548811636094,0.0
"(846, 1)",50.0,1.5,5.0,0,0.0,2.5,5.0,4.0,0.449328964117,0.0
"(846, 2)",100.0,4.0,0.0,3,5.0,2.5,5.0,7.0,0.246596963942,0.0
"(846, 3)",50.0,0.5,5.0,0,0.0,2.5,5.0,3.0,0.548811636094,0.0
"(846, 5)",100.0,3.0,0.0,3,5.0,2.5,5.0,6.0,0.301194211912,0.0
"(847, 0)",50.0,0.5,5.0,0,0.0,5.5,5.0,6.0,0.301194211912,0.0
"(847, 1)",50.0,1.5,5.0,0,0.0,5.5,5.0,7.0,0.246596963942,0.0
"(847, 2)",100.0,4.0,0.0,3,5.0,5.5,5.0,10.0,0.135335283237,0.0
"(847, 3)",50.0,0.5,5.0,0,0.0,5.5,5.0,6.0,0.301194211912,0.0
"(859, 1)",50.0,1.5,5.0,0,0.0,4.5,5.0,6.0,0.301194211912,0.0
"(859, 2)",50.0,4.0,5.0,0,0.0,4.5,5.0,9.0,0.165298888222,0.0
"(859, 3)",50.0,0.5,5.0,0,0.0,4.5,5.0,5.0,0.367879441171,0.0
"(859, 4)",100.0,1.0,0.0,3,5.0,4.5,5.0,6.0,0.301194211912,0.0
"(861, 0)",50.0,0.5,0.0,3,5.0,6.0,5.0,7.0,0.246596963942,0.0
"(861, 4)",50.0,1.0,0.0,3,5.0,6.0,5.0,7.0,0.246596963942,0.0
"(861, 5)",25.0,3.0,5.0,0,0.0,6.0,5.0,9.0,0.165298888222,0.0
"(861, 6)",25.0,1.0,5.0,0,0.0,6.0,5.0,7.0,0.246596963942,0.0
