s,a,probability,reward,s_prime
0.0,0.0,1.0,0.0,1.0
0.0,1.0,0.4,201.096013811,624.0
0.0,1.0,0.1,67.0320046036,792.0
0.0,1.0,0.2,268.128018414,739.0
0.0,1.0,0.2,134.064009207,420.0
0.0,1.0,0.1,335.160023018,6.0
0.0,5.0,0.1,274.405818047,424.0
0.0,5.0,0.2,109.762327219,784.0
0.0,5.0,0.4,164.643490828,355.0
0.0,5.0,0.2,219.524654438,285.0
0.0,5.0,0.1,54.8811636094,789.0
0.0,6.0,0.1,81.8730753078,280.0
0.0,6.0,0.2,327.492301231,105.0
0.0,6.0,0.2,163.746150616,404.0
0.0,6.0,0.4,245.619225923,62.0
0.0,6.0,0.1,409.365376539,564.0
1.0,1.0,0.4,201.096013811,555.0
1.0,1.0,0.2,134.064009207,443.0
1.0,1.0,0.1,67.0320046036,532.0
1.0,1.0,0.2,268.128018414,398.0
1.0,1.0,0.1,335.160023018,7.0
1.0,2.0,0.1,36.7879441171,2.0
1.0,2.0,0.2,147.151776469,418.0
1.0,2.0,0.2,73.5758882343,26.0
1.0,2.0,0.1,183.939720586,138.0
1.0,2.0,0.4,110.363832351,47.0
1.0,3.0,0.4,245.619225923,196.0
1.0,3.0,0.1,409.365376539,12.0
1.0,3.0,0.2,163.746150616,252.0
1.0,3.0,0.2,327.492301231,693.0
1.0,3.0,0.1,81.8730753078,529.0
1.0,5.0,0.1,224.664482059,428.0
1.0,5.0,0.4,134.798689235,10.0
1.0,5.0,0.2,179.731585647,164.0
1.0,5.0,0.1,44.9328964117,722.0
1.0,5.0,0.2,89.8657928234,550.0
1.0,6.0,0.4,201.096013811,88.0
1.0,6.0,0.2,268.128018414,65.0
1.0,6.0,0.2,134.064009207,445.0
1.0,6.0,0.1,335.160023018,566.0
1.0,6.0,0.1,67.0320046036,281.0
2.0,1.0,1.0,0.0,24.0
2.0,3.0,0.1,147.151776469,57.0
2.0,3.0,0.4,110.363832351,3.0
2.0,3.0,0.2,147.151776469,132.0
2.0,3.0,0.1,36.7879441171,86.0
2.0,3.0,0.2,73.5758882343,473.0
2.0,4.0,0.2,60.2388423824,240.0
2.0,4.0,0.1,30.1194211912,857.0
2.0,4.0,0.2,120.477684765,98.0
2.0,4.0,0.1,120.477684765,229.0
2.0,4.0,0.4,90.3582635737,621.0
2.0,5.0,1.0,0.0,4.0
2.0,6.0,0.1,30.1194211912,619.0
2.0,6.0,0.2,60.2388423824,793.0
2.0,6.0,0.4,90.3582635737,187.0
2.0,6.0,0.2,120.477684765,782.0
2.0,6.0,0.1,150.597105956,254.0
515.0,0.0,1.0,54.1341132946,518.0
515.0,1.0,1.0,44.3212633449,516.0
4.0,1.0,1.0,0.0,16.0
4.0,3.0,0.4,60.5689553984,168.0
4.0,3.0,0.1,20.1896517995,650.0
4.0,3.0,0.2,40.3793035989,531.0
4.0,3.0,0.2,80.7586071979,28.0
4.0,3.0,0.1,100.948258997,167.0
4.0,4.0,0.1,16.5298888222,776.0
4.0,4.0,0.4,49.5896664665,49.0
4.0,4.0,0.2,66.1195552886,147.0
4.0,4.0,0.2,33.0597776443,333.0
4.0,4.0,0.1,82.6494441108,46.0
4.0,6.0,0.4,49.5896664665,345.0
4.0,6.0,0.2,33.0597776443,143.0
4.0,6.0,0.2,66.1195552886,5.0
4.0,6.0,0.1,82.6494441108,110.0
4.0,6.0,0.1,16.5298888222,729.0
6.0,0.0,1.0,0.0,7.0
6.0,2.0,1.0,0.0,151.0
6.0,4.0,0.2,0.0,141.0
6.0,4.0,1.0,0.0,200.0
6.0,4.0,0.2,0.0,29.0
6.0,4.0,0.1,0.0,21.0
6.0,4.0,0.1,0.0,135.0
6.0,5.0,1.0,90.3582635737,540.0
6.0,5.0,1.0,0.0,158.0
6.0,6.0,0.2,219.524654438,56.0
6.0,6.0,1.0,134.798689235,128.0
6.0,6.0,0.1,274.405818047,92.0
6.0,6.0,0.2,109.762327219,14.0
7.0,2.0,1.0,0.0,106.0
7.0,3.0,0.2,0.0,8.0
7.0,3.0,0.1,0.0,830.0
7.0,3.0,0.1,0.0,37.0
7.0,3.0,0.4,0.0,6.0
7.0,3.0,0.2,0.0,783.0
7.0,4.0,0.2,0.0,378.0
7.0,4.0,0.2,0.0,308.0
7.0,4.0,0.1,0.0,205.0
7.0,4.0,0.1,0.0,126.0
7.0,4.0,0.4,0.0,199.0
7.0,5.0,1.0,0.0,50.0
7.0,6.0,0.2,109.762327219,450.0
7.0,6.0,0.1,54.8811636094,775.0
7.0,6.0,0.4,164.643490828,20.0
7.0,6.0,0.1,274.405818047,810.0
7.0,6.0,0.2,219.524654438,287.0
8.0,2.0,1.0,0.0,79.0
8.0,4.0,1.0,0.0,29.0
8.0,5.0,1.0,60.2388423824,9.0
8.0,6.0,1.0,89.8657928234,14.0
521.0,0.0,1.0,0.0,448.0
521.0,3.0,0.4,49.5896664665,466.0
521.0,3.0,0.1,16.5298888222,453.0
521.0,3.0,0.2,66.1195552886,674.0
521.0,3.0,0.2,33.0597776443,455.0
521.0,3.0,0.1,82.6494441108,623.0
521.0,4.0,0.1,13.5335283237,408.0
521.0,4.0,0.4,40.600584971,545.0
521.0,4.0,0.2,54.1341132946,563.0
521.0,4.0,0.1,67.6676416183,207.0
521.0,4.0,0.2,27.0670566473,401.0
521.0,6.0,0.4,40.600584971,488.0
521.0,6.0,0.1,67.6676416183,601.0
521.0,6.0,0.2,27.0670566473,292.0
521.0,6.0,0.2,54.1341132946,685.0
521.0,6.0,0.1,13.5335283237,406.0
10.0,1.0,1.0,0.0,177.0
10.0,2.0,1.0,0.0,73.0
10.0,3.0,0.4,134.798689235,576.0
10.0,3.0,0.1,224.664482059,34.0
10.0,3.0,0.2,179.731585647,11.0
10.0,3.0,0.2,89.8657928234,85.0
10.0,3.0,0.1,44.9328964117,622.0
10.0,4.0,0.1,73.5758882343,500.0
10.0,4.0,0.2,73.5758882343,179.0
10.0,4.0,0.1,36.7879441171,684.0
10.0,4.0,0.4,73.5758882343,45.0
10.0,4.0,0.2,73.5758882343,77.0
10.0,6.0,0.1,73.5758882343,352.0
10.0,6.0,0.2,73.5758882343,403.0
10.0,6.0,0.1,36.7879441171,668.0
10.0,6.0,0.4,73.5758882343,182.0
10.0,6.0,0.2,73.5758882343,23.0
12.0,1.0,0.1,0.0,81.0
12.0,1.0,0.4,0.0,635.0
12.0,1.0,0.1,0.0,541.0
12.0,1.0,0.2,0.0,214.0
12.0,1.0,0.2,0.0,597.0
12.0,2.0,0.2,0.0,232.0
12.0,2.0,0.4,0.0,155.0
12.0,2.0,0.1,0.0,197.0
12.0,2.0,0.2,0.0,606.0
12.0,2.0,0.1,0.0,805.0
12.0,4.0,0.1,0.0,827.0
12.0,4.0,0.4,0.0,194.0
12.0,4.0,0.2,0.0,267.0
12.0,4.0,0.2,0.0,508.0
12.0,4.0,0.1,0.0,502.0
12.0,5.0,0.1,224.664482059,611.0
12.0,5.0,0.2,89.8657928234,769.0
12.0,5.0,0.4,134.798689235,34.0
12.0,5.0,0.2,179.731585647,547.0
12.0,5.0,0.1,44.9328964117,15.0
12.0,6.0,1.0,0.0,13.0
13.0,1.0,0.2,179.731585647,56.0
13.0,1.0,0.4,134.798689235,128.0
13.0,1.0,0.1,224.664482059,92.0
13.0,1.0,0.2,89.8657928234,14.0
13.0,1.0,0.1,44.9328964117,84.0
13.0,2.0,0.4,90.3582635737,377.0
13.0,2.0,0.2,60.2388423824,188.0
13.0,2.0,0.2,120.477684765,388.0
13.0,2.0,0.1,30.1194211912,189.0
13.0,2.0,0.1,150.597105956,305.0
13.0,4.0,0.2,109.762327219,268.0
13.0,4.0,0.2,219.524654438,19.0
13.0,4.0,0.1,274.405818047,548.0
13.0,4.0,0.1,54.8811636094,93.0
13.0,4.0,0.4,164.643490828,195.0
13.0,5.0,0.1,36.7879441171,176.0
13.0,5.0,0.2,73.5758882343,425.0
13.0,5.0,0.4,110.363832351,202.0
13.0,5.0,0.2,147.151776469,259.0
13.0,5.0,0.1,183.939720586,520.0
16.0,3.0,0.1,13.5335283237,568.0
16.0,3.0,0.2,54.1341132946,36.0
16.0,3.0,0.2,27.0670566473,18.0
16.0,3.0,0.4,40.600584971,44.0
16.0,3.0,0.1,67.6676416183,133.0
16.0,4.0,0.1,13.5335283237,32.0
16.0,4.0,0.1,67.6676416183,75.0
16.0,4.0,0.2,54.1341132946,90.0
16.0,4.0,0.4,40.600584971,91.0
16.0,4.0,0.2,27.0670566473,31.0
16.0,6.0,0.2,54.1341132946,17.0
16.0,6.0,0.2,27.0670566473,362.0
16.0,6.0,0.4,40.600584971,306.0
16.0,6.0,0.1,67.6676416183,68.0
16.0,6.0,0.1,13.5335283237,53.0
529.0,1.0,0.1,54.8811636094,779.0
529.0,1.0,0.1,219.524654438,81.0
529.0,1.0,0.4,164.643490828,595.0
529.0,1.0,0.2,219.524654438,317.0
529.0,1.0,0.2,109.762327219,681.0
529.0,2.0,0.2,73.5758882343,473.0
529.0,2.0,0.4,110.363832351,3.0
529.0,2.0,0.2,147.151776469,132.0
529.0,2.0,0.1,147.151776469,197.0
529.0,2.0,0.1,36.7879441171,86.0
529.0,4.0,0.2,134.064009207,795.0
529.0,4.0,0.2,268.128018414,227.0
529.0,4.0,0.1,67.0320046036,652.0
529.0,4.0,0.4,201.096013811,253.0
529.0,4.0,0.1,268.128018414,502.0
529.0,5.0,0.1,44.9328964117,721.0
529.0,5.0,0.2,179.731585647,235.0
529.0,5.0,0.1,224.664482059,429.0
529.0,5.0,0.4,134.798689235,622.0
529.0,5.0,0.2,89.8657928234,829.0
529.0,6.0,1.0,0.0,537.0
530.0,0.0,1.0,0.0,438.0
530.0,3.0,0.2,66.1195552886,466.0
530.0,3.0,0.4,49.5896664665,455.0
530.0,3.0,0.1,82.6494441108,674.0
530.0,3.0,0.1,16.5298888222,613.0
530.0,3.0,0.2,33.0597776443,453.0
530.0,4.0,0.2,27.0670566473,408.0
530.0,4.0,0.4,40.600584971,401.0
530.0,4.0,0.1,13.5335283237,490.0
530.0,4.0,0.1,67.6676416183,563.0
530.0,4.0,0.2,54.1341132946,545.0
530.0,6.0,0.2,54.1341132946,488.0
530.0,6.0,0.1,13.5335283237,432.0
530.0,6.0,0.4,40.600584971,292.0
530.0,6.0,0.1,67.6676416183,685.0
530.0,6.0,0.2,27.0670566473,406.0
583.0,0.0,1.0,0.0,35.0
583.0,3.0,0.2,33.0597776443,393.0
583.0,3.0,0.1,16.5298888222,643.0
583.0,3.0,0.2,66.1195552886,453.0
583.0,3.0,0.1,82.6494441108,455.0
583.0,3.0,0.4,49.5896664665,613.0
583.0,4.0,0.2,54.1341132946,408.0
583.0,4.0,0.2,27.0670566473,657.0
583.0,4.0,0.4,40.600584971,490.0
583.0,4.0,0.1,13.5335283237,819.0
583.0,4.0,0.1,67.6676416183,401.0
583.0,6.0,0.4,40.600584971,432.0
583.0,6.0,0.2,27.0670566473,616.0
583.0,6.0,0.1,67.6676416183,292.0
583.0,6.0,0.2,54.1341132946,406.0
583.0,6.0,0.1,13.5335283237,630.0
532.0,2.0,1.0,0.0,24.0
532.0,3.0,0.1,54.8811636094,779.0
532.0,3.0,0.2,109.762327219,681.0
532.0,3.0,0.4,164.643490828,595.0
532.0,3.0,0.1,219.524654438,37.0
532.0,3.0,0.2,219.524654438,317.0
532.0,4.0,0.1,54.8811636094,802.0
532.0,4.0,0.4,164.643490828,475.0
532.0,4.0,0.2,109.762327219,586.0
532.0,4.0,0.1,219.524654438,126.0
532.0,4.0,0.2,219.524654438,431.0
532.0,5.0,1.0,0.0,533.0
532.0,6.0,0.4,164.643490828,112.0
532.0,6.0,0.1,54.8811636094,785.0
532.0,6.0,0.1,274.405818047,642.0
532.0,6.0,0.2,219.524654438,76.0
532.0,6.0,0.2,109.762327219,781.0
21.0,0.0,1.0,0.0,126.0
21.0,2.0,1.0,0.0,41.0
21.0,3.0,1.0,0.0,126.0
21.0,5.0,1.0,24.6596963942,83.0
21.0,6.0,1.0,36.7879441171,22.0
512.0,0.0,1.0,0.0,440.0
512.0,1.0,1.0,120.477684765,503.0
512.0,2.0,1.0,0.0,690.0
512.0,3.0,1.0,0.0,440.0
512.0,6.0,1.0,0.0,513.0
24.0,3.0,0.2,98.6387855766,25.0
24.0,3.0,0.4,73.9790891825,499.0
24.0,3.0,0.1,98.6387855766,38.0
24.0,3.0,0.1,24.6596963942,689.0
24.0,3.0,0.2,49.3193927883,137.0
24.0,4.0,0.1,24.6596963942,40.0
24.0,4.0,0.4,73.9790891825,275.0
24.0,4.0,0.1,98.6387855766,269.0
24.0,4.0,0.2,49.3193927883,725.0
24.0,4.0,0.2,98.6387855766,507.0
24.0,5.0,1.0,0.0,16.0
24.0,6.0,0.1,24.6596963942,800.0
24.0,6.0,0.1,123.298481971,265.0
24.0,6.0,0.4,73.9790891825,354.0
24.0,6.0,0.2,49.3193927883,525.0
24.0,6.0,0.2,98.6387855766,385.0
537.0,1.0,0.1,224.664482059,465.0
537.0,1.0,0.2,89.8657928234,610.0
537.0,1.0,0.4,134.798689235,543.0
537.0,1.0,0.1,44.9328964117,733.0
537.0,1.0,0.2,179.731585647,383.0
537.0,2.0,0.4,90.3582635737,552.0
537.0,2.0,0.1,150.597105956,298.0
537.0,2.0,0.2,60.2388423824,603.0
537.0,2.0,0.2,120.477684765,278.0
537.0,2.0,0.1,30.1194211912,743.0
537.0,4.0,0.2,219.524654438,338.0
537.0,4.0,0.4,164.643490828,331.0
537.0,4.0,0.2,109.762327219,754.0
537.0,4.0,0.1,54.8811636094,558.0
537.0,4.0,0.1,274.405818047,261.0
537.0,5.0,0.1,183.939720586,160.0
537.0,5.0,0.2,73.5758882343,673.0
537.0,5.0,0.1,36.7879441171,714.0
537.0,5.0,0.4,110.363832351,556.0
537.0,5.0,0.2,147.151776469,63.0
26.0,1.0,1.0,0.0,368.0
26.0,3.0,0.2,110.363832351,57.0
26.0,3.0,0.2,73.5758882343,3.0
26.0,3.0,0.4,110.363832351,132.0
26.0,3.0,0.1,110.363832351,54.0
26.0,3.0,0.1,36.7879441171,473.0
26.0,4.0,0.1,30.1194211912,240.0
26.0,4.0,0.1,90.3582635737,482.0
26.0,4.0,0.4,90.3582635737,98.0
26.0,4.0,0.2,90.3582635737,229.0
26.0,4.0,0.2,60.2388423824,621.0
26.0,5.0,1.0,0.0,27.0
26.0,6.0,0.4,90.3582635737,376.0
26.0,6.0,0.2,120.477684765,497.0
26.0,6.0,0.2,60.2388423824,250.0
26.0,6.0,0.1,30.1194211912,746.0
26.0,6.0,0.1,150.597105956,701.0
27.0,1.0,1.0,0.0,35.0
27.0,3.0,0.2,40.3793035989,168.0
27.0,3.0,0.1,100.948258997,316.0
27.0,3.0,0.1,20.1896517995,531.0
27.0,3.0,0.4,60.5689553984,28.0
27.0,3.0,0.2,80.7586071979,167.0
27.0,4.0,0.2,33.0597776443,49.0
27.0,4.0,0.4,49.5896664665,147.0
27.0,4.0,0.1,16.5298888222,333.0
27.0,4.0,0.2,66.1195552886,46.0
27.0,4.0,0.1,82.6494441108,279.0
27.0,6.0,0.2,33.0597776443,345.0
27.0,6.0,0.1,82.6494441108,220.0
27.0,6.0,0.4,49.5896664665,5.0
27.0,6.0,0.2,66.1195552886,110.0
27.0,6.0,0.1,16.5298888222,143.0
29.0,0.0,1.0,0.0,308.0
29.0,2.0,1.0,0.0,59.0
29.0,3.0,1.0,0.0,308.0
29.0,5.0,1.0,49.3193927883,33.0
29.0,6.0,1.0,73.5758882343,30.0
542.0,2.0,1.0,0.0,728.0
542.0,5.0,1.0,123.298481971,136.0
542.0,6.0,1.0,183.939720586,174.0
751.0,0.0,1.0,82.6494441108,639.0
751.0,1.0,1.0,67.6676416183,601.0
751.0,3.0,1.0,0.0,760.0
751.0,4.0,1.0,0.0,570.0
544.0,5.0,1.0,44.3212633449,243.0
544.0,6.0,1.0,66.1195552886,313.0
35.0,3.0,0.2,27.0670566473,44.0
35.0,3.0,0.1,13.5335283237,18.0
35.0,3.0,0.4,40.600584971,36.0
35.0,3.0,0.1,67.6676416183,61.0
35.0,3.0,0.2,54.1341132946,133.0
35.0,4.0,0.2,27.0670566473,91.0
35.0,4.0,0.2,54.1341132946,75.0
35.0,4.0,0.1,67.6676416183,131.0
35.0,4.0,0.4,40.600584971,90.0
35.0,4.0,0.1,13.5335283237,31.0
35.0,6.0,0.1,67.6676416183,192.0
35.0,6.0,0.4,40.600584971,17.0
35.0,6.0,0.2,27.0670566473,306.0
35.0,6.0,0.2,54.1341132946,68.0
35.0,6.0,0.1,13.5335283237,362.0
37.0,2.0,1.0,0.0,38.0
37.0,4.0,1.0,0.0,21.0
37.0,5.0,1.0,30.1194211912,193.0
37.0,6.0,1.0,44.9328964117,84.0
38.0,4.0,1.0,0.0,41.0
38.0,5.0,1.0,13.5335283237,186.0
38.0,6.0,1.0,20.1896517995,39.0
41.0,0.0,1.0,0.0,269.0
41.0,3.0,1.0,0.0,269.0
41.0,5.0,1.0,11.0803158362,42.0
41.0,6.0,1.0,16.5298888222,43.0
519.0,0.0,1.0,33.0597776443,279.0
519.0,1.0,1.0,27.0670566473,401.0
519.0,3.0,1.0,0.0,384.0
519.0,6.0,1.0,0.0,358.0
45.0,0.0,1.0,36.7879441171,536.0
45.0,1.0,1.0,30.1194211912,115.0
45.0,2.0,1.0,0.0,648.0
45.0,2.0,1.0,16.5298888222,46.0
45.0,3.0,1.0,36.7879441171,536.0
45.0,6.0,1.0,0.0,95.0
47.0,1.0,1.0,0.0,255.0
47.0,3.0,0.4,73.5758882343,57.0
47.0,3.0,0.1,36.7879441171,3.0
47.0,3.0,0.2,73.5758882343,132.0
47.0,3.0,0.2,73.5758882343,54.0
47.0,3.0,0.1,73.5758882343,369.0
47.0,4.0,0.2,60.2388423824,482.0
47.0,4.0,0.2,60.2388423824,98.0
47.0,4.0,0.1,60.2388423824,139.0
47.0,4.0,0.1,30.1194211912,621.0
47.0,4.0,0.4,60.2388423824,229.0
47.0,5.0,1.0,0.0,73.0
47.0,6.0,0.4,90.3582635737,48.0
47.0,6.0,0.2,120.477684765,97.0
47.0,6.0,0.1,150.597105956,755.0
47.0,6.0,0.1,30.1194211912,788.0
47.0,6.0,0.2,60.2388423824,608.0
50.0,2.0,1.0,0.0,51.0
50.0,3.0,0.2,60.2388423824,9.0
50.0,3.0,0.1,150.597105956,506.0
50.0,3.0,0.4,90.3582635737,540.0
50.0,3.0,0.2,120.477684765,326.0
50.0,3.0,0.1,30.1194211912,193.0
50.0,4.0,0.4,90.3582635737,161.0
50.0,4.0,0.1,30.1194211912,127.0
50.0,4.0,0.1,150.597105956,245.0
50.0,4.0,0.2,60.2388423824,342.0
50.0,4.0,0.2,120.477684765,510.0
50.0,6.0,0.1,30.1194211912,697.0
50.0,6.0,0.2,120.477684765,679.0
50.0,6.0,0.4,90.3582635737,670.0
50.0,6.0,0.1,150.597105956,526.0
50.0,6.0,0.2,60.2388423824,111.0
51.0,3.0,0.1,67.6676416183,64.0
51.0,3.0,0.2,27.0670566473,80.0
51.0,3.0,0.1,13.5335283237,186.0
51.0,3.0,0.2,54.1341132946,107.0
51.0,3.0,0.4,40.600584971,246.0
51.0,4.0,0.2,54.1341132946,154.0
51.0,4.0,0.4,40.600584971,52.0
51.0,4.0,0.2,27.0670566473,69.0
51.0,4.0,0.1,13.5335283237,270.0
51.0,4.0,0.1,67.6676416183,221.0
51.0,6.0,0.1,13.5335283237,634.0
51.0,6.0,0.1,67.6676416183,407.0
51.0,6.0,0.4,40.600584971,172.0
51.0,6.0,0.2,54.1341132946,381.0
51.0,6.0,0.2,27.0670566473,175.0
513.0,0.0,1.0,0.0,441.0
513.0,1.0,1.0,98.6387855766,578.0
513.0,2.0,1.0,0.0,514.0
513.0,3.0,1.0,0.0,441.0
54.0,1.0,1.0,0.0,79.0
54.0,4.0,1.0,0.0,71.0
54.0,5.0,1.0,40.3793035989,55.0
54.0,6.0,1.0,60.2388423824,188.0
57.0,1.0,1.0,0.0,38.0
57.0,4.0,1.0,0.0,100.0
57.0,5.0,1.0,20.1896517995,58.0
57.0,6.0,1.0,30.1194211912,189.0
570.0,0.0,1.0,67.6676416183,493.0
570.0,1.0,1.0,55.4015791812,577.0
570.0,3.0,1.0,0.0,571.0
59.0,0.0,1.0,0.0,284.0
59.0,3.0,1.0,0.0,284.0
59.0,5.0,1.0,22.1606316725,70.0
59.0,6.0,1.0,33.0597776443,60.0
62.0,0.0,1.0,0.0,88.0
62.0,1.0,0.1,274.405818047,128.0
62.0,1.0,0.4,164.643490828,625.0
62.0,1.0,0.2,109.762327219,396.0
62.0,1.0,0.2,219.524654438,740.0
62.0,1.0,0.1,54.8811636094,695.0
62.0,3.0,1.0,0.0,88.0
62.0,4.0,0.2,134.064009207,113.0
62.0,4.0,0.2,134.064009207,338.0
62.0,4.0,0.4,134.064009207,108.0
62.0,4.0,0.1,67.0320046036,405.0
62.0,4.0,0.1,134.064009207,815.0
62.0,5.0,0.4,89.8657928234,217.0
62.0,5.0,0.1,44.9328964117,370.0
62.0,5.0,0.1,89.8657928234,322.0
62.0,5.0,0.2,89.8657928234,117.0
62.0,5.0,0.2,89.8657928234,63.0
65.0,0.0,1.0,0.0,297.0
65.0,1.0,0.2,219.524654438,524.0
65.0,1.0,0.1,274.405818047,287.0
65.0,1.0,0.1,54.8811636094,76.0
65.0,1.0,0.2,109.762327219,437.0
65.0,1.0,0.4,164.643490828,351.0
65.0,2.0,0.4,90.3582635737,97.0
65.0,2.0,0.2,30.1194211912,290.0
65.0,2.0,0.4,30.1194211912,394.0
65.0,2.0,0.1,30.1194211912,717.0
65.0,2.0,0.1,30.1194211912,782.0
65.0,2.0,0.2,30.1194211912,688.0
65.0,2.0,0.2,60.2388423824,497.0
65.0,2.0,0.1,30.1194211912,496.0
65.0,2.0,0.2,120.477684765,599.0
65.0,2.0,0.1,150.597105956,184.0
65.0,3.0,1.0,0.0,297.0
65.0,4.0,0.4,54.8811636094,288.0
65.0,4.0,0.1,54.8811636094,129.0
65.0,4.0,0.1,54.8811636094,676.0
65.0,4.0,0.2,54.8811636094,102.0
65.0,4.0,0.2,54.8811636094,609.0
65.0,5.0,0.2,36.7879441171,66.0
65.0,5.0,0.2,36.7879441171,323.0
65.0,5.0,0.4,36.7879441171,124.0
65.0,5.0,0.1,36.7879441171,349.0
65.0,5.0,0.1,36.7879441171,23.0
66.0,0.0,1.0,36.7879441171,160.0
66.0,1.0,1.0,30.1194211912,67.0
66.0,2.0,1.0,0.0,144.0
66.0,2.0,1.0,16.5298888222,110.0
66.0,3.0,1.0,36.7879441171,160.0
66.0,4.0,1.0,0.0,103.0
579.0,0.0,1.0,82.6494441108,258.0
579.0,1.0,1.0,67.6676416183,221.0
579.0,6.0,1.0,0.0,571.0
694.0,0.0,1.0,54.1341132946,504.0
694.0,1.0,1.0,44.3212633449,523.0
694.0,3.0,1.0,0.0,680.0
71.0,1.0,1.0,0.0,59.0
71.0,5.0,1.0,33.0597776443,94.0
71.0,6.0,1.0,49.3193927883,72.0
73.0,1.0,1.0,0.0,74.0
73.0,3.0,0.1,20.1896517995,168.0
73.0,3.0,0.2,40.3793035989,28.0
73.0,3.0,0.1,100.948258997,459.0
73.0,3.0,0.2,80.7586071979,316.0
73.0,3.0,0.4,60.5689553984,167.0
73.0,4.0,0.1,16.5298888222,49.0
73.0,4.0,0.1,82.6494441108,402.0
73.0,4.0,0.2,33.0597776443,147.0
73.0,4.0,0.4,49.5896664665,46.0
73.0,4.0,0.2,66.1195552886,279.0
73.0,6.0,0.1,16.5298888222,345.0
73.0,6.0,0.2,66.1195552886,220.0
73.0,6.0,0.2,33.0597776443,5.0
73.0,6.0,0.4,49.5896664665,110.0
73.0,6.0,0.1,82.6494441108,486.0
74.0,3.0,0.2,27.0670566473,36.0
74.0,3.0,0.1,67.6676416183,553.0
74.0,3.0,0.1,13.5335283237,44.0
74.0,3.0,0.4,40.600584971,133.0
74.0,3.0,0.2,54.1341132946,61.0
74.0,4.0,0.1,13.5335283237,91.0
74.0,4.0,0.1,67.6676416183,460.0
74.0,4.0,0.2,27.0670566473,90.0
74.0,4.0,0.4,40.600584971,75.0
74.0,4.0,0.2,54.1341132946,131.0
74.0,6.0,0.2,54.1341132946,192.0
74.0,6.0,0.2,27.0670566473,17.0
74.0,6.0,0.1,13.5335283237,306.0
74.0,6.0,0.4,40.600584971,68.0
74.0,6.0,0.1,67.6676416183,458.0
77.0,0.0,1.0,73.5758882343,303.0
77.0,1.0,1.0,60.2388423824,78.0
77.0,2.0,1.0,0.0,384.0
77.0,2.0,1.0,33.0597776443,279.0
77.0,3.0,1.0,73.5758882343,303.0
77.0,6.0,1.0,0.0,375.0
79.0,4.0,1.0,0.0,59.0
79.0,5.0,1.0,27.0670566473,80.0
79.0,6.0,1.0,40.3793035989,208.0
592.0,0.0,1.0,0.0,638.0
592.0,1.0,1.0,0.0,521.0
592.0,3.0,0.1,0.0,745.0
592.0,3.0,0.1,0.0,644.0
592.0,3.0,0.2,0.0,380.0
592.0,3.0,0.2,0.0,750.0
592.0,3.0,0.4,0.0,638.0
592.0,4.0,0.1,0.0,569.0
592.0,4.0,0.2,0.0,690.0
592.0,4.0,0.2,0.0,519.0
592.0,4.0,0.4,0.0,605.0
592.0,4.0,0.1,0.0,637.0
592.0,6.0,0.2,0.0,706.0
592.0,6.0,0.1,0.0,751.0
592.0,6.0,0.1,0.0,387.0
592.0,6.0,0.2,0.0,413.0
592.0,6.0,0.4,0.0,487.0
81.0,2.0,1.0,0.0,264.0
81.0,4.0,1.0,0.0,82.0
81.0,5.0,1.0,30.1194211912,193.0
81.0,6.0,1.0,44.9328964117,84.0
82.0,2.0,1.0,0.0,87.0
82.0,5.0,1.0,24.6596963942,83.0
82.0,6.0,1.0,36.7879441171,22.0
597.0,2.0,1.0,0.0,598.0
597.0,4.0,1.0,0.0,509.0
597.0,5.0,1.0,120.477684765,326.0
597.0,6.0,1.0,179.731585647,56.0
598.0,4.0,1.0,0.0,544.0
598.0,5.0,1.0,54.1341132946,107.0
598.0,6.0,1.0,80.7586071979,223.0
87.0,5.0,1.0,11.0803158362,42.0
87.0,6.0,1.0,16.5298888222,43.0
88.0,0.0,1.0,0.0,162.0
88.0,1.0,0.1,54.8811636094,112.0
88.0,1.0,0.2,219.524654438,738.0
88.0,1.0,0.4,164.643490828,130.0
88.0,1.0,0.1,274.405818047,20.0
88.0,1.0,0.2,109.762327219,653.0
88.0,2.0,0.2,60.2388423824,496.0
88.0,2.0,0.4,60.2388423824,290.0
88.0,2.0,0.1,60.2388423824,688.0
88.0,2.0,0.2,120.477684765,713.0
88.0,2.0,0.2,60.2388423824,394.0
88.0,2.0,0.4,90.3582635737,48.0
88.0,2.0,0.2,60.2388423824,376.0
88.0,2.0,0.1,150.597105956,89.0
88.0,2.0,0.1,30.1194211912,282.0
88.0,2.0,0.1,30.1194211912,187.0
88.0,3.0,1.0,0.0,162.0
88.0,4.0,0.2,109.762327219,288.0
88.0,4.0,0.2,109.762327219,129.0
88.0,4.0,0.1,54.8811636094,485.0
88.0,4.0,0.4,109.762327219,102.0
88.0,4.0,0.1,109.762327219,609.0
88.0,5.0,0.2,73.5758882343,124.0
88.0,5.0,0.4,73.5758882343,66.0
88.0,5.0,0.1,73.5758882343,323.0
88.0,5.0,0.1,36.7879441171,668.0
88.0,5.0,0.2,73.5758882343,23.0
605.0,0.0,1.0,49.5896664665,402.0
605.0,1.0,1.0,40.600584971,545.0
605.0,3.0,1.0,0.0,730.0
605.0,6.0,1.0,0.0,469.0
606.0,1.0,1.0,0.0,598.0
606.0,4.0,1.0,0.0,593.0
606.0,5.0,1.0,80.7586071979,341.0
606.0,6.0,1.0,120.477684765,388.0
95.0,0.0,1.0,30.1194211912,99.0
95.0,1.0,1.0,24.6596963942,96.0
95.0,2.0,1.0,13.5335283237,104.0
95.0,2.0,1.0,0.0,462.0
95.0,3.0,1.0,30.1194211912,99.0
617.0,0.0,1.0,0.0,444.0
617.0,2.0,1.0,0.0,583.0
617.0,4.0,0.2,120.477684765,480.0
617.0,4.0,0.1,150.597105956,417.0
617.0,4.0,0.2,60.2388423824,814.0
617.0,4.0,0.1,30.1194211912,766.0
617.0,4.0,0.4,90.3582635737,646.0
617.0,6.0,0.2,60.2388423824,768.0
617.0,6.0,0.2,120.477684765,400.0
617.0,6.0,0.4,90.3582635737,618.0
617.0,6.0,0.1,30.1194211912,764.0
617.0,6.0,0.1,150.597105956,210.0
609.0,0.0,1.0,164.643490828,332.0
609.0,1.0,1.0,134.798689235,675.0
609.0,2.0,1.0,73.9790891825,620.0
609.0,2.0,1.0,0.0,735.0
609.0,3.0,1.0,164.643490828,332.0
609.0,5.0,1.0,0.0,324.0
100.0,1.0,1.0,0.0,41.0
100.0,5.0,1.0,16.5298888222,230.0
100.0,6.0,1.0,24.6596963942,101.0
102.0,0.0,1.0,54.8811636094,261.0
102.0,1.0,1.0,44.9328964117,211.0
102.0,2.0,1.0,24.6596963942,116.0
102.0,2.0,1.0,0.0,149.0
102.0,3.0,1.0,54.8811636094,261.0
102.0,5.0,1.0,0.0,103.0
103.0,0.0,1.0,30.1194211912,99.0
103.0,1.0,1.0,24.6596963942,96.0
103.0,2.0,1.0,13.5335283237,104.0
103.0,2.0,1.0,0.0,145.0
103.0,3.0,1.0,30.1194211912,99.0
600.0,0.0,1.0,40.600584971,471.0
600.0,1.0,1.0,33.2409475087,457.0
105.0,0.0,1.0,0.0,65.0
105.0,1.0,0.1,274.405818047,56.0
105.0,1.0,0.2,219.524654438,299.0
105.0,1.0,0.2,109.762327219,741.0
105.0,1.0,0.4,164.643490828,614.0
105.0,1.0,0.1,54.8811636094,791.0
105.0,3.0,1.0,0.0,65.0
105.0,4.0,0.1,67.0320046036,840.0
105.0,4.0,0.4,67.0320046036,113.0
105.0,4.0,0.1,67.0320046036,338.0
105.0,4.0,0.2,67.0320046036,108.0
105.0,4.0,0.2,67.0320046036,815.0
105.0,5.0,0.2,44.9328964117,217.0
105.0,5.0,0.2,44.9328964117,322.0
105.0,5.0,0.1,44.9328964117,660.0
105.0,5.0,0.4,44.9328964117,117.0
105.0,5.0,0.1,44.9328964117,63.0
106.0,0.0,1.0,0.0,151.0
106.0,3.0,0.1,0.0,225.0
106.0,3.0,0.4,0.0,151.0
106.0,3.0,0.1,0.0,38.0
106.0,3.0,0.2,0.0,222.0
106.0,3.0,0.2,0.0,79.0
106.0,4.0,0.2,0.0,153.0
106.0,4.0,0.2,0.0,284.0
106.0,4.0,0.1,0.0,269.0
106.0,4.0,0.1,0.0,206.0
106.0,4.0,0.4,0.0,329.0
106.0,5.0,1.0,0.0,51.0
106.0,5.0,1.0,49.5896664665,276.0
106.0,6.0,0.1,24.6596963942,185.0
106.0,6.0,0.1,123.298481971,463.0
106.0,6.0,0.2,98.6387855766,181.0
106.0,6.0,0.2,49.3193927883,310.0
106.0,6.0,0.4,73.9790891825,409.0
108.0,0.0,1.0,0.0,102.0
108.0,1.0,1.0,44.9328964117,109.0
108.0,2.0,1.0,0.0,148.0
108.0,3.0,1.0,0.0,102.0
108.0,5.0,1.0,0.0,157.0
624.0,0.0,1.0,0.0,555.0
624.0,2.0,1.0,0.0,656.0
624.0,4.0,0.1,109.762327219,200.0
624.0,4.0,0.2,109.762327219,565.0
624.0,4.0,0.1,54.8811636094,723.0
624.0,4.0,0.4,109.762327219,21.0
624.0,4.0,0.2,109.762327219,29.0
624.0,5.0,1.0,0.0,416.0
624.0,6.0,0.4,164.643490828,625.0
624.0,6.0,0.1,54.8811636094,427.0
624.0,6.0,0.1,274.405818047,517.0
624.0,6.0,0.2,219.524654438,614.0
624.0,6.0,0.2,109.762327219,561.0
113.0,0.0,1.0,0.0,288.0
113.0,1.0,1.0,89.8657928234,114.0
113.0,2.0,1.0,0.0,215.0
113.0,3.0,1.0,0.0,288.0
113.0,5.0,1.0,0.0,118.0
627.0,1.0,1.0,0.0,153.0
627.0,3.0,1.0,0.0,628.0
627.0,5.0,1.0,66.1195552886,596.0
627.0,6.0,1.0,98.6387855766,710.0
628.0,1.0,1.0,0.0,307.0
628.0,5.0,1.0,66.1195552886,682.0
628.0,6.0,1.0,98.6387855766,594.0
117.0,0.0,1.0,0.0,124.0
117.0,1.0,1.0,60.2388423824,210.0
117.0,2.0,1.0,0.0,219.0
117.0,3.0,1.0,0.0,124.0
117.0,4.0,1.0,0.0,118.0
118.0,0.0,1.0,0.0,119.0
118.0,1.0,1.0,49.3193927883,283.0
118.0,2.0,1.0,0.0,248.0
118.0,3.0,1.0,0.0,119.0
119.0,0.0,1.0,60.2388423824,122.0
119.0,1.0,1.0,49.3193927883,125.0
119.0,2.0,1.0,0.0,120.0
119.0,2.0,1.0,27.0670566473,262.0
119.0,3.0,1.0,60.2388423824,122.0
120.0,0.0,1.0,27.0670566473,121.0
120.0,1.0,1.0,22.1606316725,123.0
789.0,0.0,1.0,0.0,722.0
789.0,1.0,1.0,0.0,794.0
789.0,2.0,1.0,0.0,803.0
789.0,4.0,0.2,179.731585647,778.0
789.0,4.0,0.2,89.8657928234,852.0
789.0,4.0,0.1,44.9328964117,853.0
789.0,4.0,0.4,134.798689235,758.0
789.0,4.0,0.1,179.731585647,669.0
789.0,6.0,0.1,44.9328964117,849.0
789.0,6.0,0.1,179.731585647,386.0
789.0,6.0,0.2,179.731585647,63.0
789.0,6.0,0.4,134.798689235,370.0
789.0,6.0,0.2,89.8657928234,757.0
635.0,2.0,1.0,0.0,474.0
635.0,4.0,1.0,0.0,301.0
635.0,5.0,1.0,90.3582635737,540.0
635.0,6.0,1.0,134.798689235,128.0
124.0,0.0,1.0,73.5758882343,134.0
124.0,1.0,1.0,60.2388423824,190.0
124.0,2.0,1.0,33.0597776443,220.0
124.0,2.0,1.0,0.0,191.0
124.0,3.0,1.0,73.5758882343,134.0
124.0,4.0,1.0,0.0,119.0
637.0,0.0,1.0,16.5298888222,46.0
637.0,1.0,1.0,13.5335283237,408.0
637.0,3.0,1.0,0.0,648.0
637.0,6.0,1.0,0.0,472.0
126.0,0.0,1.0,0.0,21.0
126.0,2.0,1.0,0.0,269.0
126.0,3.0,1.0,0.0,21.0
126.0,5.0,1.0,30.1194211912,127.0
126.0,6.0,1.0,44.9328964117,247.0
533.0,2.0,1.0,0.0,16.0
533.0,3.0,0.2,60.2388423824,640.0
533.0,3.0,0.1,30.1194211912,704.0
533.0,3.0,0.2,120.477684765,178.0
533.0,3.0,0.1,150.597105956,166.0
533.0,3.0,0.4,90.3582635737,534.0
533.0,4.0,0.2,60.2388423824,737.0
533.0,4.0,0.4,90.3582635737,585.0
533.0,4.0,0.2,120.477684765,419.0
533.0,4.0,0.1,150.597105956,115.0
533.0,4.0,0.1,30.1194211912,687.0
533.0,6.0,0.2,60.2388423824,753.0
533.0,6.0,0.1,150.597105956,67.0
533.0,6.0,0.1,30.1194211912,765.0
533.0,6.0,0.2,120.477684765,366.0
533.0,6.0,0.4,90.3582635737,551.0
644.0,0.0,1.0,20.1896517995,167.0
644.0,1.0,1.0,16.5298888222,453.0
644.0,4.0,1.0,0.0,648.0
644.0,6.0,1.0,0.0,464.0
135.0,0.0,1.0,0.0,205.0
135.0,2.0,1.0,0.0,169.0
135.0,3.0,1.0,0.0,205.0
135.0,5.0,1.0,123.298481971,136.0
135.0,6.0,1.0,183.939720586,174.0
648.0,0.0,1.0,16.5298888222,649.0
648.0,1.0,1.0,13.5335283237,75.0
648.0,6.0,1.0,0.0,462.0
138.0,1.0,1.0,0.0,106.0
138.0,3.0,0.1,0.0,224.0
138.0,3.0,0.4,0.0,369.0
138.0,3.0,0.2,0.0,736.0
138.0,3.0,0.2,0.0,54.0
138.0,3.0,0.1,0.0,57.0
138.0,4.0,0.2,0.0,627.0
138.0,4.0,0.1,0.0,361.0
138.0,4.0,0.2,0.0,482.0
138.0,4.0,0.4,0.0,139.0
138.0,4.0,0.1,0.0,229.0
138.0,5.0,1.0,0.0,239.0
138.0,6.0,0.2,120.477684765,184.0
138.0,6.0,0.4,90.3582635737,89.0
138.0,6.0,0.1,150.597105956,774.0
138.0,6.0,0.1,30.1194211912,752.0
138.0,6.0,0.2,60.2388423824,336.0
139.0,1.0,1.0,0.0,329.0
139.0,3.0,1.0,0.0,213.0
139.0,5.0,1.0,49.5896664665,173.0
139.0,6.0,1.0,73.9790891825,140.0
141.0,0.0,1.0,0.0,378.0
141.0,2.0,1.0,0.0,307.0
141.0,3.0,1.0,0.0,378.0
141.0,5.0,1.0,98.6387855766,142.0
141.0,6.0,1.0,147.151776469,233.0
144.0,0.0,1.0,16.5298888222,241.0
144.0,1.0,1.0,13.5335283237,68.0
144.0,4.0,1.0,0.0,145.0
145.0,0.0,1.0,13.5335283237,209.0
145.0,1.0,1.0,11.0803158362,146.0
148.0,0.0,1.0,24.6596963942,116.0
148.0,1.0,1.0,20.1896517995,171.0
148.0,3.0,1.0,0.0,149.0
148.0,5.0,1.0,0.0,228.0
149.0,0.0,1.0,24.6596963942,150.0
149.0,1.0,1.0,20.1896517995,272.0
149.0,5.0,1.0,0.0,145.0
662.0,0.0,1.0,66.1195552886,663.0
662.0,1.0,1.0,54.1341132946,478.0
662.0,4.0,1.0,0.0,680.0
151.0,0.0,1.0,0.0,106.0
151.0,3.0,0.2,0.0,152.0
151.0,3.0,0.4,0.0,106.0
151.0,3.0,0.1,0.0,861.0
151.0,4.0,0.2,0.0,307.0
151.0,4.0,0.2,0.0,59.0
151.0,4.0,1.0,0.0,203.0
151.0,4.0,0.1,0.0,169.0
151.0,5.0,1.0,0.0,180.0
151.0,5.0,1.0,40.600584971,246.0
151.0,6.0,1.0,60.5689553984,363.0
151.0,6.0,0.2,98.6387855766,223.0
152.0,0.0,1.0,0.0,222.0
152.0,4.0,1.0,0.0,153.0
152.0,5.0,1.0,66.1195552886,183.0
152.0,6.0,1.0,98.6387855766,181.0
153.0,0.0,1.0,0.0,307.0
153.0,3.0,1.0,0.0,307.0
153.0,5.0,1.0,54.1341132946,154.0
153.0,6.0,1.0,80.7586071979,294.0
666.0,0.0,1.0,66.1195552886,671.0
666.0,1.0,1.0,54.1341132946,667.0
666.0,6.0,1.0,0.0,515.0
155.0,1.0,1.0,0.0,474.0
155.0,4.0,1.0,0.0,238.0
155.0,5.0,1.0,60.5689553984,156.0
155.0,6.0,1.0,90.3582635737,377.0
157.0,0.0,1.0,0.0,103.0
157.0,1.0,1.0,24.6596963942,318.0
157.0,2.0,1.0,0.0,228.0
157.0,3.0,1.0,0.0,103.0
158.0,0.0,1.0,0.0,50.0
158.0,2.0,1.0,0.0,180.0
158.0,4.0,0.1,150.597105956,136.0
158.0,4.0,0.2,60.2388423824,33.0
158.0,4.0,0.1,30.1194211912,83.0
158.0,4.0,0.2,120.477684765,142.0
158.0,4.0,0.4,90.3582635737,231.0
158.0,6.0,0.1,30.1194211912,360.0
158.0,6.0,0.2,60.2388423824,433.0
158.0,6.0,0.4,90.3582635737,626.0
158.0,6.0,0.1,150.597105956,724.0
158.0,6.0,0.2,120.477684765,159.0
162.0,1.0,0.1,44.9328964117,543.0
162.0,1.0,0.4,134.798689235,465.0
162.0,1.0,0.2,179.731585647,163.0
162.0,1.0,0.1,224.664482059,517.0
162.0,1.0,0.2,89.8657928234,383.0
162.0,2.0,0.1,30.1194211912,552.0
162.0,2.0,0.4,90.3582635737,298.0
162.0,2.0,0.1,150.597105956,501.0
162.0,2.0,0.2,60.2388423824,278.0
162.0,2.0,0.2,120.477684765,373.0
162.0,4.0,0.2,109.762327219,338.0
162.0,4.0,0.1,54.8811636094,331.0
162.0,4.0,0.1,274.405818047,332.0
162.0,4.0,0.4,164.643490828,261.0
162.0,4.0,0.2,219.524654438,311.0
162.0,5.0,0.4,110.363832351,160.0
162.0,5.0,0.1,183.939720586,353.0
162.0,5.0,0.1,36.7879441171,556.0
162.0,5.0,0.2,147.151776469,134.0
162.0,5.0,0.2,73.5758882343,63.0
539.0,0.0,1.0,120.477684765,442.0
539.0,1.0,1.0,98.6387855766,546.0
539.0,2.0,1.0,54.1341132946,504.0
539.0,2.0,1.0,0.0,680.0
539.0,3.0,1.0,120.477684765,442.0
164.0,1.0,1.0,0.0,165.0
164.0,2.0,1.0,0.0,286.0
164.0,3.0,0.4,134.798689235,315.0
164.0,3.0,0.1,44.9328964117,235.0
164.0,3.0,0.2,179.731585647,612.0
164.0,3.0,0.2,89.8657928234,198.0
164.0,3.0,0.1,224.664482059,547.0
164.0,4.0,0.1,36.7879441171,440.0
164.0,4.0,0.1,36.7879441171,179.0
164.0,4.0,0.2,36.7879441171,500.0
164.0,4.0,0.2,36.7879441171,45.0
164.0,4.0,0.4,36.7879441171,77.0
164.0,6.0,0.2,36.7879441171,352.0
164.0,6.0,0.4,36.7879441171,403.0
164.0,6.0,0.1,36.7879441171,430.0
164.0,6.0,0.2,36.7879441171,182.0
164.0,6.0,0.1,36.7879441171,23.0
165.0,2.0,1.0,0.0,438.0
165.0,3.0,0.1,150.597105956,328.0
165.0,3.0,0.1,30.1194211912,178.0
165.0,3.0,0.4,90.3582635737,582.0
165.0,3.0,0.2,120.477684765,390.0
165.0,3.0,0.2,60.2388423824,166.0
165.0,4.0,0.2,120.477684765,449.0
165.0,4.0,0.2,60.2388423824,115.0
165.0,4.0,0.1,150.597105956,244.0
165.0,4.0,0.1,30.1194211912,419.0
165.0,4.0,0.4,90.3582635737,78.0
165.0,6.0,0.2,120.477684765,334.0
165.0,6.0,0.2,60.2388423824,67.0
165.0,6.0,0.1,150.597105956,300.0
165.0,6.0,0.4,90.3582635737,190.0
165.0,6.0,0.1,30.1194211912,366.0
792.0,0.0,1.0,0.0,532.0
792.0,2.0,1.0,0.0,811.0
792.0,4.0,0.1,219.524654438,21.0
792.0,4.0,0.4,164.643490828,723.0
792.0,4.0,0.2,109.762327219,604.0
792.0,4.0,0.2,219.524654438,565.0
792.0,4.0,0.1,54.8811636094,855.0
792.0,5.0,1.0,0.0,794.0
792.0,6.0,0.2,109.762327219,801.0
792.0,6.0,0.1,274.405818047,465.0
792.0,6.0,0.1,54.8811636094,703.0
792.0,6.0,0.4,164.643490828,695.0
792.0,6.0,0.2,219.524654438,791.0
680.0,0.0,1.0,54.1341132946,518.0
680.0,1.0,1.0,44.3212633449,516.0
169.0,0.0,1.0,0.0,206.0
169.0,3.0,1.0,0.0,206.0
169.0,5.0,1.0,55.4015791812,207.0
169.0,6.0,1.0,82.6494441108,170.0
541.0,2.0,1.0,0.0,726.0
541.0,4.0,1.0,0.0,542.0
541.0,5.0,1.0,150.597105956,506.0
541.0,6.0,1.0,224.664482059,92.0
688.0,0.0,1.0,90.3582635737,501.0
688.0,1.0,1.0,73.9790891825,712.0
688.0,4.0,1.0,0.0,735.0
688.0,5.0,1.0,0.0,451.0
177.0,2.0,1.0,0.0,74.0
177.0,3.0,0.2,60.2388423824,178.0
177.0,3.0,0.1,30.1194211912,534.0
177.0,3.0,0.1,150.597105956,390.0
177.0,3.0,0.2,120.477684765,582.0
177.0,3.0,0.4,90.3582635737,166.0
177.0,4.0,0.1,150.597105956,449.0
177.0,4.0,0.4,90.3582635737,115.0
177.0,4.0,0.2,60.2388423824,419.0
177.0,4.0,0.2,120.477684765,78.0
177.0,4.0,0.1,30.1194211912,585.0
177.0,6.0,0.4,90.3582635737,67.0
177.0,6.0,0.1,150.597105956,334.0
177.0,6.0,0.2,120.477684765,190.0
177.0,6.0,0.2,60.2388423824,366.0
177.0,6.0,0.1,30.1194211912,551.0
690.0,0.0,1.0,66.1195552886,344.0
690.0,1.0,1.0,54.1341132946,563.0
690.0,3.0,1.0,0.0,666.0
690.0,6.0,1.0,0.0,514.0
691.0,0.0,1.0,0.0,492.0
691.0,1.0,1.0,123.298481971,705.0
691.0,2.0,1.0,0.0,570.0
691.0,3.0,1.0,0.0,492.0
180.0,0.0,1.0,0.0,51.0
180.0,3.0,0.1,16.5298888222,528.0
180.0,3.0,0.2,33.0597776443,340.0
180.0,3.0,0.1,82.6494441108,623.0
180.0,3.0,0.4,49.5896664665,276.0
180.0,3.0,0.2,66.1195552886,183.0
180.0,4.0,0.4,40.600584971,263.0
180.0,4.0,0.1,13.5335283237,42.0
180.0,4.0,0.2,54.1341132946,243.0
180.0,4.0,0.2,27.0670566473,70.0
180.0,4.0,0.1,67.6676416183,207.0
180.0,6.0,0.2,54.1341132946,397.0
180.0,6.0,0.1,67.6676416183,601.0
180.0,6.0,0.1,13.5335283237,242.0
180.0,6.0,0.4,40.600584971,237.0
180.0,6.0,0.2,27.0670566473,391.0
693.0,1.0,0.2,54.8811636094,81.0
693.0,1.0,0.2,54.8811636094,635.0
693.0,1.0,0.1,54.8811636094,317.0
693.0,1.0,0.4,54.8811636094,214.0
693.0,1.0,0.1,54.8811636094,597.0
693.0,2.0,0.4,36.7879441171,232.0
693.0,2.0,0.2,36.7879441171,155.0
693.0,2.0,0.1,36.7879441171,132.0
693.0,2.0,0.2,36.7879441171,197.0
693.0,2.0,0.1,36.7879441171,606.0
693.0,4.0,0.2,67.0320046036,194.0
693.0,4.0,0.4,67.0320046036,267.0
693.0,4.0,0.1,67.0320046036,508.0
693.0,4.0,0.2,67.0320046036,502.0
693.0,4.0,0.1,67.0320046036,227.0
693.0,5.0,0.2,179.731585647,612.0
693.0,5.0,0.2,89.8657928234,658.0
693.0,5.0,0.4,134.798689235,11.0
693.0,5.0,0.1,224.664482059,772.0
693.0,5.0,0.1,44.9328964117,786.0
693.0,6.0,1.0,0.0,297.0
182.0,0.0,1.0,36.7879441171,160.0
182.0,1.0,1.0,30.1194211912,67.0
182.0,2.0,1.0,0.0,464.0
182.0,2.0,1.0,16.5298888222,110.0
182.0,3.0,1.0,36.7879441171,160.0
182.0,4.0,1.0,0.0,95.0
550.0,1.0,1.0,0.0,444.0
550.0,2.0,1.0,0.0,27.0
550.0,3.0,0.1,224.664482059,769.0
550.0,3.0,0.2,179.731585647,658.0
550.0,3.0,0.4,134.798689235,659.0
550.0,3.0,0.2,89.8657928234,293.0
550.0,3.0,0.1,44.9328964117,829.0
550.0,4.0,0.1,36.7879441171,767.0
550.0,4.0,0.4,110.363832351,179.0
550.0,4.0,0.2,73.5758882343,684.0
550.0,4.0,0.2,110.363832351,45.0
550.0,4.0,0.1,110.363832351,77.0
550.0,6.0,0.1,110.363832351,403.0
550.0,6.0,0.2,73.5758882343,668.0
550.0,6.0,0.1,36.7879441171,573.0
550.0,6.0,0.2,110.363832351,182.0
550.0,6.0,0.4,110.363832351,23.0
700.0,0.0,1.0,0.0,430.0
700.0,1.0,1.0,120.477684765,494.0
700.0,2.0,1.0,0.0,706.0
700.0,3.0,1.0,0.0,430.0
700.0,4.0,1.0,0.0,513.0
191.0,0.0,1.0,33.0597776443,296.0
191.0,1.0,1.0,27.0670566473,192.0
191.0,4.0,1.0,0.0,120.0
194.0,1.0,1.0,0.0,301.0
194.0,2.0,1.0,0.0,238.0
194.0,5.0,1.0,110.363832351,266.0
194.0,6.0,1.0,164.643490828,195.0
707.0,0.0,1.0,66.1195552886,663.0
707.0,1.0,1.0,54.1341132946,478.0
707.0,4.0,1.0,0.0,515.0
196.0,1.0,0.4,109.762327219,81.0
196.0,1.0,0.1,54.8811636094,595.0
196.0,1.0,0.1,109.762327219,635.0
196.0,1.0,0.2,109.762327219,317.0
196.0,1.0,0.2,109.762327219,214.0
196.0,2.0,0.2,73.5758882343,232.0
196.0,2.0,0.2,73.5758882343,132.0
196.0,2.0,0.1,36.7879441171,3.0
196.0,2.0,0.1,73.5758882343,155.0
196.0,2.0,0.4,73.5758882343,197.0
196.0,4.0,0.2,134.064009207,267.0
196.0,4.0,0.1,134.064009207,194.0
196.0,4.0,0.2,134.064009207,227.0
196.0,4.0,0.1,67.0320046036,253.0
196.0,4.0,0.4,134.064009207,502.0
196.0,5.0,0.4,134.798689235,576.0
196.0,5.0,0.1,44.9328964117,756.0
196.0,5.0,0.1,224.664482059,522.0
196.0,5.0,0.2,179.731585647,315.0
196.0,5.0,0.2,89.8657928234,659.0
196.0,6.0,1.0,0.0,162.0
197.0,1.0,1.0,0.0,264.0
197.0,4.0,1.0,0.0,479.0
197.0,5.0,1.0,20.1896517995,58.0
197.0,6.0,1.0,30.1194211912,189.0
199.0,0.0,1.0,0.0,200.0
199.0,2.0,1.0,0.0,329.0
199.0,3.0,1.0,0.0,200.0
199.0,5.0,1.0,90.3582635737,161.0
199.0,6.0,1.0,134.798689235,212.0
200.0,0.0,1.0,0.0,199.0
200.0,2.0,1.0,0.0,203.0
200.0,3.0,1.0,0.0,199.0
200.0,5.0,1.0,73.9790891825,231.0
200.0,6.0,1.0,110.363832351,201.0
203.0,0.0,1.0,0.0,329.0
203.0,3.0,1.0,0.0,329.0
203.0,5.0,1.0,33.2409475087,263.0
203.0,6.0,1.0,49.5896664665,204.0
205.0,0.0,1.0,0.0,135.0
205.0,2.0,1.0,0.0,206.0
205.0,3.0,1.0,0.0,135.0
205.0,5.0,1.0,150.597105956,245.0
205.0,6.0,1.0,224.664482059,374.0
206.0,0.0,1.0,0.0,169.0
206.0,3.0,1.0,0.0,169.0
206.0,5.0,1.0,67.6676416183,221.0
206.0,6.0,1.0,100.948258997,339.0
717.0,0.0,1.0,120.477684765,702.0
717.0,1.0,1.0,98.6387855766,718.0
717.0,4.0,1.0,0.0,719.0
717.0,5.0,1.0,0.0,662.0
722.0,1.0,1.0,0.0,533.0
722.0,2.0,1.0,0.0,4.0
722.0,3.0,0.1,44.9328964117,721.0
722.0,3.0,0.2,179.731585647,786.0
722.0,3.0,0.4,134.798689235,756.0
722.0,3.0,0.2,89.8657928234,798.0
722.0,3.0,0.1,224.664482059,15.0
722.0,4.0,0.1,36.7879441171,796.0
722.0,4.0,0.2,147.151776469,179.0
722.0,4.0,0.4,110.363832351,684.0
722.0,4.0,0.1,147.151776469,45.0
722.0,4.0,0.2,73.5758882343,767.0
722.0,6.0,0.1,36.7879441171,410.0
722.0,6.0,0.4,110.363832351,668.0
722.0,6.0,0.2,73.5758882343,573.0
722.0,6.0,0.1,147.151776469,182.0
722.0,6.0,0.2,147.151776469,23.0
213.0,1.0,1.0,0.0,203.0
213.0,5.0,1.0,49.5896664665,234.0
213.0,6.0,1.0,73.9790891825,304.0
214.0,2.0,1.0,0.0,273.0
214.0,4.0,1.0,0.0,365.0
214.0,5.0,1.0,60.2388423824,9.0
214.0,6.0,1.0,89.8657928234,14.0
215.0,0.0,1.0,49.3193927883,348.0
215.0,1.0,1.0,40.3793035989,216.0
215.0,3.0,1.0,0.0,314.0
215.0,5.0,1.0,0.0,248.0
706.0,0.0,1.0,66.1195552886,350.0
706.0,1.0,1.0,54.1341132946,685.0
706.0,3.0,1.0,0.0,707.0
706.0,4.0,1.0,0.0,514.0
217.0,0.0,1.0,0.0,66.0
217.0,1.0,1.0,30.1194211912,400.0
217.0,2.0,1.0,0.0,218.0
217.0,3.0,1.0,0.0,66.0
217.0,4.0,1.0,0.0,157.0
218.0,0.0,1.0,16.5298888222,110.0
218.0,1.0,1.0,13.5335283237,406.0
218.0,3.0,1.0,0.0,144.0
218.0,4.0,1.0,0.0,228.0
219.0,0.0,1.0,33.0597776443,220.0
219.0,1.0,1.0,27.0670566473,292.0
219.0,3.0,1.0,0.0,191.0
219.0,4.0,1.0,0.0,248.0
732.0,0.0,1.0,0.0,500.0
732.0,1.0,1.0,90.3582635737,477.0
732.0,2.0,1.0,0.0,605.0
732.0,3.0,1.0,0.0,500.0
732.0,6.0,1.0,0.0,468.0
222.0,4.0,1.0,0.0,307.0
222.0,5.0,1.0,54.1341132946,107.0
222.0,6.0,1.0,80.7586071979,223.0
549.0,0.0,1.0,0.0,286.0
549.0,1.0,1.0,0.0,530.0
549.0,3.0,0.1,20.1896517995,584.0
549.0,3.0,0.2,20.1896517995,644.0
549.0,3.0,0.4,20.1896517995,380.0
549.0,3.0,0.1,20.1896517995,750.0
549.0,3.0,0.2,20.1896517995,638.0
549.0,4.0,0.1,20.1896517995,808.0
549.0,4.0,0.1,20.1896517995,690.0
549.0,4.0,0.2,20.1896517995,637.0
549.0,4.0,0.2,20.1896517995,605.0
549.0,4.0,0.4,20.1896517995,519.0
549.0,6.0,0.1,20.1896517995,706.0
549.0,6.0,0.2,20.1896517995,387.0
549.0,6.0,0.2,20.1896517995,487.0
549.0,6.0,0.1,20.1896517995,645.0
549.0,6.0,0.4,20.1896517995,413.0
224.0,1.0,1.0,0.0,225.0
224.0,4.0,1.0,0.0,257.0
224.0,5.0,1.0,100.948258997,271.0
224.0,6.0,1.0,150.597105956,305.0
225.0,4.0,1.0,0.0,169.0
225.0,5.0,1.0,67.6676416183,64.0
225.0,6.0,1.0,100.948258997,226.0
739.0,0.0,1.0,0.0,398.0
739.0,2.0,1.0,0.0,747.0
739.0,4.0,0.2,54.8811636094,200.0
739.0,4.0,0.1,54.8811636094,141.0
739.0,4.0,0.1,54.8811636094,565.0
739.0,4.0,0.2,54.8811636094,21.0
739.0,4.0,0.4,54.8811636094,29.0
739.0,5.0,1.0,0.0,426.0
739.0,6.0,0.2,219.524654438,299.0
739.0,6.0,0.1,54.8811636094,412.0
739.0,6.0,0.1,274.405818047,651.0
739.0,6.0,0.4,164.643490828,740.0
739.0,6.0,0.2,109.762327219,709.0
228.0,0.0,1.0,13.5335283237,104.0
228.0,1.0,1.0,11.0803158362,236.0
228.0,3.0,1.0,0.0,145.0
229.0,1.0,1.0,0.0,269.0
229.0,3.0,1.0,0.0,100.0
229.0,5.0,1.0,16.5298888222,260.0
229.0,6.0,1.0,24.6596963942,291.0
232.0,1.0,1.0,0.0,273.0
232.0,4.0,1.0,0.0,295.0
232.0,5.0,1.0,40.3793035989,55.0
232.0,6.0,1.0,60.2388423824,188.0
745.0,0.0,1.0,100.948258997,271.0
745.0,1.0,1.0,82.6494441108,623.0
745.0,4.0,1.0,0.0,579.0
745.0,6.0,1.0,0.0,760.0
747.0,0.0,1.0,0.0,559.0
747.0,3.0,0.1,30.1194211912,152.0
747.0,3.0,0.1,30.1194211912,588.0
747.0,3.0,0.2,30.1194211912,106.0
747.0,3.0,0.4,30.1194211912,748.0
747.0,3.0,0.2,30.1194211912,422.0
747.0,4.0,0.2,24.6596963942,41.0
747.0,4.0,0.4,24.6596963942,59.0
747.0,4.0,0.1,24.6596963942,307.0
747.0,4.0,0.2,24.6596963942,203.0
747.0,4.0,0.1,24.6596963942,481.0
747.0,5.0,1.0,0.0,530.0
747.0,6.0,0.2,98.6387855766,850.0
747.0,6.0,0.4,73.9790891825,763.0
747.0,6.0,0.2,49.3193927883,780.0
747.0,6.0,0.1,24.6596963942,854.0
747.0,6.0,0.1,123.298481971,823.0
748.0,0.0,1.0,0.0,79.0
748.0,4.0,1.0,0.0,284.0
748.0,5.0,1.0,33.0597776443,340.0
748.0,6.0,1.0,49.3193927883,310.0
238.0,1.0,1.0,0.0,302.0
238.0,5.0,1.0,49.5896664665,234.0
238.0,6.0,1.0,73.9790891825,304.0
239.0,1.0,1.0,0.0,51.0
239.0,3.0,0.1,20.1896517995,58.0
239.0,3.0,0.2,40.3793035989,55.0
239.0,3.0,0.4,60.5689553984,156.0
239.0,3.0,0.2,80.7586071979,341.0
239.0,3.0,0.1,100.948258997,271.0
239.0,4.0,0.2,66.1195552886,596.0
239.0,4.0,0.2,33.0597776443,483.0
239.0,4.0,0.1,16.5298888222,260.0
239.0,4.0,0.4,49.5896664665,173.0
239.0,4.0,0.1,82.6494441108,589.0
239.0,6.0,0.1,16.5298888222,777.0
239.0,6.0,0.2,33.0597776443,251.0
239.0,6.0,0.4,49.5896664665,773.0
239.0,6.0,0.2,66.1195552886,807.0
239.0,6.0,0.1,82.6494441108,639.0
638.0,0.0,1.0,60.5689553984,459.0
638.0,1.0,1.0,0.0,448.0
638.0,1.0,1.0,49.5896664665,466.0
638.0,3.0,0.1,100.948258997,271.0
638.0,3.0,0.2,80.7586071979,716.0
638.0,3.0,0.4,60.5689553984,459.0
638.0,3.0,0.2,40.3793035989,316.0
638.0,3.0,0.1,20.1896517995,167.0
638.0,4.0,0.1,82.6494441108,589.0
638.0,4.0,0.1,16.5298888222,46.0
638.0,4.0,0.4,49.5896664665,402.0
638.0,4.0,0.2,33.0597776443,279.0
638.0,4.0,0.2,66.1195552886,344.0
638.0,4.0,1.0,0.0,730.0
638.0,6.0,0.4,49.5896664665,486.0
638.0,6.0,0.1,16.5298888222,110.0
638.0,6.0,1.0,0.0,591.0
638.0,6.0,0.2,33.0597776443,220.0
638.0,6.0,0.2,66.1195552886,350.0
638.0,6.0,0.1,82.6494441108,639.0
248.0,0.0,1.0,27.0670566473,262.0
248.0,1.0,1.0,22.1606316725,249.0
248.0,3.0,1.0,0.0,120.0
252.0,1.0,0.2,164.643490828,81.0
252.0,1.0,0.2,109.762327219,595.0
252.0,1.0,0.4,164.643490828,317.0
252.0,1.0,0.1,164.643490828,214.0
252.0,1.0,0.1,54.8811636094,681.0
252.0,2.0,0.1,110.363832351,232.0
252.0,2.0,0.1,36.7879441171,473.0
252.0,2.0,0.2,73.5758882343,3.0
252.0,2.0,0.4,110.363832351,132.0
252.0,2.0,0.2,110.363832351,197.0
252.0,4.0,0.1,67.0320046036,795.0
252.0,4.0,0.1,201.096013811,267.0
252.0,4.0,0.4,201.096013811,227.0
252.0,4.0,0.2,134.064009207,253.0
252.0,4.0,0.2,201.096013811,502.0
252.0,5.0,0.1,224.664482059,557.0
252.0,5.0,0.1,44.9328964117,798.0
252.0,5.0,0.2,89.8657928234,293.0
252.0,5.0,0.2,179.731585647,198.0
252.0,5.0,0.4,134.798689235,85.0
252.0,6.0,1.0,0.0,277.0
255.0,3.0,0.2,49.3193927883,25.0
255.0,3.0,0.1,24.6596963942,499.0
255.0,3.0,0.1,49.3193927883,151.0
255.0,3.0,0.4,49.3193927883,38.0
255.0,3.0,0.2,49.3193927883,79.0
255.0,4.0,0.1,24.6596963942,275.0
255.0,4.0,0.1,49.3193927883,329.0
255.0,4.0,0.2,49.3193927883,507.0
255.0,4.0,0.2,49.3193927883,284.0
255.0,4.0,0.4,49.3193927883,269.0
255.0,5.0,1.0,0.0,74.0
255.0,6.0,0.2,98.6387855766,256.0
255.0,6.0,0.1,123.298481971,712.0
255.0,6.0,0.4,73.9790891825,435.0
255.0,6.0,0.1,24.6596963942,790.0
255.0,6.0,0.2,49.3193927883,607.0
257.0,1.0,1.0,0.0,169.0
257.0,5.0,1.0,82.6494441108,258.0
257.0,6.0,1.0,123.298481971,346.0
555.0,2.0,1.0,0.0,255.0
555.0,3.0,0.2,109.762327219,8.0
555.0,3.0,0.1,54.8811636094,595.0
555.0,3.0,0.2,109.762327219,317.0
555.0,3.0,0.1,109.762327219,6.0
555.0,3.0,0.4,109.762327219,37.0
555.0,4.0,0.2,109.762327219,308.0
555.0,4.0,0.1,109.762327219,199.0
555.0,4.0,0.1,54.8811636094,475.0
555.0,4.0,0.4,109.762327219,126.0
555.0,4.0,0.2,109.762327219,431.0
555.0,5.0,1.0,0.0,177.0
555.0,6.0,0.1,54.8811636094,320.0
555.0,6.0,0.4,164.643490828,130.0
555.0,6.0,0.2,109.762327219,446.0
555.0,6.0,0.1,274.405818047,734.0
555.0,6.0,0.2,219.524654438,351.0
726.0,4.0,1.0,0.0,728.0
726.0,5.0,1.0,67.6676416183,64.0
726.0,6.0,1.0,100.948258997,226.0
571.0,0.0,1.0,67.6676416183,590.0
571.0,1.0,1.0,55.4015791812,572.0
264.0,4.0,1.0,0.0,87.0
264.0,5.0,1.0,13.5335283237,186.0
264.0,6.0,1.0,20.1896517995,39.0
827.0,1.0,1.0,0.0,542.0
827.0,2.0,1.0,0.0,806.0
827.0,5.0,1.0,183.939720586,562.0
827.0,6.0,1.0,274.405818047,548.0
267.0,1.0,1.0,0.0,365.0
267.0,2.0,1.0,0.0,295.0
267.0,5.0,1.0,73.5758882343,312.0
267.0,6.0,1.0,109.762327219,268.0
269.0,0.0,1.0,0.0,41.0
269.0,3.0,1.0,0.0,41.0
269.0,5.0,1.0,13.5335283237,270.0
269.0,6.0,1.0,20.1896517995,454.0
783.0,2.0,1.0,0.0,222.0
783.0,4.0,1.0,0.0,141.0
783.0,5.0,1.0,120.477684765,326.0
783.0,6.0,1.0,179.731585647,56.0
784.0,0.0,1.0,0.0,550.0
784.0,1.0,1.0,0.0,617.0
784.0,2.0,1.0,0.0,804.0
784.0,4.0,0.1,44.9328964117,852.0
784.0,4.0,0.4,134.798689235,778.0
784.0,4.0,0.1,134.798689235,484.0
784.0,4.0,0.2,134.798689235,669.0
784.0,4.0,0.2,89.8657928234,758.0
784.0,6.0,0.2,89.8657928234,370.0
784.0,6.0,0.1,44.9328964117,757.0
784.0,6.0,0.1,134.798689235,356.0
784.0,6.0,0.2,134.798689235,386.0
784.0,6.0,0.4,134.798689235,63.0
273.0,4.0,1.0,0.0,274.0
273.0,5.0,1.0,27.0670566473,80.0
273.0,6.0,1.0,40.3793035989,208.0
274.0,5.0,1.0,22.1606316725,70.0
274.0,6.0,1.0,33.0597776443,60.0
277.0,1.0,0.2,179.731585647,465.0
277.0,1.0,0.1,44.9328964117,610.0
277.0,1.0,0.2,89.8657928234,543.0
277.0,1.0,0.1,224.664482059,163.0
277.0,1.0,0.4,134.798689235,383.0
277.0,2.0,0.2,60.2388423824,552.0
277.0,2.0,0.2,120.477684765,298.0
277.0,2.0,0.1,30.1194211912,603.0
277.0,2.0,0.1,150.597105956,373.0
277.0,2.0,0.4,90.3582635737,278.0
277.0,4.0,0.1,54.8811636094,754.0
277.0,4.0,0.4,164.643490828,338.0
277.0,4.0,0.2,109.762327219,331.0
277.0,4.0,0.2,219.524654438,261.0
277.0,4.0,0.1,274.405818047,311.0
277.0,5.0,0.2,147.151776469,160.0
277.0,5.0,0.1,36.7879441171,673.0
277.0,5.0,0.2,73.5758882343,556.0
277.0,5.0,0.1,183.939720586,134.0
277.0,5.0,0.4,110.363832351,63.0
280.0,0.0,1.0,0.0,281.0
280.0,1.0,0.1,274.405818047,84.0
280.0,1.0,0.4,164.643490828,427.0
280.0,1.0,0.2,219.524654438,412.0
280.0,1.0,0.1,54.8811636094,703.0
280.0,1.0,0.2,109.762327219,439.0
280.0,3.0,1.0,0.0,281.0
280.0,4.0,0.1,67.0320046036,641.0
280.0,4.0,0.2,268.128018414,338.0
280.0,4.0,0.1,268.128018414,108.0
280.0,4.0,0.4,201.096013811,405.0
280.0,4.0,0.2,134.064009207,319.0
280.0,5.0,0.1,179.731585647,217.0
280.0,5.0,0.4,134.798689235,370.0
280.0,5.0,0.2,89.8657928234,757.0
280.0,5.0,0.1,44.9328964117,849.0
280.0,5.0,0.2,179.731585647,63.0
281.0,0.0,1.0,0.0,537.0
281.0,1.0,0.4,164.643490828,320.0
281.0,1.0,0.1,54.8811636094,785.0
281.0,1.0,0.2,219.524654438,411.0
281.0,1.0,0.2,109.762327219,692.0
281.0,1.0,0.1,274.405818047,775.0
281.0,2.0,0.1,150.597105956,752.0
281.0,2.0,0.1,120.477684765,290.0
281.0,2.0,0.2,120.477684765,554.0
281.0,2.0,0.1,30.1194211912,619.0
281.0,2.0,0.2,60.2388423824,749.0
281.0,2.0,0.1,30.1194211912,367.0
281.0,2.0,0.2,120.477684765,496.0
281.0,2.0,0.4,90.3582635737,788.0
281.0,2.0,0.4,90.3582635737,282.0
281.0,2.0,0.2,60.2388423824,746.0
281.0,3.0,1.0,0.0,537.0
281.0,4.0,0.1,54.8811636094,636.0
281.0,4.0,0.2,109.762327219,364.0
281.0,4.0,0.4,164.643490828,485.0
281.0,4.0,0.1,219.524654438,102.0
281.0,4.0,0.2,219.524654438,129.0
281.0,5.0,0.1,36.7879441171,410.0
281.0,5.0,0.1,147.151776469,66.0
281.0,5.0,0.4,110.363832351,668.0
281.0,5.0,0.2,73.5758882343,573.0
281.0,5.0,0.2,147.151776469,23.0
794.0,0.0,1.0,0.0,533.0
794.0,2.0,1.0,0.0,797.0
794.0,4.0,0.1,150.597105956,480.0
794.0,4.0,0.1,30.1194211912,860.0
794.0,4.0,0.4,90.3582635737,814.0
794.0,4.0,0.2,60.2388423824,766.0
794.0,4.0,0.2,120.477684765,646.0
794.0,6.0,0.4,90.3582635737,768.0
794.0,6.0,0.1,150.597105956,400.0
794.0,6.0,0.2,120.477684765,618.0
794.0,6.0,0.2,60.2388423824,764.0
794.0,6.0,0.1,30.1194211912,845.0
559.0,3.0,0.1,24.6596963942,25.0
559.0,3.0,0.2,24.6596963942,151.0
559.0,3.0,0.1,24.6596963942,222.0
559.0,3.0,0.2,24.6596963942,38.0
559.0,3.0,0.4,24.6596963942,79.0
559.0,4.0,0.2,24.6596963942,329.0
559.0,4.0,0.1,24.6596963942,507.0
559.0,4.0,0.4,24.6596963942,284.0
559.0,4.0,0.2,24.6596963942,269.0
559.0,4.0,0.1,24.6596963942,153.0
559.0,5.0,1.0,0.0,438.0
559.0,6.0,0.1,24.6596963942,771.0
559.0,6.0,0.2,98.6387855766,698.0
559.0,6.0,0.2,49.3193927883,683.0
559.0,6.0,0.4,73.9790891825,581.0
559.0,6.0,0.1,123.298481971,718.0
284.0,0.0,1.0,0.0,59.0
284.0,3.0,1.0,0.0,59.0
284.0,5.0,1.0,27.0670566473,69.0
284.0,6.0,1.0,40.3793035989,335.0
285.0,0.0,1.0,0.0,164.0
285.0,1.0,1.0,0.0,426.0
285.0,2.0,1.0,0.0,549.0
285.0,4.0,0.1,44.9328964117,512.0
285.0,4.0,0.2,44.9328964117,732.0
285.0,4.0,0.1,44.9328964117,778.0
285.0,4.0,0.4,44.9328964117,484.0
285.0,4.0,0.2,44.9328964117,669.0
285.0,6.0,0.1,44.9328964117,700.0
285.0,6.0,0.2,44.9328964117,386.0
285.0,6.0,0.2,44.9328964117,467.0
285.0,6.0,0.4,44.9328964117,356.0
285.0,6.0,0.1,44.9328964117,63.0
286.0,1.0,1.0,0.0,438.0
286.0,3.0,0.1,100.948258997,716.0
286.0,3.0,0.2,80.7586071979,459.0
286.0,3.0,0.4,60.5689553984,316.0
286.0,3.0,0.1,20.1896517995,28.0
286.0,3.0,0.2,40.3793035989,167.0
286.0,4.0,0.1,82.6494441108,344.0
286.0,4.0,0.2,66.1195552886,402.0
286.0,4.0,0.1,16.5298888222,147.0
286.0,4.0,0.2,33.0597776443,46.0
286.0,4.0,0.4,49.5896664665,279.0
286.0,6.0,0.1,82.6494441108,350.0
286.0,6.0,0.4,49.5896664665,220.0
286.0,6.0,0.2,66.1195552886,486.0
286.0,6.0,0.2,33.0597776443,110.0
286.0,6.0,0.1,16.5298888222,5.0
861.0,0.0,1.0,0.0,225.0
861.0,4.0,1.0,0.0,206.0
861.0,5.0,1.0,82.6494441108,623.0
861.0,6.0,1.0,123.298481971,463.0
288.0,0.0,1.0,109.762327219,311.0
288.0,1.0,1.0,89.8657928234,289.0
288.0,2.0,1.0,0.0,314.0
288.0,2.0,1.0,49.3193927883,348.0
288.0,3.0,1.0,109.762327219,311.0
288.0,5.0,1.0,0.0,119.0
290.0,0.0,1.0,30.1194211912,298.0
290.0,1.0,1.0,24.6596963942,265.0
290.0,4.0,1.0,0.0,149.0
290.0,5.0,1.0,0.0,144.0
803.0,0.0,1.0,0.0,4.0
803.0,1.0,1.0,0.0,797.0
803.0,3.0,0.2,80.7586071979,584.0
803.0,3.0,0.1,20.1896517995,809.0
803.0,3.0,0.2,40.3793035989,835.0
803.0,3.0,0.4,60.5689553984,787.0
803.0,3.0,0.1,80.7586071979,644.0
803.0,4.0,0.2,80.7586071979,808.0
803.0,4.0,0.1,20.1896517995,848.0
803.0,4.0,0.4,60.5689553984,818.0
803.0,4.0,0.2,40.3793035989,834.0
803.0,4.0,0.1,80.7586071979,637.0
803.0,6.0,0.2,40.3793035989,851.0
803.0,6.0,0.1,80.7586071979,387.0
803.0,6.0,0.1,20.1896517995,828.0
803.0,6.0,0.4,60.5689553984,389.0
803.0,6.0,0.2,80.7586071979,645.0
804.0,0.0,1.0,0.0,27.0
804.0,1.0,1.0,0.0,583.0
804.0,3.0,0.4,60.5689553984,584.0
804.0,3.0,0.1,60.5689553984,380.0
804.0,3.0,0.1,20.1896517995,835.0
804.0,3.0,0.2,40.3793035989,787.0
804.0,3.0,0.2,60.5689553984,644.0
804.0,4.0,0.4,60.5689553984,808.0
804.0,4.0,0.2,40.3793035989,818.0
804.0,4.0,0.1,20.1896517995,834.0
804.0,4.0,0.2,60.5689553984,637.0
804.0,4.0,0.1,60.5689553984,519.0
804.0,6.0,0.2,40.3793035989,389.0
804.0,6.0,0.1,20.1896517995,851.0
804.0,6.0,0.2,60.5689553984,387.0
804.0,6.0,0.4,60.5689553984,645.0
804.0,6.0,0.1,60.5689553984,413.0
805.0,1.0,1.0,0.0,726.0
805.0,4.0,1.0,0.0,806.0
805.0,5.0,1.0,100.948258997,271.0
805.0,6.0,1.0,150.597105956,305.0
806.0,1.0,1.0,0.0,728.0
806.0,5.0,1.0,82.6494441108,258.0
806.0,6.0,1.0,123.298481971,346.0
295.0,1.0,1.0,0.0,274.0
295.0,5.0,1.0,33.0597776443,94.0
295.0,6.0,1.0,49.3193927883,72.0
297.0,1.0,0.2,89.8657928234,465.0
297.0,1.0,0.4,134.798689235,163.0
297.0,1.0,0.1,224.664482059,651.0
297.0,1.0,0.2,179.731585647,517.0
297.0,1.0,0.1,44.9328964117,383.0
297.0,2.0,0.2,60.2388423824,298.0
297.0,2.0,0.1,150.597105956,702.0
297.0,2.0,0.4,90.3582635737,373.0
297.0,2.0,0.1,30.1194211912,278.0
297.0,2.0,0.2,120.477684765,501.0
297.0,4.0,0.1,274.405818047,677.0
297.0,4.0,0.1,54.8811636094,338.0
297.0,4.0,0.2,219.524654438,332.0
297.0,4.0,0.2,109.762327219,261.0
297.0,4.0,0.4,164.643490828,311.0
297.0,5.0,0.2,73.5758882343,160.0
297.0,5.0,0.2,147.151776469,353.0
297.0,5.0,0.1,183.939720586,527.0
297.0,5.0,0.4,110.363832351,134.0
297.0,5.0,0.1,36.7879441171,63.0
811.0,0.0,1.0,0.0,24.0
811.0,3.0,0.2,120.477684765,588.0
811.0,3.0,0.4,90.3582635737,770.0
811.0,3.0,0.1,30.1194211912,812.0
811.0,3.0,0.1,120.477684765,422.0
811.0,3.0,0.2,60.2388423824,759.0
811.0,4.0,0.2,98.6387855766,481.0
811.0,4.0,0.2,49.3193927883,821.0
811.0,4.0,0.1,24.6596963942,858.0
811.0,4.0,0.1,98.6387855766,41.0
811.0,4.0,0.4,73.9790891825,711.0
811.0,5.0,1.0,0.0,797.0
811.0,6.0,0.2,49.3193927883,832.0
811.0,6.0,0.4,73.9790891825,817.0
811.0,6.0,0.2,98.6387855766,844.0
811.0,6.0,0.1,24.6596963942,813.0
811.0,6.0,0.1,123.298481971,856.0
301.0,2.0,1.0,0.0,302.0
301.0,5.0,1.0,73.9790891825,231.0
301.0,6.0,1.0,110.363832351,201.0
302.0,5.0,1.0,33.2409475087,263.0
302.0,6.0,1.0,49.5896664665,204.0
815.0,0.0,1.0,0.0,609.0
815.0,1.0,1.0,134.798689235,816.0
815.0,2.0,1.0,0.0,822.0
815.0,3.0,1.0,0.0,609.0
815.0,5.0,1.0,0.0,337.0
307.0,0.0,1.0,0.0,153.0
307.0,3.0,1.0,0.0,153.0
307.0,5.0,1.0,44.3212633449,243.0
307.0,6.0,1.0,66.1195552886,313.0
308.0,0.0,1.0,0.0,29.0
308.0,2.0,1.0,0.0,284.0
308.0,3.0,1.0,0.0,29.0
308.0,5.0,1.0,60.2388423824,342.0
308.0,6.0,1.0,89.8657928234,309.0
822.0,0.0,1.0,73.9790891825,620.0
822.0,1.0,1.0,60.5689553984,825.0
822.0,3.0,1.0,0.0,735.0
822.0,5.0,1.0,0.0,382.0
564.0,0.0,1.0,0.0,566.0
564.0,1.0,0.1,224.664482059,92.0
564.0,1.0,0.1,44.9328964117,465.0
564.0,1.0,0.2,89.8657928234,163.0
564.0,1.0,0.2,179.731585647,651.0
564.0,1.0,0.4,134.798689235,517.0
564.0,2.0,0.1,150.597105956,305.0
564.0,2.0,0.1,30.1194211912,298.0
564.0,2.0,0.4,90.3582635737,501.0
564.0,2.0,0.2,120.477684765,702.0
564.0,2.0,0.2,60.2388423824,373.0
564.0,3.0,1.0,0.0,566.0
564.0,4.0,0.1,274.405818047,548.0
564.0,4.0,0.2,219.524654438,677.0
564.0,4.0,0.4,164.643490828,332.0
564.0,4.0,0.4,0.0,815.0
564.0,4.0,0.2,109.762327219,311.0
564.0,4.0,0.1,54.8811636094,261.0
564.0,5.0,0.1,36.7879441171,160.0
564.0,5.0,0.4,110.363832351,353.0
564.0,5.0,0.4,0.0,322.0
564.0,5.0,0.2,73.5758882343,134.0
564.0,5.0,0.1,183.939720586,520.0
564.0,5.0,0.2,147.151776469,527.0
564.0,5.0,0.2,0.0,117.0
564.0,5.0,0.1,0.0,217.0
314.0,0.0,1.0,49.3193927883,321.0
314.0,1.0,1.0,40.3793035989,327.0
314.0,5.0,1.0,0.0,120.0
735.0,0.0,1.0,73.9790891825,744.0
735.0,1.0,1.0,60.5689553984,742.0
735.0,5.0,1.0,0.0,456.0
830.0,2.0,1.0,0.0,225.0
830.0,4.0,1.0,0.0,135.0
830.0,5.0,1.0,150.597105956,506.0
830.0,6.0,1.0,224.664482059,92.0
831.0,0.0,1.0,150.597105956,305.0
831.0,1.0,1.0,123.298481971,463.0
831.0,4.0,1.0,0.0,833.0
831.0,5.0,1.0,0.0,837.0
736.0,1.0,1.0,0.0,222.0
736.0,4.0,1.0,0.0,628.0
736.0,5.0,1.0,80.7586071979,341.0
736.0,6.0,1.0,120.477684765,388.0
322.0,0.0,1.0,0.0,323.0
322.0,1.0,1.0,90.3582635737,343.0
322.0,2.0,1.0,0.0,538.0
322.0,3.0,1.0,0.0,323.0
322.0,4.0,1.0,0.0,337.0
323.0,0.0,1.0,110.363832351,353.0
323.0,1.0,1.0,90.3582635737,334.0
323.0,2.0,1.0,0.0,451.0
323.0,2.0,1.0,49.5896664665,486.0
323.0,3.0,1.0,110.363832351,353.0
323.0,4.0,1.0,0.0,324.0
324.0,0.0,1.0,90.3582635737,325.0
324.0,1.0,1.0,73.9790891825,347.0
324.0,2.0,1.0,0.0,456.0
324.0,2.0,1.0,40.600584971,371.0
324.0,3.0,1.0,90.3582635737,325.0
566.0,0.0,1.0,0.0,564.0
566.0,1.0,0.1,54.8811636094,642.0
566.0,1.0,0.2,219.524654438,399.0
566.0,1.0,0.1,274.405818047,810.0
566.0,1.0,0.4,164.643490828,734.0
566.0,1.0,0.2,109.762327219,567.0
566.0,2.0,0.1,0.0,290.0
566.0,2.0,0.2,120.477684765,836.0
566.0,2.0,0.1,150.597105956,774.0
566.0,2.0,0.2,0.0,394.0
566.0,2.0,0.2,0.0,717.0
566.0,2.0,0.4,0.0,688.0
566.0,2.0,0.4,90.3582635737,755.0
566.0,2.0,0.2,60.2388423824,701.0
566.0,2.0,0.1,30.1194211912,254.0
566.0,2.0,0.1,0.0,831.0
566.0,3.0,1.0,0.0,564.0
566.0,4.0,0.2,0.0,288.0
566.0,4.0,0.4,0.0,609.0
566.0,4.0,0.2,0.0,676.0
566.0,4.0,0.1,0.0,846.0
566.0,4.0,0.1,0.0,102.0
566.0,5.0,0.1,0.0,859.0
566.0,5.0,0.1,0.0,66.0
566.0,5.0,0.4,0.0,323.0
566.0,5.0,0.2,0.0,124.0
566.0,5.0,0.2,0.0,349.0
838.0,0.0,1.0,67.6676416183,590.0
838.0,1.0,1.0,55.4015791812,572.0
839.0,0.0,1.0,0.0,498.0
839.0,1.0,1.0,150.597105956,724.0
839.0,2.0,1.0,0.0,751.0
839.0,3.0,1.0,0.0,498.0
839.0,4.0,1.0,0.0,691.0
840.0,0.0,1.0,0.0,676.0
840.0,1.0,1.0,179.731585647,841.0
840.0,2.0,1.0,0.0,842.0
840.0,3.0,1.0,0.0,676.0
840.0,5.0,1.0,0.0,664.0
329.0,0.0,1.0,0.0,203.0
329.0,3.0,1.0,0.0,203.0
329.0,5.0,1.0,40.600584971,52.0
329.0,6.0,1.0,60.5689553984,330.0
842.0,0.0,1.0,98.6387855766,678.0
842.0,1.0,1.0,80.7586071979,843.0
842.0,3.0,1.0,0.0,719.0
842.0,5.0,1.0,0.0,694.0
837.0,0.0,1.0,82.6494441108,761.0
837.0,1.0,1.0,67.6676416183,407.0
837.0,4.0,1.0,0.0,838.0
846.0,0.0,1.0,274.405818047,548.0
846.0,1.0,1.0,224.664482059,374.0
846.0,2.0,1.0,0.0,833.0
846.0,2.0,1.0,123.298481971,372.0
846.0,3.0,1.0,274.405818047,548.0
846.0,5.0,1.0,0.0,847.0
847.0,0.0,1.0,150.597105956,495.0
847.0,1.0,1.0,123.298481971,575.0
847.0,2.0,1.0,67.6676416183,493.0
847.0,2.0,1.0,0.0,838.0
847.0,3.0,1.0,150.597105956,495.0
337.0,0.0,1.0,0.0,324.0
337.0,1.0,1.0,73.9790891825,359.0
337.0,2.0,1.0,0.0,382.0
337.0,3.0,1.0,0.0,324.0
569.0,0.0,1.0,82.6494441108,589.0
569.0,1.0,1.0,67.6676416183,207.0
569.0,3.0,1.0,0.0,579.0
569.0,6.0,1.0,0.0,570.0
859.0,1.0,1.0,150.597105956,526.0
859.0,2.0,1.0,82.6494441108,639.0
859.0,3.0,1.0,183.939720586,520.0
859.0,4.0,1.0,0.0,847.0
349.0,0.0,1.0,147.151776469,527.0
349.0,1.0,1.0,120.477684765,300.0
349.0,2.0,1.0,0.0,662.0
349.0,2.0,1.0,66.1195552886,350.0
349.0,3.0,1.0,147.151776469,527.0
349.0,4.0,1.0,0.0,539.0
352.0,0.0,1.0,110.363832351,353.0
352.0,1.0,1.0,90.3582635737,334.0
352.0,2.0,1.0,49.5896664665,486.0
352.0,2.0,1.0,0.0,591.0
352.0,3.0,1.0,110.363832351,353.0
352.0,4.0,1.0,0.0,436.0
656.0,0.0,1.0,0.0,255.0
656.0,3.0,0.2,60.2388423824,588.0
656.0,3.0,0.1,60.2388423824,106.0
656.0,3.0,0.2,60.2388423824,748.0
656.0,3.0,0.1,30.1194211912,770.0
656.0,3.0,0.4,60.2388423824,422.0
656.0,4.0,0.2,49.3193927883,481.0
656.0,4.0,0.2,49.3193927883,59.0
656.0,4.0,0.1,49.3193927883,203.0
656.0,4.0,0.4,49.3193927883,41.0
656.0,4.0,0.1,24.6596963942,711.0
656.0,5.0,1.0,0.0,392.0
656.0,6.0,0.1,24.6596963942,672.0
656.0,6.0,0.2,49.3193927883,824.0
656.0,6.0,0.1,123.298481971,762.0
656.0,6.0,0.2,98.6387855766,699.0
656.0,6.0,0.4,73.9790891825,686.0
355.0,0.0,1.0,0.0,10.0
355.0,1.0,1.0,0.0,416.0
355.0,2.0,1.0,0.0,379.0
355.0,4.0,0.1,89.8657928234,732.0
355.0,4.0,0.2,89.8657928234,778.0
355.0,4.0,0.2,89.8657928234,484.0
355.0,4.0,0.4,89.8657928234,669.0
355.0,4.0,0.1,44.9328964117,758.0
355.0,6.0,0.1,44.9328964117,370.0
355.0,6.0,0.1,89.8657928234,467.0
355.0,6.0,0.2,89.8657928234,356.0
355.0,6.0,0.4,89.8657928234,386.0
355.0,6.0,0.2,89.8657928234,63.0
356.0,0.0,1.0,0.0,403.0
356.0,1.0,1.0,60.2388423824,210.0
356.0,2.0,1.0,0.0,413.0
356.0,3.0,1.0,0.0,403.0
356.0,4.0,1.0,0.0,357.0
357.0,0.0,1.0,0.0,375.0
357.0,1.0,1.0,49.3193927883,283.0
357.0,2.0,1.0,0.0,358.0
357.0,3.0,1.0,0.0,375.0
358.0,0.0,1.0,27.0670566473,262.0
358.0,1.0,1.0,22.1606316725,249.0
358.0,3.0,1.0,0.0,415.0
361.0,1.0,1.0,0.0,206.0
361.0,3.0,1.0,0.0,257.0
361.0,5.0,1.0,82.6494441108,589.0
361.0,6.0,1.0,123.298481971,372.0
728.0,5.0,1.0,55.4015791812,207.0
728.0,6.0,1.0,82.6494441108,170.0
365.0,2.0,1.0,0.0,274.0
365.0,5.0,1.0,49.3193927883,33.0
365.0,6.0,1.0,73.5758882343,30.0
730.0,0.0,1.0,49.5896664665,731.0
730.0,1.0,1.0,40.600584971,460.0
730.0,6.0,1.0,0.0,600.0
368.0,3.0,0.1,24.6596963942,137.0
368.0,3.0,0.4,73.9790891825,25.0
368.0,3.0,0.2,49.3193927883,499.0
368.0,3.0,0.2,73.9790891825,38.0
368.0,3.0,0.1,73.9790891825,79.0
368.0,4.0,0.2,49.3193927883,275.0
368.0,4.0,0.4,73.9790891825,507.0
368.0,4.0,0.1,73.9790891825,284.0
368.0,4.0,0.2,73.9790891825,269.0
368.0,4.0,0.1,24.6596963942,725.0
368.0,5.0,1.0,0.0,35.0
368.0,6.0,0.2,49.3193927883,665.0
368.0,6.0,0.1,123.298481971,395.0
368.0,6.0,0.1,24.6596963942,647.0
368.0,6.0,0.4,73.9790891825,574.0
368.0,6.0,0.2,98.6387855766,631.0
369.0,1.0,1.0,0.0,151.0
369.0,4.0,1.0,0.0,213.0
369.0,5.0,1.0,60.5689553984,156.0
369.0,6.0,1.0,90.3582635737,377.0
375.0,0.0,1.0,60.2388423824,122.0
375.0,1.0,1.0,49.3193927883,125.0
375.0,2.0,1.0,27.0670566473,262.0
375.0,2.0,1.0,0.0,415.0
375.0,3.0,1.0,60.2388423824,122.0
660.0,0.0,1.0,0.0,349.0
660.0,1.0,1.0,120.477684765,494.0
660.0,2.0,1.0,0.0,661.0
660.0,3.0,1.0,0.0,349.0
660.0,4.0,1.0,0.0,664.0
378.0,0.0,1.0,0.0,141.0
378.0,2.0,1.0,0.0,153.0
378.0,3.0,1.0,0.0,141.0
378.0,5.0,1.0,120.477684765,510.0
378.0,6.0,1.0,179.731585647,423.0
379.0,0.0,1.0,0.0,73.0
379.0,1.0,1.0,0.0,392.0
379.0,3.0,0.2,40.3793035989,584.0
379.0,3.0,0.4,40.3793035989,644.0
379.0,3.0,0.1,20.1896517995,787.0
379.0,3.0,0.2,40.3793035989,380.0
379.0,3.0,0.1,40.3793035989,638.0
379.0,4.0,0.2,40.3793035989,808.0
379.0,4.0,0.1,20.1896517995,818.0
379.0,4.0,0.4,40.3793035989,637.0
379.0,4.0,0.1,40.3793035989,605.0
379.0,4.0,0.2,40.3793035989,519.0
379.0,6.0,0.2,40.3793035989,645.0
379.0,6.0,0.4,40.3793035989,387.0
379.0,6.0,0.1,40.3793035989,487.0
379.0,6.0,0.1,20.1896517995,389.0
379.0,6.0,0.2,40.3793035989,413.0
380.0,0.0,1.0,40.3793035989,316.0
380.0,1.0,1.0,33.0597776443,455.0
380.0,4.0,1.0,0.0,384.0
380.0,6.0,1.0,0.0,414.0
382.0,0.0,1.0,40.600584971,371.0
382.0,1.0,1.0,33.2409475087,470.0
382.0,3.0,1.0,0.0,456.0
661.0,0.0,1.0,66.1195552886,350.0
661.0,1.0,1.0,54.1341132946,685.0
661.0,3.0,1.0,0.0,662.0
661.0,4.0,1.0,0.0,694.0
384.0,0.0,1.0,33.0597776443,489.0
384.0,1.0,1.0,27.0670566473,131.0
384.0,6.0,1.0,0.0,415.0
386.0,0.0,1.0,0.0,182.0
386.0,1.0,1.0,30.1194211912,400.0
386.0,2.0,1.0,0.0,387.0
386.0,3.0,1.0,0.0,182.0
386.0,4.0,1.0,0.0,461.0
387.0,0.0,1.0,16.5298888222,110.0
387.0,1.0,1.0,13.5335283237,406.0
387.0,3.0,1.0,0.0,464.0
387.0,4.0,1.0,0.0,472.0
797.0,0.0,1.0,0.0,16.0
797.0,3.0,0.4,49.5896664665,393.0
797.0,3.0,0.2,33.0597776443,643.0
797.0,3.0,0.1,16.5298888222,820.0
797.0,3.0,0.1,82.6494441108,453.0
797.0,3.0,0.2,66.1195552886,613.0
797.0,4.0,0.1,67.6676416183,408.0
797.0,4.0,0.4,40.600584971,657.0
797.0,4.0,0.2,54.1341132946,490.0
797.0,4.0,0.2,27.0670566473,819.0
797.0,4.0,0.1,13.5335283237,799.0
797.0,6.0,0.2,54.1341132946,432.0
797.0,6.0,0.4,40.600584971,616.0
797.0,6.0,0.1,13.5335283237,826.0
797.0,6.0,0.2,27.0670566473,630.0
797.0,6.0,0.1,67.6676416183,406.0
833.0,0.0,1.0,123.298481971,346.0
833.0,1.0,1.0,100.948258997,339.0
833.0,5.0,1.0,0.0,838.0
392.0,0.0,1.0,0.0,74.0
392.0,3.0,0.1,16.5298888222,393.0
392.0,3.0,0.1,82.6494441108,466.0
392.0,3.0,0.2,33.0597776443,613.0
392.0,3.0,0.4,49.5896664665,453.0
392.0,3.0,0.2,66.1195552886,455.0
392.0,4.0,0.4,40.600584971,408.0
392.0,4.0,0.2,54.1341132946,401.0
392.0,4.0,0.2,27.0670566473,490.0
392.0,4.0,0.1,13.5335283237,657.0
392.0,4.0,0.1,67.6676416183,545.0
392.0,6.0,0.2,27.0670566473,432.0
392.0,6.0,0.1,67.6676416183,488.0
392.0,6.0,0.2,54.1341132946,292.0
392.0,6.0,0.4,40.600584971,406.0
392.0,6.0,0.1,13.5335283237,616.0
394.0,0.0,1.0,60.2388423824,373.0
394.0,1.0,1.0,49.3193927883,395.0
394.0,4.0,1.0,0.0,314.0
394.0,5.0,1.0,0.0,191.0
398.0,2.0,1.0,0.0,559.0
398.0,3.0,0.4,54.8811636094,8.0
398.0,3.0,0.1,54.8811636094,783.0
398.0,3.0,0.2,54.8811636094,37.0
398.0,3.0,0.2,54.8811636094,6.0
398.0,3.0,0.1,54.8811636094,317.0
398.0,4.0,0.1,54.8811636094,378.0
398.0,4.0,0.2,54.8811636094,199.0
398.0,4.0,0.4,54.8811636094,308.0
398.0,4.0,0.2,54.8811636094,126.0
398.0,4.0,0.1,54.8811636094,431.0
398.0,5.0,1.0,0.0,165.0
398.0,6.0,0.2,109.762327219,632.0
398.0,6.0,0.4,164.643490828,738.0
398.0,6.0,0.1,54.8811636094,411.0
398.0,6.0,0.2,219.524654438,524.0
398.0,6.0,0.1,274.405818047,399.0
664.0,0.0,1.0,0.0,539.0
664.0,1.0,1.0,98.6387855766,578.0
664.0,2.0,1.0,0.0,694.0
664.0,3.0,1.0,0.0,539.0
403.0,0.0,1.0,73.5758882343,134.0
403.0,1.0,1.0,60.2388423824,190.0
403.0,2.0,1.0,33.0597776443,220.0
403.0,2.0,1.0,0.0,414.0
403.0,3.0,1.0,73.5758882343,134.0
403.0,4.0,1.0,0.0,375.0
404.0,0.0,1.0,0.0,445.0
404.0,1.0,0.4,164.643490828,561.0
404.0,1.0,0.1,54.8811636094,801.0
404.0,1.0,0.2,219.524654438,709.0
404.0,1.0,0.1,274.405818047,14.0
404.0,1.0,0.2,109.762327219,535.0
404.0,3.0,1.0,0.0,445.0
404.0,4.0,0.1,201.096013811,113.0
404.0,4.0,0.4,201.096013811,338.0
404.0,4.0,0.2,201.096013811,108.0
404.0,4.0,0.2,134.064009207,405.0
404.0,4.0,0.1,67.0320046036,319.0
404.0,5.0,0.2,134.798689235,217.0
404.0,5.0,0.2,89.8657928234,370.0
404.0,5.0,0.1,44.9328964117,757.0
404.0,5.0,0.1,134.798689235,117.0
404.0,5.0,0.4,134.798689235,63.0
750.0,0.0,1.0,80.7586071979,716.0
750.0,1.0,1.0,66.1195552886,674.0
750.0,4.0,1.0,0.0,666.0
750.0,6.0,1.0,0.0,707.0
593.0,1.0,1.0,0.0,544.0
593.0,5.0,1.0,66.1195552886,682.0
593.0,6.0,1.0,98.6387855766,594.0
514.0,0.0,1.0,54.1341132946,504.0
514.0,1.0,1.0,44.3212633449,523.0
514.0,3.0,1.0,0.0,515.0
413.0,0.0,1.0,33.0597776443,220.0
413.0,1.0,1.0,27.0670566473,292.0
413.0,3.0,1.0,0.0,414.0
413.0,4.0,1.0,0.0,358.0
414.0,0.0,1.0,33.0597776443,296.0
414.0,1.0,1.0,27.0670566473,192.0
414.0,4.0,1.0,0.0,415.0
415.0,0.0,1.0,27.0670566473,121.0
415.0,1.0,1.0,22.1606316725,123.0
416.0,0.0,1.0,0.0,177.0
416.0,2.0,1.0,0.0,392.0
416.0,4.0,0.4,90.3582635737,480.0
416.0,4.0,0.2,120.477684765,417.0
416.0,4.0,0.1,30.1194211912,814.0
416.0,4.0,0.1,150.597105956,477.0
416.0,4.0,0.2,60.2388423824,646.0
416.0,6.0,0.4,90.3582635737,400.0
416.0,6.0,0.1,30.1194211912,768.0
416.0,6.0,0.2,120.477684765,210.0
416.0,6.0,0.2,60.2388423824,618.0
416.0,6.0,0.1,150.597105956,343.0
418.0,1.0,1.0,0.0,559.0
418.0,3.0,0.1,36.7879441171,736.0
418.0,3.0,0.2,36.7879441171,57.0
418.0,3.0,0.1,36.7879441171,132.0
418.0,3.0,0.4,36.7879441171,54.0
418.0,3.0,0.2,36.7879441171,369.0
418.0,4.0,0.1,30.1194211912,627.0
418.0,4.0,0.1,30.1194211912,98.0
418.0,4.0,0.4,30.1194211912,482.0
418.0,4.0,0.2,30.1194211912,139.0
418.0,4.0,0.2,30.1194211912,229.0
418.0,5.0,1.0,0.0,286.0
418.0,6.0,0.2,60.2388423824,633.0
418.0,6.0,0.4,90.3582635737,713.0
418.0,6.0,0.1,150.597105956,836.0
418.0,6.0,0.1,30.1194211912,554.0
418.0,6.0,0.2,120.477684765,599.0
420.0,0.0,1.0,0.0,443.0
420.0,2.0,1.0,0.0,421.0
420.0,4.0,0.1,164.643490828,29.0
420.0,4.0,0.2,109.762327219,723.0
420.0,4.0,0.1,54.8811636094,604.0
420.0,4.0,0.4,164.643490828,565.0
420.0,4.0,0.2,164.643490828,21.0
420.0,5.0,1.0,0.0,617.0
420.0,6.0,0.1,274.405818047,163.0
420.0,6.0,0.2,109.762327219,535.0
420.0,6.0,0.4,164.643490828,396.0
420.0,6.0,0.2,219.524654438,741.0
420.0,6.0,0.1,54.8811636094,439.0
421.0,0.0,1.0,0.0,368.0
421.0,3.0,0.1,90.3582635737,748.0
421.0,3.0,0.2,60.2388423824,770.0
421.0,3.0,0.4,90.3582635737,588.0
421.0,3.0,0.2,90.3582635737,422.0
421.0,3.0,0.1,30.1194211912,759.0
421.0,4.0,0.4,73.9790891825,481.0
421.0,4.0,0.2,49.3193927883,711.0
421.0,4.0,0.1,24.6596963942,821.0
421.0,4.0,0.1,73.9790891825,59.0
421.0,4.0,0.2,73.9790891825,41.0
421.0,5.0,1.0,0.0,583.0
421.0,6.0,0.2,49.3193927883,434.0
421.0,6.0,0.1,24.6596963942,715.0
421.0,6.0,0.1,123.298481971,708.0
421.0,6.0,0.2,98.6387855766,602.0
421.0,6.0,0.4,73.9790891825,615.0
422.0,0.0,1.0,0.0,38.0
422.0,4.0,1.0,0.0,269.0
422.0,5.0,1.0,16.5298888222,528.0
422.0,6.0,1.0,24.6596963942,185.0
424.0,0.0,1.0,0.0,428.0
424.0,1.0,1.0,0.0,476.0
424.0,2.0,1.0,0.0,592.0
424.0,4.0,0.2,0.0,512.0
424.0,4.0,0.1,0.0,505.0
424.0,4.0,0.2,0.0,484.0
424.0,4.0,0.4,0.0,732.0
424.0,4.0,0.1,0.0,669.0
424.0,6.0,0.2,0.0,356.0
424.0,6.0,0.1,0.0,386.0
424.0,6.0,0.4,0.0,467.0
424.0,6.0,0.2,0.0,700.0
424.0,6.0,0.1,0.0,839.0
426.0,0.0,1.0,0.0,165.0
426.0,2.0,1.0,0.0,530.0
426.0,4.0,0.2,60.2388423824,480.0
426.0,4.0,0.4,90.3582635737,417.0
426.0,4.0,0.2,120.477684765,477.0
426.0,4.0,0.1,30.1194211912,646.0
426.0,4.0,0.1,150.597105956,503.0
426.0,6.0,0.2,60.2388423824,400.0
426.0,6.0,0.4,90.3582635737,210.0
426.0,6.0,0.1,30.1194211912,618.0
426.0,6.0,0.1,150.597105956,494.0
426.0,6.0,0.2,120.477684765,343.0
538.0,0.0,1.0,49.5896664665,486.0
538.0,1.0,1.0,40.600584971,488.0
538.0,3.0,1.0,0.0,451.0
538.0,4.0,1.0,0.0,382.0
428.0,1.0,1.0,0.0,447.0
428.0,2.0,1.0,0.0,638.0
428.0,3.0,0.4,134.798689235,522.0
428.0,3.0,0.1,224.664482059,611.0
428.0,3.0,0.2,179.731585647,772.0
428.0,3.0,0.1,44.9328964117,429.0
428.0,3.0,0.2,89.8657928234,557.0
428.0,4.0,0.2,0.0,440.0
428.0,4.0,0.1,0.0,491.0
428.0,4.0,0.4,0.0,500.0
428.0,4.0,0.2,0.0,77.0
428.0,4.0,0.1,0.0,45.0
428.0,6.0,0.4,0.0,352.0
428.0,6.0,0.1,0.0,498.0
428.0,6.0,0.2,0.0,403.0
428.0,6.0,0.1,0.0,182.0
428.0,6.0,0.2,0.0,430.0
430.0,0.0,1.0,147.151776469,527.0
430.0,1.0,1.0,120.477684765,300.0
430.0,2.0,1.0,0.0,707.0
430.0,2.0,1.0,66.1195552886,350.0
430.0,3.0,1.0,147.151776469,527.0
430.0,4.0,1.0,0.0,441.0
669.0,0.0,1.0,0.0,45.0
669.0,1.0,1.0,30.1194211912,480.0
669.0,2.0,1.0,0.0,637.0
669.0,3.0,1.0,0.0,45.0
669.0,6.0,1.0,0.0,461.0
436.0,0.0,1.0,90.3582635737,325.0
436.0,1.0,1.0,73.9790891825,347.0
436.0,2.0,1.0,0.0,600.0
436.0,2.0,1.0,40.600584971,371.0
436.0,3.0,1.0,90.3582635737,325.0
438.0,3.0,0.2,54.1341132946,553.0
438.0,3.0,0.1,13.5335283237,36.0
438.0,3.0,0.1,67.6676416183,580.0
438.0,3.0,0.4,40.600584971,61.0
438.0,3.0,0.2,27.0670566473,133.0
438.0,4.0,0.1,67.6676416183,667.0
438.0,4.0,0.2,27.0670566473,75.0
438.0,4.0,0.4,40.600584971,131.0
438.0,4.0,0.2,54.1341132946,460.0
438.0,4.0,0.1,13.5335283237,90.0
438.0,6.0,0.4,40.600584971,192.0
438.0,6.0,0.1,13.5335283237,17.0
438.0,6.0,0.2,54.1341132946,458.0
438.0,6.0,0.2,27.0670566473,68.0
438.0,6.0,0.1,67.6676416183,478.0
440.0,0.0,1.0,147.151776469,655.0
440.0,1.0,1.0,120.477684765,244.0
440.0,2.0,1.0,66.1195552886,344.0
440.0,2.0,1.0,0.0,666.0
440.0,3.0,1.0,147.151776469,655.0
440.0,6.0,1.0,0.0,441.0
441.0,0.0,1.0,120.477684765,442.0
441.0,1.0,1.0,98.6387855766,546.0
441.0,2.0,1.0,54.1341132946,504.0
441.0,2.0,1.0,0.0,515.0
441.0,3.0,1.0,120.477684765,442.0
443.0,2.0,1.0,0.0,368.0
443.0,3.0,0.1,164.643490828,8.0
443.0,3.0,0.1,54.8811636094,681.0
443.0,3.0,0.2,109.762327219,595.0
443.0,3.0,0.4,164.643490828,317.0
443.0,3.0,0.2,164.643490828,37.0
443.0,4.0,0.1,54.8811636094,586.0
443.0,4.0,0.2,109.762327219,475.0
443.0,4.0,0.1,164.643490828,308.0
443.0,4.0,0.2,164.643490828,126.0
443.0,4.0,0.4,164.643490828,431.0
443.0,5.0,1.0,0.0,444.0
443.0,6.0,0.2,219.524654438,437.0
443.0,6.0,0.2,109.762327219,587.0
443.0,6.0,0.1,54.8811636094,692.0
443.0,6.0,0.4,164.643490828,653.0
443.0,6.0,0.1,274.405818047,567.0
444.0,2.0,1.0,0.0,35.0
444.0,3.0,0.1,30.1194211912,640.0
444.0,3.0,0.4,90.3582635737,178.0
444.0,3.0,0.2,60.2388423824,534.0
444.0,3.0,0.2,120.477684765,166.0
444.0,3.0,0.1,150.597105956,582.0
444.0,4.0,0.2,120.477684765,115.0
444.0,4.0,0.2,60.2388423824,585.0
444.0,4.0,0.4,90.3582635737,419.0
444.0,4.0,0.1,150.597105956,78.0
444.0,4.0,0.1,30.1194211912,737.0
444.0,6.0,0.1,30.1194211912,753.0
444.0,6.0,0.2,120.477684765,67.0
444.0,6.0,0.1,150.597105956,190.0
444.0,6.0,0.4,90.3582635737,366.0
444.0,6.0,0.2,60.2388423824,551.0
445.0,0.0,1.0,0.0,277.0
445.0,1.0,0.2,219.524654438,632.0
445.0,1.0,0.1,274.405818047,450.0
445.0,1.0,0.2,109.762327219,587.0
445.0,1.0,0.1,54.8811636094,781.0
445.0,1.0,0.4,164.643490828,446.0
445.0,2.0,0.4,90.3582635737,608.0
445.0,2.0,0.1,150.597105956,336.0
445.0,2.0,0.2,90.3582635737,290.0
445.0,2.0,0.1,90.3582635737,394.0
445.0,2.0,0.1,30.1194211912,749.0
445.0,2.0,0.4,90.3582635737,496.0
445.0,2.0,0.1,30.1194211912,793.0
445.0,2.0,0.2,120.477684765,633.0
445.0,2.0,0.2,60.2388423824,250.0
445.0,2.0,0.2,60.2388423824,282.0
445.0,3.0,1.0,0.0,277.0
445.0,4.0,0.1,164.643490828,288.0
445.0,4.0,0.4,164.643490828,129.0
445.0,4.0,0.1,54.8811636094,364.0
445.0,4.0,0.2,109.762327219,485.0
445.0,4.0,0.2,164.643490828,102.0
445.0,5.0,0.1,110.363832351,124.0
445.0,5.0,0.2,110.363832351,66.0
445.0,5.0,0.2,73.5758882343,668.0
445.0,5.0,0.1,36.7879441171,573.0
445.0,5.0,0.4,110.363832351,23.0
447.0,2.0,1.0,0.0,448.0
447.0,3.0,0.2,120.477684765,328.0
447.0,3.0,0.1,150.597105956,506.0
447.0,3.0,0.2,60.2388423824,582.0
447.0,3.0,0.1,30.1194211912,166.0
447.0,3.0,0.4,90.3582635737,390.0
447.0,4.0,0.4,90.3582635737,449.0
447.0,4.0,0.1,30.1194211912,115.0
447.0,4.0,0.2,120.477684765,244.0
447.0,4.0,0.1,150.597105956,245.0
447.0,4.0,0.2,60.2388423824,78.0
447.0,6.0,0.1,150.597105956,526.0
447.0,6.0,0.1,30.1194211912,67.0
447.0,6.0,0.2,120.477684765,300.0
447.0,6.0,0.2,60.2388423824,190.0
447.0,6.0,0.4,90.3582635737,334.0
448.0,3.0,0.1,67.6676416183,64.0
448.0,3.0,0.4,40.600584971,553.0
448.0,3.0,0.2,54.1341132946,580.0
448.0,3.0,0.2,27.0670566473,61.0
448.0,3.0,0.1,13.5335283237,133.0
448.0,4.0,0.2,54.1341132946,667.0
448.0,4.0,0.1,13.5335283237,75.0
448.0,4.0,0.2,27.0670566473,131.0
448.0,4.0,0.4,40.600584971,460.0
448.0,4.0,0.1,67.6676416183,221.0
448.0,6.0,0.2,27.0670566473,192.0
448.0,6.0,0.4,40.600584971,458.0
448.0,6.0,0.1,13.5335283237,68.0
448.0,6.0,0.2,54.1341132946,478.0
448.0,6.0,0.1,67.6676416183,407.0
451.0,0.0,1.0,49.5896664665,452.0
451.0,1.0,1.0,40.600584971,458.0
451.0,4.0,1.0,0.0,456.0
456.0,0.0,1.0,40.600584971,471.0
456.0,1.0,1.0,33.2409475087,457.0
461.0,0.0,1.0,0.0,95.0
461.0,1.0,1.0,24.6596963942,318.0
461.0,2.0,1.0,0.0,472.0
461.0,3.0,1.0,0.0,95.0
462.0,0.0,1.0,13.5335283237,209.0
462.0,1.0,1.0,11.0803158362,146.0
464.0,0.0,1.0,16.5298888222,241.0
464.0,1.0,1.0,13.5335283237,68.0
464.0,4.0,1.0,0.0,462.0
760.0,0.0,1.0,82.6494441108,761.0
760.0,1.0,1.0,67.6676416183,407.0
760.0,4.0,1.0,0.0,571.0
467.0,0.0,1.0,0.0,352.0
467.0,1.0,1.0,90.3582635737,343.0
467.0,2.0,1.0,0.0,487.0
467.0,3.0,1.0,0.0,352.0
467.0,4.0,1.0,0.0,468.0
468.0,0.0,1.0,0.0,436.0
468.0,1.0,1.0,73.9790891825,359.0
468.0,2.0,1.0,0.0,469.0
468.0,3.0,1.0,0.0,436.0
469.0,0.0,1.0,40.600584971,371.0
469.0,1.0,1.0,33.2409475087,470.0
469.0,3.0,1.0,0.0,600.0
719.0,0.0,1.0,98.6387855766,727.0
719.0,1.0,1.0,80.7586071979,720.0
719.0,5.0,1.0,0.0,680.0
472.0,0.0,1.0,13.5335283237,104.0
472.0,1.0,1.0,11.0803158362,236.0
472.0,3.0,1.0,0.0,462.0
676.0,0.0,1.0,219.524654438,677.0
676.0,1.0,1.0,179.731585647,696.0
676.0,2.0,1.0,98.6387855766,678.0
676.0,2.0,1.0,0.0,719.0
676.0,3.0,1.0,219.524654438,677.0
676.0,5.0,1.0,0.0,539.0
474.0,4.0,1.0,0.0,302.0
474.0,5.0,1.0,40.600584971,246.0
474.0,6.0,1.0,60.5689553984,363.0
591.0,0.0,1.0,49.5896664665,452.0
591.0,1.0,1.0,40.600584971,458.0
591.0,4.0,1.0,0.0,600.0
476.0,0.0,1.0,0.0,447.0
476.0,2.0,1.0,0.0,521.0
476.0,4.0,0.1,30.1194211912,480.0
476.0,4.0,0.2,60.2388423824,417.0
476.0,4.0,0.1,150.597105956,136.0
476.0,4.0,0.4,90.3582635737,477.0
476.0,4.0,0.2,120.477684765,503.0
476.0,6.0,0.1,30.1194211912,400.0
476.0,6.0,0.2,60.2388423824,210.0
476.0,6.0,0.1,150.597105956,724.0
476.0,6.0,0.2,120.477684765,494.0
476.0,6.0,0.4,90.3582635737,343.0
479.0,1.0,1.0,0.0,87.0
479.0,5.0,1.0,16.5298888222,230.0
479.0,6.0,1.0,24.6596963942,101.0
482.0,1.0,1.0,0.0,284.0
482.0,3.0,1.0,0.0,71.0
482.0,5.0,1.0,33.0597776443,483.0
482.0,6.0,1.0,49.3193927883,511.0
484.0,0.0,1.0,0.0,77.0
484.0,1.0,1.0,60.2388423824,417.0
484.0,2.0,1.0,0.0,519.0
484.0,3.0,1.0,0.0,77.0
484.0,6.0,1.0,0.0,357.0
487.0,0.0,1.0,49.5896664665,486.0
487.0,1.0,1.0,40.600584971,488.0
487.0,3.0,1.0,0.0,591.0
487.0,4.0,1.0,0.0,469.0
491.0,0.0,1.0,183.939720586,562.0
491.0,1.0,1.0,150.597105956,245.0
491.0,2.0,1.0,0.0,579.0
491.0,2.0,1.0,82.6494441108,589.0
491.0,3.0,1.0,183.939720586,562.0
491.0,6.0,1.0,0.0,492.0
492.0,0.0,1.0,150.597105956,495.0
492.0,1.0,1.0,123.298481971,575.0
492.0,2.0,1.0,0.0,571.0
492.0,2.0,1.0,67.6676416183,493.0
492.0,3.0,1.0,150.597105956,495.0
498.0,0.0,1.0,183.939720586,520.0
498.0,1.0,1.0,150.597105956,526.0
498.0,2.0,1.0,0.0,760.0
498.0,2.0,1.0,82.6494441108,639.0
498.0,3.0,1.0,183.939720586,520.0
498.0,4.0,1.0,0.0,492.0
500.0,0.0,1.0,110.363832351,629.0
500.0,1.0,1.0,90.3582635737,449.0
500.0,2.0,1.0,49.5896664665,402.0
500.0,2.0,1.0,0.0,730.0
500.0,3.0,1.0,110.363832351,629.0
500.0,6.0,1.0,0.0,436.0
502.0,1.0,1.0,0.0,82.0
502.0,2.0,1.0,0.0,479.0
502.0,5.0,1.0,36.7879441171,654.0
502.0,6.0,1.0,54.8811636094,93.0
505.0,0.0,1.0,0.0,491.0
505.0,1.0,1.0,150.597105956,136.0
505.0,2.0,1.0,0.0,569.0
505.0,3.0,1.0,0.0,491.0
505.0,6.0,1.0,0.0,691.0
508.0,1.0,1.0,0.0,509.0
508.0,2.0,1.0,0.0,593.0
508.0,5.0,1.0,147.151776469,560.0
508.0,6.0,1.0,219.524654438,19.0
509.0,2.0,1.0,0.0,544.0
509.0,5.0,1.0,98.6387855766,142.0
509.0,6.0,1.0,147.151776469,233.0
