Unnamed: 0,q_optimal,q_pred
"(0, 0)",431.769705311,0.0
"(0, 1)",370.84294583400003,0.0
"(0, 5)",299.44218006299997,0.0
"(0, 6)",441.33513055399999,0.0
"(1, 1)",365.99019302099998,0.0
"(1, 2)",215.15304766400001,0.0
"(1, 3)",431.769705311,0.0
"(1, 5)",269.59737847000002,0.0
"(1, 6)",388.98622350400001,0.0
"(2, 1)",73.979089182500005,0.0
"(2, 3)",99.946415566399992,0.0
"(2, 4)",79.438813979499997,0.0
"(2, 5)",60.5689553984,0.0
"(2, 6)",90.358263573700015,0.0
"(3, 1)",40.379303598900002,0.0
"(3, 4)",49.3193927883,0.0
"(3, 5)",40.379303598900002,0.0
"(3, 6)",60.238842382399994,0.0
"(6, 0)",164.64349082799998,0.0
"(6, 2)",87.450298269400008,0.0
"(6, 4)",153.70039691100001,0.0
"(6, 5)",90.358263573700015,0.0
"(6, 6)",164.64349082799998,0.0
"(7, 2)",73.979089182500005,0.0
"(7, 3)",161.78831826499999,0.0
"(7, 4)",153.70039691100001,0.0
"(7, 5)",90.358263573700015,0.0
"(7, 6)",164.64349082799998,0.0
"(8, 2)",20.189651799500002,0.0
"(8, 4)",44.9328964117,0.0
"(8, 5)",30.119421191199997,0.0
"(8, 6)",44.9328964117,0.0
"(10, 1)",90.358263573700015,0.0
"(10, 2)",60.5689553984,0.0
"(10, 3)",134.79868923500001,0.0
"(10, 4)",110.363832351,0.0
"(10, 6)",110.363832351,0.0
"(12, 1)",153.70039691100001,0.0
"(12, 2)",103.02845713299999,0.0
"(12, 4)",187.730088717,0.0
"(12, 5)",134.79868923500001,0.0
"(12, 6)",164.64349082799998,0.0
"(13, 1)",134.79868923500001,0.0
"(13, 2)",90.358263573700015,0.0
"(13, 4)",164.64349082799998,0.0
"(13, 5)",110.363832351,0.0
"(16, 4)",40.379303598900002,0.0
"(16, 5)",27.067056647299999,0.0
"(16, 6)",40.379303598900002,0.0
"(18, 0)",40.379303598900002,0.0
"(18, 3)",40.379303598900002,0.0
"(18, 5)",22.160631672499999,0.0
"(18, 6)",33.059777644299999,0.0
"(21, 1)",73.57588823430001,0.0
"(21, 2)",49.3193927883,0.0
"(21, 5)",73.57588823430001,0.0
"(21, 6)",109.762327219,0.0
"(27, 1)",73.979089182500005,0.0
"(27, 3)",109.696980059,0.0
"(27, 4)",89.812291094000003,0.0
"(27, 5)",60.5689553984,0.0
"(27, 6)",90.358263573700015,0.0
"(28, 3)",73.532084722999997,0.0
"(28, 4)",73.532084722999997,0.0
"(28, 5)",40.600584970999996,0.0
"(28, 6)",73.979089182500005,0.0
"(31, 2)",40.379303598900002,0.0
"(31, 4)",89.8657928234,0.0
"(31, 5)",60.238842382399994,0.0
"(31, 6)",89.8657928234,0.0
"(32, 0)",89.8657928234,0.0
"(32, 2)",40.379303598900002,0.0
"(32, 3)",89.8657928234,0.0
"(32, 5)",49.3193927883,0.0
"(32, 6)",89.8657928234,0.0
"(34, 1)",40.600584970999996,0.0
"(34, 3)",60.5689553984,0.0
"(34, 4)",49.589666466499999,0.0
"(34, 6)",49.589666466499999,0.0
"(35, 3)",40.600584970999996,0.0
"(35, 4)",40.600584970999996,0.0
"(35, 6)",40.600584970999996,0.0
"(38, 0)",44.9328964117,0.0
"(38, 2)",20.189651799500002,0.0
"(38, 3)",44.9328964117,0.0
"(38, 5)",24.659696394200001,0.0
"(38, 6)",36.787944117100004,0.0
"(39, 0)",20.189651799500002,0.0
"(39, 3)",20.189651799500002,0.0
"(39, 5)",11.080315836199999,0.0
"(39, 6)",20.189651799500002,0.0
"(45, 0)",134.79868923500001,0.0
"(45, 2)",60.5689553984,0.0
"(45, 3)",134.79868923500001,0.0
"(45, 5)",90.358263573700015,0.0
"(45, 6)",134.79868923500001,0.0
"(49, 3)",73.916490694999993,0.0
"(49, 4)",65.038999993100006,0.0
"(49, 5)",40.600584970999996,0.0
"(49, 6)",73.979089182500005,0.0
"(50, 4)",20.189651799500002,0.0
"(50, 5)",13.533528323699999,0.0
"(50, 6)",20.189651799500002,0.0
"(52, 1)",73.979089182500005,0.0
"(52, 3)",107.696423181,0.0
"(52, 4)",88.174373654899995,0.0
"(52, 5)",60.5689553984,0.0
"(52, 6)",90.358263573700015,0.0
"(55, 0)",60.5689553984,0.0
"(55, 3)",60.5689553984,0.0
"(55, 5)",40.600584970999996,0.0
"(55, 6)",60.5689553984,0.0
"(58, 1)",40.379303598900002,0.0
"(58, 3)",49.3193927883,0.0
"(58, 5)",33.059777644299999,0.0
"(58, 6)",49.3193927883,0.0
"(59, 1)",40.379303598900002,0.0
"(59, 5)",33.059777644299999,0.0
"(59, 6)",49.3193927883,0.0
"(69, 1)",60.5689553984,0.0
"(69, 3)",73.979089182500005,0.0
"(69, 5)",49.589666466499999,0.0
"(69, 6)",73.979089182500005,0.0
"(70, 2)",33.059777644299999,0.0
"(70, 5)",49.3193927883,0.0
"(70, 6)",73.57588823430001,0.0
"(72, 0)",60.5689553984,0.0
"(72, 3)",60.5689553984,0.0
"(72, 5)",40.600584970999996,0.0
"(72, 6)",60.5689553984,0.0
"(75, 1)",40.600584970999996,0.0
"(75, 3)",60.5689553984,0.0
"(75, 4)",49.589666466499999,0.0
"(75, 6)",49.589666466499999,0.0
"(76, 3)",40.600584970999996,0.0
"(76, 4)",40.600584970999996,0.0
"(76, 6)",40.600584970999996,0.0
"(79, 2)",40.600584970999996,0.0
"(79, 3)",90.358263573700015,0.0
"(79, 4)",90.358263573700015,0.0
"(79, 6)",90.358263573700015,0.0
"(81, 0)",20.189651799500002,0.0
"(81, 3)",20.189651799500002,0.0
"(81, 5)",13.533528323699999,0.0
"(81, 6)",20.189651799500002,0.0
"(88, 0)",164.64349082799998,0.0
"(88, 1)",164.64349082799998,0.0
"(88, 2)",180.71652714699999,0.0
"(88, 3)",164.64349082799998,0.0
"(88, 4)",164.64349082799998,0.0
"(88, 5)",110.363832351,0.0
"(89, 0)",147.151776469,0.0
"(89, 1)",120.47768476500001,0.0
"(89, 2)",132.23911057700002,0.0
"(89, 3)",147.151776469,0.0
"(89, 4)",120.47768476500001,0.0
"(90, 0)",120.47768476500001,0.0
"(90, 1)",98.6387855766,0.0
"(90, 2)",108.26822658899999,0.0
"(90, 3)",120.47768476500001,0.0
"(107, 3)",72.191071344600005,0.0
"(107, 4)",72.191071344600005,0.0
"(107, 5)",40.600584970999996,0.0
"(107, 6)",73.979089182500005,0.0
"(110, 0)",36.787944117100004,0.0
"(110, 1)",30.119421191199997,0.0
"(110, 2)",33.0597776444,0.0
"(110, 3)",36.787944117100004,0.0
"(110, 4)",30.119421191199997,0.0
"(112, 0)",73.57588823430001,0.0
"(112, 1)",60.238842382399994,0.0
"(112, 2)",66.119555288599997,0.0
"(112, 3)",73.57588823430001,0.0
"(112, 4)",60.238842382399994,0.0
"(117, 0)",30.119421191199997,0.0
"(117, 1)",24.659696394200001,0.0
"(117, 2)",27.067056647399998,0.0
"(117, 3)",30.119421191199997,0.0
"(119, 1)",90.358263573700015,0.0
"(119, 2)",60.5689553984,0.0
"(119, 3)",134.79868923500001,0.0
"(119, 4)",110.363832351,0.0
"(119, 6)",110.363832351,0.0
"(120, 1)",40.600584970999996,0.0
"(120, 3)",60.5689553984,0.0
"(120, 4)",49.589666466499999,0.0
"(120, 6)",49.589666466499999,0.0
"(122, 0)",60.238842382399994,0.0
"(122, 1)",49.3193927883,0.0
"(122, 2)",54.134113294599999,0.0
"(122, 3)",60.238842382399994,0.0
"(126, 1)",20.189651799500002,0.0
"(126, 4)",24.659696394200001,0.0
"(126, 5)",20.189651799500002,0.0
"(126, 6)",30.119421191199997,0.0
"(129, 3)",40.600584970999996,0.0
"(129, 4)",40.600584970999996,0.0
"(129, 6)",40.600584970999996,0.0
"(131, 0)",44.9328964117,0.0
"(131, 2)",20.189651799500002,0.0
"(131, 3)",44.9328964117,0.0
"(131, 5)",30.119421191199997,0.0
"(131, 6)",44.9328964117,0.0
"(133, 0)",180.71652714699999,0.0
"(133, 1)",164.64349082799998,0.0
"(133, 3)",180.71652714699999,0.0
"(133, 4)",176.794331822,0.0
"(133, 5)",118.50878464600001,0.0
"(134, 0)",109.762327219,0.0
"(134, 1)",89.8657928234,0.0
"(134, 2)",98.6387855766,0.0
"(134, 3)",109.762327219,0.0
"(134, 5)",60.238842382399994,0.0
"(135, 0)",49.3193927883,0.0
"(135, 1)",40.379303598900002,0.0
"(135, 5)",27.067056647299999,0.0
"(136, 0)",27.067056647299999,0.0
"(136, 1)",22.160631672499999,0.0
"(141, 0)",110.363832351,0.0
"(141, 1)",90.358263573700015,0.0
"(141, 2)",99.179332932999998,0.0
"(141, 3)",110.363832351,0.0
"(141, 4)",90.358263573700015,0.0
"(142, 0)",49.589666466499999,0.0
"(142, 1)",40.600584970999996,0.0
"(142, 4)",40.600584970999996,0.0
"(144, 5)",22.160631672499999,0.0
"(144, 6)",33.059777644299999,0.0
"(146, 0)",180.71652714699999,0.0
"(146, 1)",164.64349082799998,0.0
"(146, 3)",180.71652714699999,0.0
"(146, 4)",187.730088717,0.0
"(146, 5)",125.839241711,0.0
"(147, 0)",54.881163609399998,0.0
"(147, 1)",44.9328964117,0.0
"(147, 2)",24.659696394200001,0.0
"(147, 3)",54.881163609399998,0.0
"(147, 5)",30.119421191199997,0.0
"(148, 0)",54.881163609399998,0.0
"(148, 1)",44.9328964117,0.0
"(148, 2)",49.319392788400002,0.0
"(148, 3)",54.881163609399998,0.0
"(148, 5)",30.119421191199997,0.0
"(154, 0)",33.059777644299999,0.0
"(154, 1)",27.067056647299999,0.0
"(154, 4)",27.067056647299999,0.0
"(155, 0)",73.979089182500005,0.0
"(155, 3)",87.450298269400008,0.0
"(155, 4)",69.062040128299998,0.0
"(155, 5)",49.589666466499999,0.0
"(155, 6)",73.979089182500005,0.0
"(157, 0)",90.358263573700015,0.0
"(157, 2)",49.589666466499999,0.0
"(157, 4)",90.358263573700015,0.0
"(157, 6)",90.358263573700015,0.0
"(161, 1)",73.979089182500005,0.0
"(161, 3)",104.488271666,0.0
"(161, 4)",84.352566296899994,0.0
"(161, 5)",60.5689553984,0.0
"(161, 6)",90.358263573700015,0.0
"(162, 1)",90.358263573700015,0.0
"(162, 2)",60.5689553984,0.0
"(162, 3)",134.79868923500001,0.0
"(162, 4)",110.363832351,0.0
"(162, 6)",110.363832351,0.0
"(163, 2)",40.600584970999996,0.0
"(163, 3)",90.358263573700015,0.0
"(163, 4)",90.358263573700015,0.0
"(163, 6)",90.358263573700015,0.0
"(166, 0)",110.363832351,0.0
"(166, 1)",90.358263573700015,0.0
"(166, 2)",49.589666466499999,0.0
"(166, 3)",110.363832351,0.0
"(166, 4)",90.358263573700015,0.0
"(168, 3)",73.500785479300006,0.0
"(168, 4)",69.062040128299998,0.0
"(168, 5)",40.600584970999996,0.0
"(168, 6)",73.979089182500005,0.0
"(174, 1)",60.5689553984,0.0
"(174, 5)",49.589666466499999,0.0
"(174, 6)",73.979089182500005,0.0
"(177, 0)",164.64349082799998,0.0
"(177, 1)",164.64349082799998,0.0
"(177, 2)",180.71652714699999,0.0
"(177, 3)",164.64349082799998,0.0
"(177, 4)",164.64349082799998,0.0
"(177, 5)",110.363832351,0.0
"(183, 2)",40.600584970999996,0.0
"(183, 3)",90.358263573700015,0.0
"(183, 4)",90.358263573700015,0.0
"(183, 6)",90.358263573700015,0.0
"(189, 3)",40.600584970999996,0.0
"(189, 4)",40.600584970999996,0.0
"(189, 6)",40.600584970999996,0.0
"(191, 0)",40.600584970999996,0.0
"(191, 3)",49.589666466499999,0.0
"(191, 4)",40.600584970999996,0.0
"(191, 6)",40.600584970999996,0.0
"(197, 0)",30.119421191199997,0.0
"(197, 1)",24.659696394200001,0.0
"(197, 2)",13.533528323699999,0.0
"(197, 3)",30.119421191199997,0.0
"(198, 0)",13.533528323699999,0.0
"(198, 1)",11.080315836199999,0.0
"(198, 3)",13.533528323699999,0.0
"(201, 1)",20.189651799500002,0.0
"(201, 3)",24.659696394200001,0.0
"(201, 5)",16.5298888222,0.0
"(201, 6)",24.659696394200001,0.0
"(216, 0)",90.358263573700015,0.0
"(216, 1)",73.979089182500005,0.0
"(216, 2)",81.201169941999993,0.0
"(216, 3)",90.358263573700015,0.0
"(221, 0)",40.600584970999996,0.0
"(221, 1)",33.240947508699996,0.0
"(229, 0)",73.57588823430001,0.0
"(229, 1)",60.238842382399994,0.0
"(229, 2)",66.119555288599997,0.0
"(229, 3)",73.57588823430001,0.0
"(229, 4)",60.238842382399994,0.0
"(244, 0)",40.379303598900002,0.0
"(244, 3)",40.379303598900002,0.0
"(244, 5)",27.067056647299999,0.0
"(244, 6)",40.379303598900002,0.0
"(248, 0)",167.15037465200001,0.0
"(248, 2)",104.95640890799999,0.0
"(248, 4)",215.677902776,0.0
"(248, 5)",180.71652714699999,0.0
"(248, 6)",206.14420192700001,0.0
"(249, 0)",104.95640890799999,0.0
"(249, 3)",44.448533202600004,0.0
"(249, 4)",96.910328637399999,0.0
"(249, 5)",90.190251437499995,0.0
"(249, 6)",104.95640890799999,0.0
"(250, 0)",104.95640890799999,0.0
"(250, 3)",78.323936802200009,0.0
"(250, 4)",60.5689553984,0.0
"(250, 5)",90.190251437499995,0.0
"(250, 6)",73.979089182500005,0.0
"(251, 0)",24.659696394200001,0.0
"(251, 1)",20.189651799500002,0.0
"(251, 3)",24.659696394200001,0.0
"(251, 5)",13.533528323699999,0.0
"(252, 0)",13.533528323699999,0.0
"(252, 1)",11.080315836199999,0.0
"(254, 0)",60.238842382399994,0.0
"(254, 1)",49.3193927883,0.0
"(254, 2)",54.134113294599999,0.0
"(254, 3)",60.238842382399994,0.0
"(255, 1)",134.79868923500001,0.0
"(255, 2)",90.358263573700015,0.0
"(255, 4)",164.64349082799998,0.0
"(255, 5)",110.363832351,0.0
"(259, 0)",49.589666466499999,0.0
"(259, 1)",40.600584970999996,0.0
"(259, 3)",49.589666466499999,0.0
"(259, 4)",40.600584970999996,0.0
"(260, 0)",40.600584970999996,0.0
"(260, 1)",33.240947508699996,0.0
"(260, 3)",40.600584970999996,0.0
"(262, 0)",40.600584970999996,0.0
"(262, 3)",49.589666466499999,0.0
"(262, 4)",40.600584970999996,0.0
"(262, 6)",40.600584970999996,0.0
"(265, 1)",33.059777644299999,0.0
"(265, 5)",33.059777644299999,0.0
"(265, 6)",49.3193927883,0.0
"(269, 0)",134.79868923500001,0.0
"(269, 2)",60.5689553984,0.0
"(269, 3)",134.79868923500001,0.0
"(269, 5)",73.979089182500005,0.0
"(269, 6)",110.363832351,0.0
"(273, 0)",24.659696394200001,0.0
"(273, 1)",20.189651799500002,0.0
"(273, 5)",13.533528323699999,0.0
"(277, 0)",36.787944117100004,0.0
"(277, 1)",30.119421191199997,0.0
"(277, 2)",33.0597776444,0.0
"(277, 3)",36.787944117100004,0.0
"(277, 6)",30.119421191199997,0.0
"(282, 3)",40.600584970999996,0.0
"(282, 4)",40.600584970999996,0.0
"(282, 6)",40.600584970999996,0.0
"(284, 0)",36.787944117100004,0.0
"(284, 1)",30.119421191199997,0.0
"(284, 2)",33.0597776444,0.0
"(284, 3)",36.787944117100004,0.0
"(284, 4)",30.119421191199997,0.0
"(290, 4)",16.5298888222,0.0
"(290, 5)",13.533528323699999,0.0
"(290, 6)",20.189651799500002,0.0
"(291, 0)",60.238842382399994,0.0
"(291, 1)",49.3193927883,0.0
"(291, 4)",49.3193927883,0.0
"(291, 5)",33.059777644299999,0.0
"(294, 1)",20.189651799500002,0.0
"(294, 5)",16.5298888222,0.0
"(294, 6)",24.659696394200001,0.0
"(297, 0)",109.762327219,0.0
"(297, 1)",89.8657928234,0.0
"(297, 2)",49.3193927883,0.0
"(297, 3)",109.762327219,0.0
"(297, 5)",60.238842382399994,0.0
"(301, 0)",20.189651799500002,0.0
"(301, 4)",20.189651799500002,0.0
"(301, 5)",16.5298888222,0.0
"(301, 6)",24.659696394200001,0.0
"(303, 0)",49.3193927883,0.0
"(303, 1)",40.379303598900002,0.0
"(303, 3)",49.3193927883,0.0
"(303, 5)",27.067056647299999,0.0
"(304, 0)",27.067056647299999,0.0
"(304, 1)",22.160631672499999,0.0
"(304, 3)",27.067056647299999,0.0
"(305, 0)",147.151776469,0.0
"(305, 1)",120.47768476500001,0.0
"(305, 2)",132.23911057700002,0.0
"(305, 3)",147.151776469,0.0
"(305, 4)",120.47768476500001,0.0
"(307, 0)",90.358263573700015,0.0
"(307, 2)",49.589666466499999,0.0
"(307, 4)",90.358263573700015,0.0
"(307, 6)",90.358263573700015,0.0
"(310, 0)",30.119421191199997,0.0
"(310, 1)",24.659696394200001,0.0
"(310, 4)",24.659696394200001,0.0
"(310, 5)",16.5298888222,0.0
"(313, 0)",60.238842382399994,0.0
"(313, 1)",49.3193927883,0.0
"(313, 2)",27.067056647299999,0.0
"(313, 3)",60.238842382399994,0.0
"(315, 1)",40.600584970999996,0.0
"(315, 3)",60.5689553984,0.0
"(315, 4)",49.589666466499999,0.0
"(315, 6)",49.589666466499999,0.0
"(316, 1)",36.787944117100004,0.0
"(316, 2)",24.659696394200001,0.0
"(316, 5)",36.787944117100004,0.0
"(316, 6)",54.881163609399998,0.0
"(317, 2)",16.5298888222,0.0
"(317, 5)",24.659696394200001,0.0
"(317, 6)",36.787944117100004,0.0
"(320, 0)",30.119421191199997,0.0
"(320, 1)",24.659696394200001,0.0
"(320, 2)",27.067056647399998,0.0
"(320, 3)",30.119421191199997,0.0
"(321, 1)",104.95640890799999,0.0
"(321, 4)",73.979089182500005,0.0
"(321, 5)",60.5689553984,0.0
"(321, 6)",90.358263573700015,0.0
"(326, 0)",134.79868923500001,0.0
"(326, 1)",90.358263573700015,0.0
"(326, 2)",68.291030905299991,0.0
"(326, 4)",118.50878464600001,0.0
"(326, 6)",118.50878464600001,0.0
"(328, 0)",219.524654438,0.0
"(328, 1)",179.731585647,0.0
"(328, 2)",197.277571153,0.0
"(328, 3)",219.524654438,0.0
"(328, 5)",120.47768476500001,0.0
"(329, 0)",90.358263573700015,0.0
"(329, 2)",49.589666466499999,0.0
"(329, 4)",90.358263573700015,0.0
"(329, 6)",90.358263573700015,0.0
"(334, 0)",40.600584970999996,0.0
"(334, 3)",49.589666466499999,0.0
"(334, 4)",40.600584970999996,0.0
"(334, 6)",40.600584970999996,0.0
"(340, 5)",11.080315836199999,0.0
"(340, 6)",16.5298888222,0.0
"(341, 0)",73.57588823430001,0.0
"(341, 1)",60.238842382399994,0.0
"(341, 2)",33.059777644299999,0.0
"(341, 3)",73.57588823430001,0.0
"(341, 4)",60.238842382399994,0.0
"(342, 0)",60.5689553984,0.0
"(342, 1)",49.589666466499999,0.0
"(342, 3)",68.291030905299991,0.0
"(342, 4)",53.249429443800004,0.0
"(342, 6)",53.249429443800004,0.0
"(343, 0)",49.589666466499999,0.0
"(343, 1)",40.600584970999996,0.0
"(343, 3)",49.589666466499999,0.0
"(343, 6)",40.600584970999996,0.0
"(345, 0)",40.379303598900002,0.0
"(345, 1)",33.059777644299999,0.0
"(345, 4)",33.059777644299999,0.0
"(345, 6)",33.059777644299999,0.0
"(346, 0)",49.589666466499999,0.0
"(346, 1)",40.600584970999996,0.0
"(346, 6)",40.600584970999996,0.0
"(349, 0)",164.64349082799998,0.0
"(349, 1)",134.79868923500001,0.0
"(349, 2)",147.95817836500001,0.0
"(349, 3)",164.64349082799998,0.0
"(349, 5)",90.358263573700015,0.0
"(356, 0)",73.57588823430001,0.0
"(356, 1)",60.238842382399994,0.0
"(356, 2)",66.119555288599997,0.0
"(356, 3)",73.57588823430001,0.0
"(356, 6)",60.238842382399994,0.0
"(359, 0)",40.600584970999996,0.0
"(359, 1)",33.240947508699996,0.0
"(359, 3)",40.600584970999996,0.0
"(360, 0)",40.600584970999996,0.0
"(360, 1)",33.240947508699996,0.0
"(364, 0)",252.45335260299998,0.0
"(364, 1)",134.79868923500001,0.0
"(364, 2)",90.358263573700015,0.0
"(364, 3)",252.45335260299998,0.0
"(364, 4)",252.45335260299998,0.0
"(364, 5)",202.33369264400002,0.0
"(374, 0)",80.758607197900005,0.0
"(374, 3)",80.758607197900005,0.0
"(374, 5)",54.134113294599999,0.0
"(374, 6)",80.758607197900005,0.0
"(375, 0)",80.758607197900005,0.0
"(375, 3)",80.758607197900005,0.0
"(375, 5)",44.321263344899997,0.0
"(375, 6)",66.119555288599997,0.0
"(379, 1)",16.5298888222,0.0
"(379, 5)",16.5298888222,0.0
"(379, 6)",24.659696394200001,0.0
"(381, 0)",33.059777644299999,0.0
"(381, 1)",27.067056647299999,0.0
"(381, 3)",33.059777644299999,0.0
"(381, 6)",27.067056647299999,0.0
"(382, 0)",90.358263573700015,0.0
"(382, 1)",73.979089182500005,0.0
"(382, 2)",40.600584970999996,0.0
"(382, 3)",90.358263573700015,0.0
"(386, 0)",164.64349082799998,0.0
"(386, 1)",134.79868923500001,0.0
"(386, 2)",73.979089182500005,0.0
"(386, 3)",164.64349082799998,0.0
"(386, 5)",90.358263573700015,0.0
"(387, 0)",73.979089182500005,0.0
"(387, 1)",60.5689553984,0.0
"(387, 5)",40.600584970999996,0.0
"(390, 0)",33.059777644299999,0.0
"(390, 1)",27.067056647299999,0.0
"(390, 4)",27.067056647299999,0.0
"(391, 0)",120.47768476500001,0.0
"(391, 1)",98.6387855766,0.0
"(391, 2)",108.26822658899999,0.0
"(391, 3)",120.47768476500001,0.0
"(392, 0)",27.067056647299999,0.0
"(392, 1)",22.160631672499999,0.0
"(394, 0)",147.151776469,0.0
"(394, 1)",120.47768476500001,0.0
"(394, 2)",66.119555288599997,0.0
"(394, 3)",147.151776469,0.0
"(394, 4)",120.47768476500001,0.0
"(396, 0)",120.47768476500001,0.0
"(396, 1)",98.6387855766,0.0
"(396, 2)",54.134113294599999,0.0
"(396, 3)",120.47768476500001,0.0
"(398, 2)",40.600584970999996,0.0
"(398, 3)",90.358263573700015,0.0
"(398, 4)",90.358263573700015,0.0
"(398, 6)",90.358263573700015,0.0
"(400, 1)",20.189651799500002,0.0
"(400, 4)",24.659696394200001,0.0
"(400, 5)",20.189651799500002,0.0
"(400, 6)",30.119421191199997,0.0
"(401, 0)",252.45335260299998,0.0
"(401, 1)",164.64349082799998,0.0
"(401, 2)",180.71652714699999,0.0
"(401, 3)",252.45335260299998,0.0
"(401, 4)",164.64349082799998,0.0
"(401, 5)",110.363832351,0.0
"(406, 0)",147.151776469,0.0
"(406, 1)",120.47768476500001,0.0
"(406, 2)",66.119555288599997,0.0
"(406, 3)",147.151776469,0.0
"(406, 6)",120.47768476500001,0.0
"(407, 0)",66.119555288599997,0.0
"(407, 1)",54.134113294599999,0.0
"(407, 3)",66.119555288599997,0.0
"(407, 6)",54.134113294599999,0.0
"(410, 0)",33.059777644299999,0.0
"(410, 1)",27.067056647299999,0.0
"(410, 6)",27.067056647299999,0.0
"(417, 0)",27.067056647299999,0.0
"(417, 1)",22.160631672499999,0.0
"(417, 3)",27.067056647299999,0.0
"(419, 0)",16.5298888222,0.0
"(419, 1)",13.533528323699999,0.0
"(419, 4)",13.533528323699999,0.0
"(421, 0)",36.787944117100004,0.0
"(421, 1)",30.119421191199997,0.0
"(421, 2)",16.5298888222,0.0
"(421, 3)",36.787944117100004,0.0
"(421, 4)",30.119421191199997,0.0
"(428, 1)",90.358263573700015,0.0
"(428, 2)",60.5689553984,0.0
"(428, 3)",134.79868923500001,0.0
"(428, 4)",110.363832351,0.0
"(428, 6)",110.363832351,0.0
"(430, 0)",66.119555288599997,0.0
"(430, 1)",54.134113294599999,0.0
"(430, 6)",54.134113294599999,0.0
"(432, 0)",110.363832351,0.0
"(432, 1)",90.358263573700015,0.0
"(432, 2)",49.589666466499999,0.0
"(432, 3)",110.363832351,0.0
"(432, 4)",90.358263573700015,0.0
"(434, 0)",33.059777644299999,0.0
"(434, 1)",27.067056647299999,0.0
"(434, 3)",33.059777644299999,0.0
"(434, 4)",27.067056647299999,0.0
"(435, 0)",66.119555288599997,0.0
"(435, 1)",54.134113294599999,0.0
"(435, 3)",66.119555288599997,0.0
"(435, 4)",54.134113294599999,0.0
"(437, 0)",54.134113294599999,0.0
"(437, 1)",44.321263344899997,0.0
"(437, 3)",54.134113294599999,0.0
"(438, 0)",54.134113294599999,0.0
"(438, 1)",44.321263344899997,0.0
"(440, 0)",120.47768476500001,0.0
"(440, 1)",98.6387855766,0.0
"(440, 2)",54.134113294599999,0.0
"(440, 3)",120.47768476500001,0.0
"(442, 2)",40.600584970999996,0.0
"(442, 3)",90.358263573700015,0.0
"(442, 4)",90.358263573700015,0.0
"(442, 6)",90.358263573700015,0.0
"(444, 0)",134.79868923500001,0.0
"(444, 1)",90.358263573700015,0.0
"(444, 2)",64.429993151800005,0.0
"(444, 4)",125.839241711,0.0
"(444, 6)",125.839241711,0.0
"(445, 0)",60.5689553984,0.0
"(445, 1)",49.589666466499999,0.0
"(445, 3)",64.429993151800005,0.0
"(445, 4)",56.543216123400001,0.0
"(445, 6)",56.543216123400001,0.0
"(447, 0)",60.5689553984,0.0
"(447, 1)",90.190251437499995,0.0
"(447, 3)",60.5689553984,0.0
"(447, 4)",99.179332932999998,0.0
"(447, 6)",99.179332932999998,0.0
"(449, 0)",60.238842382399994,0.0
"(449, 1)",49.3193927883,0.0
"(449, 2)",27.067056647299999,0.0
"(449, 3)",60.238842382399994,0.0
"(450, 0)",147.151776469,0.0
"(450, 1)",120.47768476500001,0.0
"(450, 2)",132.23911057700002,0.0
"(450, 3)",147.151776469,0.0
"(450, 6)",120.47768476500001,0.0
"(452, 0)",89.8657928234,0.0
"(452, 2)",40.379303598900002,0.0
"(452, 3)",89.8657928234,0.0
"(452, 5)",60.238842382399994,0.0
"(452, 6)",89.8657928234,0.0
"(454, 0)",16.5298888222,0.0
"(454, 1)",13.533528323699999,0.0
"(454, 3)",16.5298888222,0.0
"(454, 4)",13.533528323699999,0.0
"(456, 2)",104.95640890799999,0.0
"(456, 3)",167.15037465200001,0.0
"(456, 4)",134.79868923500001,0.0
"(456, 5)",90.358263573700015,0.0
"(456, 6)",164.64349082799998,0.0
"(458, 0)",54.134113294599999,0.0
"(458, 1)",44.321263344899997,0.0
"(463, 2)",73.979089182500005,0.0
"(463, 3)",160.92279914100001,0.0
"(463, 4)",144.74695643299998,0.0
"(463, 5)",90.358263573700015,0.0
"(463, 6)",164.64349082799998,0.0
"(465, 0)",16.5298888222,0.0
"(465, 1)",13.533528323699999,0.0
"(465, 3)",16.5298888222,0.0
"(465, 4)",13.533528323699999,0.0
"(466, 0)",13.533528323699999,0.0
"(466, 1)",11.080315836199999,0.0
"(466, 3)",13.533528323699999,0.0
"(467, 0)",13.533528323699999,0.0
"(467, 1)",11.080315836199999,0.0
"(478, 0)",66.119555288599997,0.0
"(478, 1)",54.134113294599999,0.0
"(478, 3)",66.119555288599997,0.0
"(478, 4)",54.134113294599999,0.0
"(479, 0)",134.79868923500001,0.0
"(479, 1)",90.358263573700015,0.0
"(479, 2)",60.5689553984,0.0
"(479, 4)",131.540708317,0.0
"(479, 6)",131.540708317,0.0
"(480, 0)",90.358263573700015,0.0
"(480, 2)",49.589666466499999,0.0
"(480, 4)",90.358263573700015,0.0
"(480, 6)",90.358263573700015,0.0
"(482, 0)",40.600584970999996,0.0
"(482, 3)",49.589666466499999,0.0
"(482, 4)",40.600584970999996,0.0
"(482, 6)",40.600584970999996,0.0
"(485, 0)",60.5689553984,0.0
"(485, 1)",49.589666466499999,0.0
"(485, 3)",60.5689553984,0.0
"(485, 4)",59.1050502075,0.0
"(485, 6)",59.1050502075,0.0
"(487, 0)",110.363832351,0.0
"(487, 1)",90.358263573700015,0.0
"(487, 2)",99.179332932999998,0.0
"(487, 3)",110.363832351,0.0
"(487, 4)",90.358263573700015,0.0
"(488, 0)",90.358263573700015,0.0
"(488, 1)",73.979089182500005,0.0
"(488, 2)",81.201169941999993,0.0
"(488, 3)",90.358263573700015,0.0
"(499, 4)",100.94825899700001,0.0
"(499, 5)",67.667641618299996,0.0
"(499, 6)",100.94825899700001,0.0
"(501, 0)",73.979089182500005,0.0
"(501, 1)",60.5689553984,0.0
"(501, 3)",73.979089182500005,0.0
"(501, 5)",40.600584970999996,0.0
"(503, 0)",16.5298888222,0.0
"(503, 1)",13.533528323699999,0.0
"(503, 4)",13.533528323699999,0.0
"(506, 0)",179.731585647,0.0
"(506, 2)",80.758607197900005,0.0
"(506, 3)",179.731585647,0.0
"(506, 5)",120.47768476500001,0.0
"(506, 6)",179.731585647,0.0
"(514, 0)",16.5298888222,0.0
"(514, 1)",13.533528323699999,0.0
"(514, 3)",16.5298888222,0.0
"(514, 6)",13.533528323699999,0.0
"(515, 0)",16.5298888222,0.0
"(515, 1)",13.533528323699999,0.0
"(515, 6)",13.533528323699999,0.0
"(519, 0)",66.119555288599997,0.0
"(519, 1)",54.134113294599999,0.0
"(519, 4)",54.134113294599999,0.0
"(522, 0)",54.134113294599999,0.0
"(522, 1)",44.321263344899997,0.0
"(522, 3)",54.134113294599999,0.0
"(525, 0)",120.47768476500001,0.0
"(525, 1)",98.6387855766,0.0
"(525, 4)",98.6387855766,0.0
"(525, 5)",66.119555288599997,0.0
"(526, 0)",36.787944117100004,0.0
"(526, 1)",30.119421191199997,0.0
"(526, 2)",16.5298888222,0.0
"(526, 3)",36.787944117100004,0.0
"(526, 6)",30.119421191199997,0.0
"(529, 0)",49.589666466499999,0.0
"(529, 1)",40.600584970999996,0.0
"(529, 3)",49.589666466499999,0.0
"(529, 4)",40.600584970999996,0.0
"(530, 2)",73.979089182500005,0.0
"(530, 3)",163.64866410900001,0.0
"(530, 4)",163.64866410900001,0.0
"(530, 5)",90.358263573700015,0.0
"(530, 6)",164.64349082799998,0.0
"(533, 0)",110.363832351,0.0
"(533, 1)",90.358263573700015,0.0
"(533, 2)",49.589666466499999,0.0
"(533, 3)",110.363832351,0.0
"(533, 6)",90.358263573700015,0.0
"(534, 0)",90.358263573700015,0.0
"(534, 1)",73.979089182500005,0.0
"(534, 2)",40.600584970999996,0.0
"(534, 3)",90.358263573700015,0.0
"(535, 0)",49.589666466499999,0.0
"(535, 1)",40.600584970999996,0.0
"(535, 4)",40.600584970999996,0.0
"(537, 0)",147.151776469,0.0
"(537, 1)",120.47768476500001,0.0
"(537, 2)",66.119555288599997,0.0
"(537, 3)",147.151776469,0.0
"(537, 4)",120.47768476500001,0.0
"(542, 0)",90.358263573700015,0.0
"(542, 1)",73.979089182500005,0.0
"(542, 4)",73.979089182500005,0.0
"(542, 5)",49.589666466499999,0.0
"(548, 0)",98.6387855766,0.0
"(548, 1)",80.758607197900005,0.0
"(548, 5)",54.134113294599999,0.0
"(550, 0)",110.363832351,0.0
"(550, 1)",90.358263573700015,0.0
"(550, 2)",99.179332932999998,0.0
"(550, 3)",110.363832351,0.0
"(550, 6)",90.358263573700015,0.0
"(551, 0)",36.787944117100004,0.0
"(551, 1)",30.119421191199997,0.0
"(551, 2)",16.5298888222,0.0
"(551, 3)",36.787944117100004,0.0
"(551, 4)",30.119421191199997,0.0
"(556, 0)",73.57588823430001,0.0
"(556, 1)",60.238842382399994,0.0
"(556, 2)",33.059777644299999,0.0
"(556, 3)",73.57588823430001,0.0
"(556, 6)",60.238842382399994,0.0
"(557, 0)",100.94825899700001,0.0
"(557, 3)",100.94825899700001,0.0
"(557, 5)",55.401579181199999,0.0
"(557, 6)",82.649444110800005,0.0
"(559, 4)",80.758607197900005,0.0
"(559, 5)",54.134113294599999,0.0
"(559, 6)",80.758607197900005,0.0
"(563, 0)",66.119555288599997,0.0
"(563, 1)",54.134113294599999,0.0
"(563, 4)",54.134113294599999,0.0
"(571, 1)",134.79868923500001,0.0
"(571, 2)",90.358263573700015,0.0
"(571, 4)",164.64349082799998,0.0
"(571, 5)",134.79868923500001,0.0
"(571, 6)",164.64349082799998,0.0
"(572, 1)",134.79868923500001,0.0
"(572, 2)",90.358263573700015,0.0
"(572, 4)",164.64349082799998,0.0
"(572, 5)",110.363832351,0.0
"(579, 1)",100.94825899700001,0.0
"(579, 4)",123.298481971,0.0
"(579, 5)",100.94825899700001,0.0
"(579, 6)",150.59710595600001,0.0
"(582, 1)",80.758607197900005,0.0
"(582, 4)",98.6387855766,0.0
"(582, 5)",80.758607197900005,0.0
"(582, 6)",120.47768476500001,0.0
"(584, 2)",20.189651799500002,0.0
"(584, 4)",36.787944117100004,0.0
"(584, 5)",30.119421191199997,0.0
"(584, 6)",44.9328964117,0.0
"(586, 0)",164.64349082799998,0.0
"(586, 2)",88.174373654899995,0.0
"(586, 4)",160.66418394900001,0.0
"(586, 5)",90.358263573700015,0.0
"(586, 6)",164.64349082799998,0.0
"(590, 1)",110.363832351,0.0
"(590, 2)",73.979089182500005,0.0
"(590, 5)",110.363832351,0.0
"(590, 6)",164.64349082799998,0.0
"(592, 1)",49.589666466499999,0.0
"(592, 5)",49.589666466499999,0.0
"(592, 6)",73.979089182500005,0.0
"(593, 0)",164.64349082799998,0.0
"(593, 2)",85.634277924599999,0.0
"(593, 4)",144.74695643299998,0.0
"(593, 5)",90.358263573700015,0.0
"(593, 6)",164.64349082799998,0.0
"(594, 4)",66.119555288599997,0.0
"(594, 5)",54.134113294599999,0.0
"(594, 6)",80.758607197900005,0.0
"(595, 2)",73.979089182500005,0.0
"(595, 3)",160.66418394900001,0.0
"(595, 4)",160.66418394900001,0.0
"(595, 5)",90.358263573700015,0.0
"(595, 6)",164.64349082799998,0.0
"(600, 4)",82.649444110800005,0.0
"(600, 5)",67.667641618299996,0.0
"(600, 6)",100.94825899700001,0.0
"(601, 5)",55.401579181199999,0.0
"(601, 6)",82.649444110800005,0.0
"(606, 1)",80.758607197900005,0.0
"(606, 4)",98.6387855766,0.0
"(606, 5)",80.758607197900005,0.0
"(606, 6)",120.47768476500001,0.0
"(607, 1)",82.649444110800005,0.0
"(607, 5)",82.649444110800005,0.0
"(607, 6)",123.298481971,0.0
"(608, 0)",219.524654438,0.0
"(608, 1)",179.731585647,0.0
"(608, 2)",98.6387855766,0.0
"(608, 3)",219.524654438,0.0
"(608, 5)",120.47768476500001,0.0
"(611, 0)",30.119421191199997,0.0
"(611, 1)",24.659696394200001,0.0
"(611, 2)",13.533528323699999,0.0
"(611, 3)",30.119421191199997,0.0
"(612, 2)",49.589666466499999,0.0
"(612, 5)",73.979089182500005,0.0
"(612, 6)",110.363832351,0.0
"(613, 5)",33.240947508699996,0.0
"(613, 6)",49.589666466499999,0.0
"(615, 0)",98.6387855766,0.0
"(615, 1)",80.758607197900005,0.0
"(615, 3)",98.6387855766,0.0
"(615, 5)",54.134113294599999,0.0
"(616, 1)",80.758607197900005,0.0
"(616, 5)",66.119555288599997,0.0
"(616, 6)",98.6387855766,0.0
"(623, 1)",160.66418394900001,0.0
"(623, 2)",107.696423181,0.0
"(623, 4)",196.23567741299999,0.0
"(623, 5)",134.79868923500001,0.0
"(623, 6)",164.64349082799998,0.0
"(624, 1)",40.379303598900002,0.0
"(624, 4)",49.3193927883,0.0
"(624, 5)",40.379303598900002,0.0
"(624, 6)",60.238842382399994,0.0
"(627, 0)",20.189651799500002,0.0
"(627, 1)",16.5298888222,0.0
"(627, 4)",16.5298888222,0.0
"(627, 6)",16.5298888222,0.0
"(629, 0)",180.71652714699999,0.0
"(629, 1)",164.64349082799998,0.0
"(629, 3)",180.71652714699999,0.0
"(629, 4)",196.23567741299999,0.0
"(629, 5)",131.540708317,0.0
"(631, 0)",164.64349082799998,0.0
"(631, 1)",164.64349082799998,0.0
"(631, 2)",180.71652714699999,0.0
"(631, 3)",164.64349082799998,0.0
"(631, 4)",164.64349082799998,0.0
"(631, 5)",110.363832351,0.0
"(635, 2)",40.379303598900002,0.0
"(635, 4)",73.57588823430001,0.0
"(635, 5)",60.238842382399994,0.0
"(635, 6)",89.8657928234,0.0
"(637, 0)",73.979089182500005,0.0
"(637, 3)",88.174373654899995,0.0
"(637, 4)",72.191071344600005,0.0
"(637, 5)",49.589666466499999,0.0
"(637, 6)",73.979089182500005,0.0
"(639, 4)",33.059777644299999,0.0
"(639, 5)",27.067056647299999,0.0
"(639, 6)",40.379303598900002,0.0
"(646, 5)",44.321263344899997,0.0
"(646, 6)",66.119555288599997,0.0
"(650, 0)",40.379303598900002,0.0
"(650, 4)",40.379303598900002,0.0
"(650, 5)",33.059777644299999,0.0
"(650, 6)",49.3193927883,0.0
"(651, 1)",134.79868923500001,0.0
"(651, 2)",90.358263573700015,0.0
"(651, 4)",164.64349082799998,0.0
"(651, 5)",110.363832351,0.0
"(652, 0)",80.758607197900005,0.0
"(652, 1)",66.119555288599997,0.0
"(652, 4)",66.119555288599997,0.0
"(652, 6)",66.119555288599997,0.0
"(654, 0)",73.979089182500005,0.0
"(654, 3)",85.634277924599999,0.0
"(654, 4)",65.038999993100006,0.0
"(654, 5)",49.589666466499999,0.0
"(654, 6)",73.979089182500005,0.0
"(656, 1)",90.358263573700015,0.0
"(656, 2)",99.179332932999998,0.0
"(656, 3)",134.79868923500001,0.0
"(656, 4)",110.363832351,0.0
"(656, 6)",110.363832351,0.0
"(657, 0)",179.731585647,0.0
"(657, 2)",80.758607197900005,0.0
"(657, 3)",179.731585647,0.0
"(657, 5)",98.6387855766,0.0
"(657, 6)",147.151776469,0.0
"(660, 3)",40.600584970999996,0.0
"(660, 4)",40.600584970999996,0.0
"(660, 6)",40.600584970999996,0.0
"(662, 0)",164.64349082799998,0.0
"(662, 2)",89.812291094000003,0.0
"(662, 4)",163.64866410900001,0.0
"(662, 5)",90.358263573700015,0.0
"(662, 6)",164.64349082799998,0.0
"(663, 0)",73.979089182500005,0.0
"(663, 3)",89.812291094000003,0.0
"(663, 4)",73.532084722999997,0.0
"(663, 5)",49.589666466499999,0.0
"(663, 6)",73.979089182500005,0.0
"(670, 0)",73.57588823430001,0.0
"(670, 1)",60.238842382399994,0.0
"(670, 2)",33.059777644299999,0.0
"(670, 3)",73.57588823430001,0.0
"(670, 4)",60.238842382399994,0.0
"(671, 0)",33.059777644299999,0.0
"(671, 1)",27.067056647299999,0.0
"(671, 3)",33.059777644299999,0.0
"(671, 4)",27.067056647299999,0.0
"(672, 2)",40.600584970999996,0.0
"(672, 3)",90.358263573700015,0.0
"(672, 4)",90.358263573700015,0.0
"(672, 6)",90.358263573700015,0.0
"(675, 2)",100.94825899700001,0.0
"(675, 3)",224.66448205900002,0.0
"(675, 5)",123.298481971,0.0
"(675, 6)",183.93972058599999,0.0
"(676, 0)",100.94825899700001,0.0
"(676, 3)",100.94825899700001,0.0
"(676, 5)",67.667641618299996,0.0
"(676, 6)",100.94825899700001,0.0
"(677, 0)",224.66448205900002,0.0
"(677, 2)",100.94825899700001,0.0
"(677, 3)",224.66448205900002,0.0
"(677, 5)",150.59710595600001,0.0
"(677, 6)",224.66448205900002,0.0
"(679, 1)",163.64866410900001,0.0
"(679, 2)",109.696980059,0.0
"(679, 4)",199.88092971099999,0.0
"(679, 5)",134.79868923500001,0.0
"(679, 6)",164.64349082799998,0.0
"(680, 0)",40.600584970999996,0.0
"(680, 3)",49.589666466499999,0.0
"(680, 4)",40.600584970999996,0.0
"(680, 6)",40.600584970999996,0.0
"(684, 0)",90.358263573700015,0.0
"(684, 2)",49.589666466499999,0.0
"(684, 4)",90.358263573700015,0.0
"(684, 6)",90.358263573700015,0.0
"(690, 1)",183.93972058599999,0.0
"(690, 2)",123.298481971,0.0
"(690, 5)",183.93972058599999,0.0
"(690, 6)",274.40581804700003,0.0
"(691, 2)",82.649444110800005,0.0
"(691, 5)",123.298481971,0.0
"(691, 6)",183.93972058599999,0.0
"(703, 0)",134.79868923500001,0.0
"(703, 1)",90.358263573700015,0.0
"(703, 2)",99.179332932999998,0.0
"(703, 4)",110.363832351,0.0
"(703, 6)",110.363832351,0.0
"(709, 2)",80.758607197900005,0.0
"(709, 4)",147.151776469,0.0
"(709, 5)",120.47768476500001,0.0
"(709, 6)",179.731585647,0.0
"(714, 0)",183.93972058599999,0.0
"(714, 1)",150.59710595600001,0.0
"(714, 2)",82.649444110800005,0.0
"(714, 3)",183.93972058599999,0.0
"(714, 6)",150.59710595600001,0.0
"(715, 0)",82.649444110800005,0.0
"(715, 1)",67.667641618299996,0.0
"(715, 3)",82.649444110800005,0.0
"(715, 6)",67.667641618299996,0.0
"(716, 0)",82.649444110800005,0.0
"(716, 1)",67.667641618299996,0.0
"(716, 6)",67.667641618299996,0.0
"(717, 1)",66.119555288599997,0.0
"(717, 5)",66.119555288599997,0.0
"(717, 6)",98.6387855766,0.0
"(721, 0)",183.93972058599999,0.0
"(721, 1)",150.59710595600001,0.0
"(721, 2)",165.29888822200002,0.0
"(721, 3)",183.93972058599999,0.0
"(721, 6)",150.59710595600001,0.0
"(724, 0)",67.667641618299996,0.0
"(724, 1)",55.401579181199999,0.0
"(724, 3)",67.667641618299996,0.0
"(725, 0)",67.667641618299996,0.0
"(725, 1)",55.401579181199999,0.0
"(727, 2)",66.119555288599997,0.0
"(727, 5)",98.6387855766,0.0
"(727, 6)",147.151776469,0.0
"(730, 1)",134.79868923500001,0.0
"(730, 2)",90.358263573700015,0.0
"(730, 4)",164.64349082799998,0.0
"(730, 5)",110.363832351,0.0
"(731, 0)",150.59710595600001,0.0
"(731, 1)",123.298481971,0.0
"(731, 2)",135.335283237,0.0
"(731, 3)",150.59710595600001,0.0
"(733, 0)",80.758607197900005,0.0
"(733, 4)",80.758607197900005,0.0
"(733, 5)",66.119555288599997,0.0
"(733, 6)",98.6387855766,0.0
"(743, 1)",144.74695643299998,0.0
"(743, 2)",97.026786499500005,0.0
"(743, 4)",176.794331822,0.0
"(743, 5)",134.79868923500001,0.0
"(743, 6)",164.64349082799998,0.0
"(744, 0)",183.93972058599999,0.0
"(744, 1)",150.59710595600001,0.0
"(744, 2)",82.649444110800005,0.0
"(744, 3)",183.93972058599999,0.0
"(744, 4)",150.59710595600001,0.0
"(745, 0)",82.649444110800005,0.0
"(745, 1)",67.667641618299996,0.0
"(745, 3)",82.649444110800005,0.0
"(745, 4)",67.667641618299996,0.0
"(750, 1)",60.5689553984,0.0
"(750, 4)",73.979089182500005,0.0
"(750, 5)",60.5689553984,0.0
"(750, 6)",90.358263573700015,0.0
"(751, 0)",82.649444110800005,0.0
"(751, 1)",67.667641618299996,0.0
"(751, 4)",67.667641618299996,0.0
"(754, 2)",80.758607197900005,0.0
"(754, 4)",179.731585647,0.0
"(754, 5)",120.47768476500001,0.0
"(754, 6)",179.731585647,0.0
"(758, 0)",99.179332932999998,0.0
"(758, 1)",49.589666466499999,0.0
"(758, 3)",76.013106412200003,0.0
"(758, 4)",49.589666466499999,0.0
"(758, 6)",49.589666466499999,0.0
"(759, 0)",40.600584970999996,0.0
"(759, 3)",49.589666466499999,0.0
"(759, 4)",40.600584970999996,0.0
"(759, 6)",40.600584970999996,0.0
"(760, 0)",90.358263573700015,0.0
"(760, 2)",49.589666466499999,0.0
"(760, 4)",90.358263573700015,0.0
"(760, 6)",90.358263573700015,0.0
"(766, 0)",183.93972058599999,0.0
"(766, 1)",150.59710595600001,0.0
"(766, 2)",165.29888822200002,0.0
"(766, 3)",183.93972058599999,0.0
"(766, 4)",150.59710595600001,0.0
"(771, 0)",150.59710595600001,0.0
"(771, 1)",123.298481971,0.0
"(771, 2)",67.667641618299996,0.0
"(771, 3)",150.59710595600001,0.0
"(775, 0)",180.71652714699999,0.0
"(775, 1)",164.64349082799998,0.0
"(775, 3)",180.71652714699999,0.0
"(775, 4)",199.88092971099999,0.0
"(775, 5)",133.984194006,0.0
"(776, 0)",164.64349082799998,0.0
"(776, 1)",164.64349082799998,0.0
"(776, 2)",180.71652714699999,0.0
"(776, 3)",164.64349082799998,0.0
"(776, 4)",164.64349082799998,0.0
"(776, 5)",110.363832351,0.0
"(778, 0)",274.40581804700003,0.0
"(778, 1)",224.66448205900002,0.0
"(778, 2)",246.596963942,0.0
"(778, 3)",274.40581804700003,0.0
"(778, 5)",150.59710595600001,0.0
"(779, 0)",150.59710595600001,0.0
"(779, 1)",123.298481971,0.0
"(779, 2)",135.335283237,0.0
"(779, 3)",150.59710595600001,0.0
"(782, 4)",49.589666466499999,0.0
"(782, 5)",40.600584970999996,0.0
"(782, 6)",60.5689553984,0.0
"(787, 2)",100.94825899700001,0.0
"(787, 4)",183.93972058599999,0.0
"(787, 5)",150.59710595600001,0.0
"(787, 6)",224.66448205900002,0.0
"(794, 2)",60.5689553984,0.0
"(794, 4)",110.363832351,0.0
"(794, 5)",90.358263573700015,0.0
"(794, 6)",134.79868923500001,0.0
"(807, 0)",100.94825899700001,0.0
"(807, 1)",82.649444110800005,0.0
"(807, 4)",82.649444110800005,0.0
"(807, 6)",82.649444110800005,0.0
"(813, 2)",100.94825899700001,0.0
"(813, 4)",224.66448205900002,0.0
"(813, 5)",150.59710595600001,0.0
"(813, 6)",224.66448205900002,0.0
"(816, 1)",147.151776469,0.0
"(816, 2)",98.6387855766,0.0
"(816, 5)",147.151776469,0.0
"(816, 6)",219.524654438,0.0
"(817, 0)",134.79868923500001,0.0
"(817, 1)",90.358263573700015,0.0
"(817, 2)",60.5689553984,0.0
"(817, 4)",133.984194006,0.0
"(817, 6)",133.984194006,0.0
"(823, 1)",80.758607197900005,0.0
"(823, 3)",98.6387855766,0.0
"(823, 5)",66.119555288599997,0.0
"(823, 6)",98.6387855766,0.0
"(833, 0)",60.5689553984,0.0
"(833, 1)",49.589666466499999,0.0
"(833, 3)",60.5689553984,0.0
"(833, 4)",60.202979100699999,0.0
"(833, 6)",60.202979100699999,0.0
"(841, 0)",150.59710595600001,0.0
"(841, 1)",123.298481971,0.0
"(841, 4)",123.298481971,0.0
"(841, 5)",82.649444110800005,0.0
"(842, 0)",82.649444110800005,0.0
"(842, 1)",67.667641618299996,0.0
"(842, 4)",67.667641618299996,0.0
"(844, 0)",67.667641618299996,0.0
"(844, 1)",55.401579181199999,0.0
"(845, 0)",123.298481971,0.0
"(845, 1)",100.94825899700001,0.0
"(845, 5)",67.667641618299996,0.0
"(846, 0)",183.93972058599999,0.0
"(846, 1)",150.59710595600001,0.0
"(846, 2)",165.29888822200002,0.0
"(846, 3)",183.93972058599999,0.0
"(846, 4)",150.59710595600001,0.0
"(847, 1)",104.95640890799999,0.0
"(847, 3)",96.1975217074,0.0
"(847, 4)",73.979089182500005,0.0
"(847, 5)",60.5689553984,0.0
"(847, 6)",90.358263573700015,0.0
"(848, 1)",40.600584970999996,0.0
"(848, 3)",60.5689553984,0.0
"(848, 4)",49.589666466499999,0.0
"(848, 6)",49.589666466499999,0.0
"(853, 1)",100.94825899700001,0.0
"(853, 3)",123.298481971,0.0
"(853, 5)",82.649444110800005,0.0
"(853, 6)",123.298481971,0.0
"(854, 1)",100.94825899700001,0.0
"(854, 5)",82.649444110800005,0.0
"(854, 6)",123.298481971,0.0
"(860, 1)",100.94825899700001,0.0
"(860, 4)",123.298481971,0.0
"(860, 5)",100.94825899700001,0.0
"(860, 6)",150.59710595600001,0.0
