,0,1,2,3,4,5,6
0,491.238451847,491.238451847,0.0,0.0,0.0,472.983934881,491.238451847
1,0.0,491.09004114,491.238451847,491.238451847,0.0,472.983934881,491.238451847
2,0.0,201.096013811,0.0,201.096013811,229.294048149,201.096013811,245.619225923
3,0.0,134.064009207,0.0,0.0,134.064009207,134.064009207,134.064009207
4,0.0,0.0,0.0,0.0,0.0,0.0,0.0
5,0.0,0.0,0.0,0.0,0.0,0.0,0.0
6,245.619225923,0.0,201.096013811,0.0,245.619225923,201.096013811,245.619225923
7,0.0,0.0,201.096013811,201.096013811,239.682797642,201.096013811,245.619225923
8,0.0,0.0,0.0,0.0,0.0,0.0,0.0
9,0.0,0.0,0.0,0.0,109.762327219,109.762327219,134.064009207
10,0.0,0.0,0.0,0.0,0.0,109.762327219,109.762327219
11,0.0,0.0,0.0,0.0,0.0,0.0,0.0
12,201.096013811,0.0,0.0,201.096013811,201.096013811,201.096013811,201.096013811
13,67.0320046036,0.0,0.0,67.0320046036,0.0,67.0320046036,67.0320046036
14,0.0,0.0,0.0,0.0,0.0,0.0,0.0
15,245.619225923,245.619225923,0.0,245.619225923,245.619225923,244.135118853,0.0
16,0.0,0.0,0.0,0.0,0.0,0.0,0.0
17,0.0,0.0,0.0,0.0,0.0,0.0,0.0
18,0.0,0.0,0.0,0.0,0.0,0.0,0.0
19,0.0,0.0,0.0,0.0,0.0,0.0,0.0
20,0.0,0.0,0.0,0.0,0.0,0.0,0.0
21,0.0,0.0,0.0,0.0,0.0,0.0,0.0
22,0.0,0.0,201.096013811,201.096013811,229.294048149,201.096013811,245.619225923
23,0.0,0.0,134.064009207,0.0,134.064009207,134.064009207,134.064009207
24,0.0,0.0,0.0,0.0,0.0,0.0,0.0
25,134.064009207,0.0,0.0,0.0,134.064009207,109.762327219,134.064009207
26,109.762327219,0.0,0.0,0.0,0.0,109.762327219,134.064009207
27,0.0,0.0,0.0,0.0,0.0,0.0,0.0
28,0.0,164.643490828,0.0,201.096013811,201.096013811,0.0,201.096013811
29,0.0,0.0,0.0,164.643490828,164.643490828,0.0,164.643490828
30,0.0,0.0,0.0,0.0,0.0,0.0,0.0
31,0.0,0.0,0.0,0.0,0.0,0.0,0.0
32,134.064009207,0.0,134.064009207,134.064009207,0.0,134.064009207,163.746150616
33,134.064009207,0.0,0.0,134.064009207,0.0,134.064009207,134.064009207
34,0.0,0.0,0.0,0.0,0.0,0.0,0.0
35,0.0,0.0,0.0,109.762327219,0.0,109.762327219,134.064009207
36,0.0,0.0,0.0,0.0,0.0,0.0,0.0
37,0.0,245.619225923,245.619225923,245.619225923,245.619225923,244.135118853,0.0
38,0.0,0.0,0.0,0.0,0.0,0.0,0.0
39,0.0,0.0,0.0,0.0,0.0,0.0,0.0
40,0.0,0.0,0.0,201.096013811,201.096013811,164.643490828,201.096013811
41,0.0,0.0,0.0,0.0,0.0,0.0,0.0
42,0.0,0.0,0.0,164.643490828,164.643490828,0.0,164.643490828
43,0.0,0.0,0.0,0.0,0.0,0.0,0.0
44,0.0,0.0,0.0,0.0,0.0,0.0,0.0
45,0.0,0.0,0.0,0.0,0.0,0.0,0.0
46,0.0,134.064009207,0.0,134.064009207,0.0,134.064009207,134.064009207
47,0.0,109.762327219,0.0,0.0,0.0,134.064009207,134.064009207
48,0.0,0.0,0.0,0.0,0.0,0.0,0.0
49,0.0,0.0,0.0,0.0,0.0,0.0,0.0
50,0.0,0.0,0.0,0.0,0.0,0.0,0.0
51,0.0,0.0,0.0,0.0,0.0,0.0,0.0
52,0.0,0.0,0.0,0.0,0.0,0.0,0.0
53,0.0,245.619225923,245.619225923,245.619225923,245.619225923,215.937084515,0.0
54,0.0,201.096013811,201.096013811,201.096013811,201.096013811,0.0,0.0
55,0.0,0.0,0.0,0.0,0.0,0.0,0.0
56,0.0,0.0,0.0,0.0,0.0,0.0,0.0
57,0.0,0.0,0.0,0.0,0.0,0.0,0.0
58,0.0,0.0,0.0,0.0,0.0,0.0,0.0
59,0.0,0.0,67.0320046036,67.0320046036,0.0,67.0320046036,67.0320046036
60,0.0,0.0,0.0,54.8811636094,0.0,54.8811636094,67.0320046036
61,0.0,0.0,0.0,0.0,0.0,54.8811636094,54.8811636094
62,0.0,0.0,0.0,0.0,0.0,0.0,0.0
63,0.0,0.0,0.0,0.0,0.0,0.0,0.0
64,134.064009207,0.0,134.064009207,0.0,0.0,134.064009207,134.064009207
65,0.0,0.0,0.0,0.0,0.0,0.0,0.0
66,0.0,0.0,0.0,0.0,0.0,0.0,0.0
67,0.0,0.0,0.0,0.0,0.0,0.0,0.0
68,0.0,0.0,0.0,0.0,0.0,0.0,0.0
69,0.0,0.0,54.8811636094,0.0,0.0,67.0320046036,67.0320046036
70,0.0,0.0,0.0,0.0,0.0,0.0,0.0
71,0.0,245.619225923,245.619225923,245.619225923,245.619225923,239.682797642,0.0
72,0.0,0.0,0.0,0.0,0.0,0.0,0.0
73,0.0,0.0,0.0,0.0,0.0,0.0,0.0
74,0.0,201.096013811,0.0,201.096013811,239.682797642,201.096013811,245.619225923
75,0.0,0.0,0.0,0.0,0.0,0.0,0.0
76,0.0,0.0,0.0,0.0,0.0,0.0,0.0
77,0.0,0.0,0.0,0.0,0.0,0.0,0.0
78,0.0,201.096013811,201.096013811,0.0,245.619225923,201.096013811,0.0
79,0.0,0.0,0.0,0.0,0.0,0.0,0.0
80,0.0,201.096013811,201.096013811,0.0,245.619225923,201.096013811,0.0
81,0.0,0.0,0.0,0.0,0.0,0.0,0.0
82,0.0,0.0,0.0,0.0,0.0,0.0,0.0
83,0.0,0.0,0.0,201.096013811,201.096013811,164.643490828,201.096013811
84,0.0,0.0,0.0,0.0,0.0,0.0,0.0
85,0.0,0.0,0.0,0.0,0.0,0.0,0.0
86,0.0,0.0,0.0,0.0,0.0,0.0,0.0
87,0.0,0.0,0.0,0.0,0.0,0.0,0.0
88,0.0,0.0,0.0,0.0,0.0,0.0,0.0
89,0.0,0.0,0.0,0.0,0.0,0.0,0.0
90,0.0,67.0320046036,0.0,0.0,67.0320046036,67.0320046036,67.0320046036
91,0.0,54.8811636094,0.0,0.0,0.0,67.0320046036,67.0320046036
92,0.0,0.0,0.0,0.0,0.0,0.0,0.0
93,0.0,0.0,0.0,0.0,0.0,0.0,0.0
94,0.0,0.0,0.0,0.0,0.0,0.0,0.0
95,245.619225923,245.619225923,0.0,245.619225923,245.619225923,239.682797642,0.0
96,0.0,0.0,0.0,0.0,0.0,0.0,0.0
97,0.0,201.096013811,201.096013811,201.096013811,0.0,0.0,0.0
98,0.0,0.0,0.0,0.0,0.0,0.0,0.0
99,0.0,0.0,0.0,0.0,0.0,0.0,0.0
100,0.0,0.0,0.0,0.0,0.0,0.0,0.0
101,0.0,0.0,0.0,0.0,0.0,0.0,0.0
102,0.0,0.0,0.0,0.0,0.0,0.0,0.0
103,0.0,0.0,134.064009207,134.064009207,0.0,134.064009207,134.064009207
104,0.0,0.0,0.0,0.0,0.0,0.0,0.0
105,0.0,0.0,0.0,0.0,0.0,0.0,0.0
106,0.0,0.0,0.0,0.0,0.0,0.0,0.0
107,0.0,0.0,0.0,0.0,0.0,0.0,0.0
108,0.0,0.0,0.0,0.0,0.0,0.0,0.0
109,201.096013811,0.0,201.096013811,0.0,201.096013811,0.0,201.096013811
110,0.0,0.0,0.0,0.0,0.0,0.0,0.0
111,0.0,0.0,0.0,0.0,0.0,0.0,0.0
112,0.0,201.096013811,201.096013811,201.096013811,215.937084515,0.0,215.937084515
113,0.0,164.643490828,0.0,201.096013811,201.096013811,0.0,201.096013811
114,0.0,0.0,0.0,0.0,0.0,0.0,0.0
115,0.0,0.0,0.0,0.0,0.0,0.0,0.0
116,0.0,0.0,0.0,0.0,0.0,0.0,0.0
117,0.0,0.0,0.0,0.0,0.0,0.0,0.0
118,0.0,0.0,0.0,0.0,0.0,0.0,0.0
119,0.0,0.0,201.096013811,201.096013811,201.096013811,201.096013811,245.619225923
120,0.0,0.0,201.096013811,0.0,201.096013811,201.096013811,201.096013811
121,0.0,0.0,0.0,0.0,0.0,0.0,0.0
122,0.0,0.0,0.0,0.0,0.0,0.0,0.0
123,0.0,0.0,0.0,0.0,0.0,0.0,0.0
124,0.0,268.128018414,268.128018414,268.128018414,268.128018414,0.0,0.0
125,0.0,0.0,0.0,0.0,0.0,0.0,0.0
126,0.0,0.0,0.0,0.0,164.643490828,164.643490828,201.096013811
127,0.0,0.0,0.0,0.0,0.0,0.0,0.0
128,0.0,0.0,0.0,0.0,0.0,0.0,0.0
129,245.619225923,201.096013811,201.096013811,0.0,245.619225923,201.096013811,0.0
130,0.0,0.0,0.0,0.0,0.0,0.0,0.0
131,0.0,0.0,0.0,0.0,0.0,0.0,0.0
132,0.0,0.0,0.0,0.0,0.0,0.0,0.0
133,0.0,0.0,0.0,0.0,0.0,0.0,0.0
134,0.0,0.0,0.0,0.0,0.0,0.0,0.0
135,0.0,0.0,0.0,0.0,0.0,0.0,0.0
136,0.0,0.0,0.0,0.0,0.0,0.0,0.0
137,0.0,0.0,164.643490828,201.096013811,201.096013811,0.0,201.096013811
138,0.0,0.0,0.0,164.643490828,164.643490828,0.0,164.643490828
139,0.0,0.0,0.0,0.0,0.0,0.0,0.0
140,0.0,0.0,0.0,0.0,0.0,0.0,0.0
141,0.0,0.0,0.0,0.0,0.0,0.0,0.0
142,0.0,0.0,109.762327219,0.0,0.0,134.064009207,134.064009207
143,0.0,0.0,0.0,0.0,0.0,0.0,0.0
144,0.0,0.0,0.0,0.0,0.0,0.0,0.0
145,0.0,0.0,0.0,0.0,0.0,0.0,0.0
146,0.0,0.0,0.0,0.0,0.0,0.0,0.0
147,0.0,0.0,0.0,0.0,0.0,0.0,0.0
148,0.0,0.0,0.0,0.0,0.0,0.0,0.0
149,0.0,0.0,0.0,0.0,0.0,0.0,0.0
150,0.0,0.0,0.0,0.0,0.0,0.0,0.0
151,0.0,0.0,0.0,0.0,0.0,0.0,0.0
152,67.0320046036,67.0320046036,67.0320046036,0.0,67.0320046036,0.0,0.0
153,67.0320046036,54.8811636094,0.0,0.0,54.8811636094,0.0,0.0
154,54.8811636094,54.8811636094,0.0,0.0,0.0,0.0,0.0
155,0.0,0.0,0.0,0.0,0.0,0.0,0.0
156,164.643490828,0.0,0.0,164.643490828,201.096013811,0.0,201.096013811
157,0.0,0.0,0.0,0.0,0.0,0.0,0.0
158,0.0,0.0,0.0,0.0,0.0,0.0,0.0
159,0.0,0.0,0.0,0.0,0.0,0.0,0.0
160,54.8811636094,0.0,0.0,0.0,0.0,54.8811636094,67.0320046036
161,0.0,0.0,0.0,0.0,0.0,0.0,0.0
162,0.0,201.096013811,201.096013811,201.096013811,201.096013811,0.0,201.096013811
163,0.0,0.0,164.643490828,201.096013811,201.096013811,0.0,201.096013811
164,0.0,0.0,0.0,0.0,0.0,0.0,0.0
165,0.0,0.0,268.128018414,0.0,268.128018414,268.128018414,268.128018414
166,0.0,0.0,0.0,0.0,0.0,0.0,0.0
167,0.0,0.0,0.0,0.0,0.0,0.0,0.0
168,0.0,0.0,219.524654438,0.0,0.0,268.128018414,268.128018414
169,0.0,0.0,0.0,0.0,0.0,0.0,0.0
170,0.0,0.0,0.0,0.0,0.0,0.0,0.0
171,0.0,0.0,0.0,0.0,0.0,0.0,0.0
172,0.0,0.0,0.0,164.643490828,164.643490828,0.0,164.643490828
173,0.0,0.0,0.0,0.0,0.0,0.0,0.0
174,0.0,0.0,0.0,0.0,0.0,0.0,0.0
175,0.0,0.0,0.0,0.0,0.0,0.0,0.0
176,0.0,0.0,0.0,0.0,0.0,0.0,0.0
177,0.0,0.0,0.0,0.0,0.0,0.0,0.0
178,0.0,0.0,0.0,0.0,0.0,0.0,0.0
179,0.0,0.0,0.0,0.0,0.0,0.0,0.0
180,0.0,0.0,0.0,0.0,0.0,0.0,0.0
181,0.0,245.619225923,245.619225923,245.619225923,245.619225924,229.294048149,0.0
182,0.0,0.0,0.0,0.0,0.0,0.0,0.0
183,245.619225924,245.619225923,0.0,245.619225924,245.619225924,229.294048149,0.0
184,0.0,134.064009207,134.064009207,163.746150616,0.0,134.064009207,0.0
185,0.0,0.0,0.0,0.0,0.0,0.0,0.0
186,0.0,0.0,0.0,0.0,0.0,0.0,0.0
187,0.0,0.0,0.0,0.0,0.0,0.0,0.0
188,0.0,0.0,0.0,0.0,0.0,0.0,0.0
189,0.0,0.0,164.643490828,0.0,0.0,201.096013811,201.096013811
190,0.0,0.0,0.0,0.0,0.0,164.643490828,164.643490828
191,0.0,0.0,0.0,0.0,0.0,0.0,0.0
192,0.0,0.0,0.0,0.0,0.0,0.0,0.0
193,0.0,0.0,0.0,0.0,0.0,0.0,0.0
194,0.0,0.0,0.0,0.0,0.0,0.0,0.0
195,0.0,0.0,0.0,0.0,0.0,0.0,0.0
196,245.619225923,201.096013811,201.096013811,0.0,245.619225923,201.096013811,0.0
197,67.0320046036,67.0320046036,0.0,0.0,67.0320046036,67.0320046036,0.0
198,0.0,0.0,0.0,0.0,0.0,0.0,0.0
199,0.0,0.0,0.0,0.0,0.0,0.0,0.0
200,0.0,0.0,0.0,0.0,0.0,0.0,0.0
201,0.0,0.0,0.0,0.0,0.0,0.0,0.0
202,0.0,0.0,0.0,0.0,0.0,0.0,0.0
203,0.0,0.0,0.0,0.0,0.0,0.0,0.0
204,245.619225923,0.0,201.096013811,0.0,245.619225924,201.096013811,245.619225923
205,0.0,0.0,0.0,0.0,0.0,0.0,0.0
206,0.0,0.0,0.0,0.0,0.0,0.0,0.0
207,0.0,0.0,0.0,0.0,0.0,0.0,0.0
208,0.0,134.064009207,134.064009207,134.064009207,0.0,0.0,0.0
209,0.0,0.0,0.0,0.0,0.0,0.0,0.0
210,0.0,268.128018414,268.128018414,268.128018414,0.0,0.0,0.0
211,0.0,0.0,0.0,0.0,0.0,0.0,0.0
212,0.0,0.0,0.0,0.0,0.0,0.0,0.0
213,0.0,0.0,0.0,0.0,0.0,0.0,0.0
214,0.0,0.0,0.0,0.0,0.0,0.0,0.0
215,0.0,0.0,0.0,0.0,0.0,0.0,0.0
216,0.0,0.0,0.0,0.0,54.8811636094,54.8811636094,67.0320046036
217,0.0,0.0,0.0,0.0,0.0,0.0,0.0
218,0.0,0.0,0.0,0.0,0.0,0.0,0.0
219,0.0,0.0,0.0,0.0,0.0,0.0,0.0
220,0.0,0.0,0.0,0.0,0.0,0.0,0.0
221,0.0,0.0,0.0,0.0,0.0,0.0,0.0
222,0.0,0.0,0.0,0.0,0.0,0.0,0.0
223,0.0,0.0,0.0,0.0,0.0,0.0,0.0
224,0.0,0.0,0.0,0.0,0.0,0.0,0.0
225,67.0320046036,67.0320046036,0.0,0.0,0.0,54.8811636094,0.0
226,0.0,0.0,0.0,0.0,0.0,0.0,0.0
227,0.0,0.0,164.643490828,201.096013811,201.096013811,0.0,201.096013811
228,0.0,0.0,0.0,0.0,0.0,0.0,0.0
229,67.0320046036,67.0320046036,54.8811636094,0.0,0.0,0.0,0.0
230,0.0,0.0,0.0,0.0,0.0,0.0,0.0
231,0.0,0.0,0.0,0.0,0.0,0.0,0.0
232,0.0,0.0,0.0,0.0,0.0,0.0,0.0
233,0.0,0.0,0.0,0.0,0.0,0.0,0.0
234,0.0,0.0,0.0,0.0,0.0,0.0,0.0
235,0.0,0.0,0.0,0.0,0.0,0.0,0.0
236,0.0,201.096013811,201.096013811,201.096013811,201.096013811,0.0,0.0
237,0.0,0.0,0.0,0.0,0.0,0.0,0.0
238,0.0,0.0,0.0,0.0,0.0,0.0,0.0
239,0.0,0.0,164.643490828,201.096013811,201.096013811,0.0,201.096013811
240,0.0,0.0,0.0,0.0,0.0,0.0,0.0
241,0.0,0.0,0.0,0.0,0.0,0.0,0.0
242,0.0,0.0,0.0,0.0,0.0,0.0,0.0
243,0.0,67.0320046036,67.0320046036,67.0320046036,67.0320046036,0.0,0.0
244,0.0,0.0,0.0,0.0,0.0,0.0,0.0
245,0.0,0.0,0.0,0.0,0.0,0.0,0.0
246,0.0,0.0,0.0,0.0,0.0,0.0,0.0
247,0.0,0.0,0.0,0.0,0.0,0.0,0.0
248,0.0,0.0,0.0,0.0,0.0,0.0,0.0
249,0.0,0.0,0.0,0.0,0.0,0.0,0.0
250,0.0,0.0,0.0,0.0,0.0,0.0,0.0
251,0.0,0.0,0.0,0.0,0.0,0.0,0.0
252,0.0,0.0,0.0,0.0,0.0,0.0,0.0
253,0.0,0.0,0.0,0.0,0.0,0.0,0.0
254,0.0,0.0,0.0,0.0,0.0,0.0,0.0
255,0.0,0.0,0.0,0.0,0.0,0.0,0.0
256,0.0,0.0,0.0,0.0,0.0,0.0,0.0
257,0.0,0.0,0.0,0.0,0.0,0.0,0.0
258,0.0,0.0,0.0,0.0,0.0,0.0,0.0
259,0.0,0.0,0.0,0.0,0.0,0.0,0.0
260,0.0,0.0,0.0,0.0,0.0,0.0,0.0
261,0.0,164.643490828,0.0,201.096013811,201.096013811,0.0,201.096013811
262,0.0,0.0,0.0,0.0,0.0,0.0,0.0
263,0.0,0.0,0.0,0.0,0.0,0.0,0.0
264,0.0,0.0,0.0,0.0,0.0,0.0,0.0
265,201.096013811,0.0,0.0,201.096013811,201.096013811,201.096013811,201.096013811
266,0.0,0.0,0.0,0.0,0.0,0.0,0.0
267,0.0,0.0,0.0,0.0,0.0,0.0,0.0
268,0.0,0.0,0.0,0.0,0.0,0.0,0.0
269,0.0,201.096013811,201.096013811,201.096013811,244.135118853,0.0,244.135118853
270,0.0,164.643490828,0.0,201.096013811,201.096013811,0.0,201.096013811
271,0.0,0.0,0.0,0.0,0.0,0.0,0.0
272,0.0,0.0,0.0,0.0,0.0,0.0,0.0
273,0.0,0.0,164.643490828,201.096013811,201.096013811,0.0,201.096013811
274,0.0,0.0,0.0,0.0,0.0,0.0,0.0
275,0.0,0.0,0.0,0.0,0.0,0.0,0.0
276,0.0,0.0,0.0,0.0,0.0,0.0,0.0
277,0.0,0.0,0.0,0.0,0.0,219.524654438,219.524654438
278,0.0,0.0,0.0,0.0,0.0,0.0,0.0
279,67.0320046036,67.0320046036,67.0320046036,67.0320046036,67.0320046036,0.0,0.0
280,0.0,0.0,0.0,0.0,0.0,0.0,0.0
281,0.0,0.0,0.0,0.0,0.0,0.0,0.0
282,245.619225923,245.619225923,0.0,245.619225923,245.619225923,201.096013811,0.0
283,245.619225923,201.096013811,201.096013811,0.0,245.619225923,201.096013811,0.0
284,201.096013811,201.096013811,0.0,0.0,201.096013811,201.096013811,0.0
285,0.0,0.0,0.0,0.0,0.0,0.0,0.0
286,0.0,0.0,0.0,0.0,0.0,0.0,0.0
287,0.0,0.0,0.0,0.0,0.0,0.0,0.0
288,0.0,0.0,0.0,0.0,0.0,0.0,0.0
289,0.0,0.0,0.0,0.0,219.524654438,219.524654438,268.128018414
290,0.0,0.0,0.0,0.0,0.0,0.0,0.0
291,0.0,0.0,0.0,0.0,0.0,0.0,0.0
292,0.0,0.0,0.0,164.643490828,164.643490828,0.0,164.643490828
293,0.0,0.0,0.0,0.0,0.0,0.0,0.0
294,0.0,0.0,0.0,0.0,0.0,0.0,0.0
295,0.0,0.0,0.0,0.0,0.0,0.0,0.0
296,0.0,201.096013811,201.096013811,201.096013811,0.0,0.0,201.096013811
297,0.0,201.096013811,201.096013811,201.096013811,0.0,0.0,0.0
298,0.0,0.0,0.0,0.0,0.0,0.0,0.0
299,0.0,0.0,0.0,0.0,0.0,0.0,0.0
300,0.0,0.0,0.0,0.0,0.0,0.0,0.0
301,0.0,0.0,0.0,0.0,0.0,0.0,0.0
302,0.0,0.0,0.0,0.0,0.0,0.0,0.0
303,245.619225923,201.096013811,201.096013811,0.0,245.619225924,201.096013811,0.0
304,81.8730753078,67.0320046036,67.0320046036,0.0,0.0,67.0320046036,0.0
305,0.0,0.0,0.0,0.0,0.0,0.0,0.0
306,0.0,0.0,0.0,0.0,0.0,0.0,0.0
307,0.0,0.0,0.0,0.0,0.0,0.0,0.0
308,0.0,0.0,0.0,0.0,0.0,0.0,0.0
309,0.0,0.0,0.0,0.0,0.0,0.0,0.0
310,201.096013811,164.643490828,0.0,0.0,164.643490828,0.0,0.0
311,0.0,0.0,0.0,0.0,0.0,0.0,0.0
312,0.0,0.0,0.0,0.0,0.0,0.0,0.0
313,0.0,0.0,0.0,0.0,0.0,0.0,0.0
314,0.0,0.0,0.0,0.0,0.0,0.0,0.0
315,0.0,0.0,0.0,0.0,0.0,0.0,0.0
316,0.0,0.0,0.0,164.643490828,164.643490828,0.0,164.643490828
317,0.0,0.0,0.0,0.0,0.0,0.0,0.0
318,0.0,0.0,0.0,0.0,0.0,0.0,0.0
319,0.0,0.0,0.0,0.0,0.0,0.0,0.0
320,0.0,0.0,0.0,0.0,0.0,0.0,0.0
321,0.0,0.0,0.0,0.0,0.0,0.0,0.0
322,0.0,0.0,0.0,0.0,0.0,0.0,0.0
323,0.0,0.0,0.0,0.0,0.0,0.0,0.0
324,0.0,0.0,0.0,0.0,0.0,0.0,0.0
325,164.643490828,164.643490828,0.0,0.0,0.0,0.0,0.0
326,0.0,0.0,0.0,0.0,0.0,0.0,0.0
327,0.0,0.0,0.0,0.0,0.0,0.0,0.0
328,0.0,201.096013811,201.096013811,0.0,245.619225923,201.096013811,0.0
329,0.0,0.0,0.0,0.0,0.0,0.0,0.0
330,0.0,0.0,0.0,0.0,0.0,0.0,0.0
331,0.0,0.0,0.0,0.0,0.0,0.0,0.0
332,0.0,201.096013811,201.096013811,245.619225923,0.0,201.096013811,0.0
333,0.0,0.0,0.0,0.0,0.0,0.0,0.0
334,0.0,0.0,0.0,0.0,0.0,0.0,0.0
335,0.0,0.0,0.0,0.0,0.0,0.0,0.0
336,0.0,0.0,0.0,0.0,0.0,0.0,0.0
337,245.619225923,201.096013811,201.096013811,0.0,0.0,201.096013811,0.0
338,201.096013811,201.096013811,0.0,0.0,0.0,164.643490828,0.0
339,0.0,0.0,0.0,0.0,0.0,0.0,0.0
340,0.0,0.0,0.0,0.0,0.0,0.0,0.0
341,0.0,0.0,0.0,0.0,0.0,0.0,0.0
342,0.0,0.0,0.0,0.0,0.0,0.0,0.0
343,0.0,0.0,0.0,0.0,0.0,0.0,0.0
344,0.0,0.0,0.0,0.0,0.0,0.0,0.0
345,0.0,0.0,0.0,0.0,0.0,0.0,0.0
346,0.0,0.0,0.0,0.0,0.0,0.0,0.0
347,0.0,0.0,0.0,0.0,0.0,0.0,0.0
348,0.0,0.0,0.0,0.0,0.0,0.0,0.0
349,201.096013811,201.096013811,201.096013811,0.0,201.096013811,0.0,0.0
350,0.0,0.0,0.0,0.0,0.0,0.0,0.0
351,0.0,0.0,0.0,0.0,0.0,0.0,0.0
352,164.643490828,0.0,0.0,164.643490828,201.096013811,0.0,201.096013811
353,0.0,0.0,0.0,0.0,0.0,0.0,0.0
354,0.0,0.0,0.0,0.0,0.0,0.0,0.0
355,0.0,0.0,0.0,0.0,0.0,0.0,0.0
356,0.0,0.0,0.0,0.0,0.0,0.0,0.0
357,0.0,0.0,0.0,0.0,0.0,0.0,0.0
358,0.0,164.643490828,0.0,201.096013811,201.096013811,0.0,201.096013811
359,67.0320046036,67.0320046036,67.0320046036,67.0320046036,0.0,0.0,0.0
360,0.0,67.0320046036,67.0320046036,81.8730753078,0.0,67.0320046036,0.0
361,0.0,0.0,0.0,0.0,0.0,0.0,0.0
362,0.0,0.0,0.0,0.0,0.0,0.0,0.0
363,201.096013811,201.096013811,164.643490828,0.0,0.0,0.0,0.0
364,67.0320046036,67.0320046036,0.0,67.0320046036,67.0320046036,0.0,0.0
365,67.0320046036,54.8811636094,0.0,54.8811636094,0.0,0.0,0.0
366,0.0,0.0,0.0,0.0,0.0,0.0,0.0
367,0.0,0.0,0.0,0.0,0.0,0.0,0.0
368,0.0,0.0,0.0,0.0,0.0,0.0,0.0
369,0.0,0.0,0.0,0.0,0.0,0.0,0.0
370,0.0,0.0,0.0,0.0,0.0,0.0,0.0
371,0.0,0.0,0.0,0.0,0.0,0.0,0.0
372,0.0,0.0,0.0,0.0,0.0,0.0,0.0
373,0.0,134.064009207,134.064009207,134.064009207,0.0,0.0,134.064009207
374,0.0,134.064009207,134.064009207,134.064009207,134.064009207,0.0,0.0
375,0.0,67.0320046036,67.0320046036,67.0320046036,0.0,0.0,0.0
376,0.0,0.0,0.0,0.0,0.0,0.0,0.0
377,0.0,0.0,0.0,0.0,0.0,0.0,0.0
378,0.0,0.0,0.0,0.0,0.0,0.0,0.0
379,0.0,0.0,164.643490828,201.096013811,201.096013811,0.0,201.096013811
380,0.0,0.0,0.0,0.0,0.0,0.0,0.0
381,245.619225923,245.619225923,201.096013811,245.619225923,0.0,201.096013811,0.0
382,201.096013811,201.096013811,0.0,201.096013811,0.0,201.096013811,0.0
383,0.0,0.0,0.0,0.0,0.0,0.0,0.0
384,0.0,0.0,0.0,0.0,0.0,0.0,0.0
385,0.0,0.0,0.0,0.0,0.0,0.0,0.0
386,0.0,0.0,0.0,0.0,0.0,0.0,0.0
387,0.0,201.096013811,201.096013811,0.0,245.619225924,201.096013811,245.619225923
388,0.0,67.0320046036,0.0,0.0,67.0320046036,67.0320046036,67.0320046036
389,239.682797642,201.096013811,201.096013811,0.0,239.682797642,0.0,239.682797642
390,0.0,201.096013811,201.096013811,201.096013811,239.682797642,0.0,239.682797642
391,0.0,0.0,0.0,0.0,0.0,0.0,0.0
392,0.0,0.0,0.0,0.0,0.0,0.0,0.0
393,0.0,0.0,0.0,0.0,0.0,0.0,0.0
394,0.0,0.0,0.0,0.0,0.0,0.0,0.0
395,0.0,0.0,335.160023018,335.160023018,0.0,335.160023018,335.160023018
396,0.0,0.0,0.0,274.405818047,0.0,274.405818047,335.160023018
397,0.0,0.0,0.0,0.0,0.0,274.405818047,274.405818047
398,0.0,0.0,0.0,0.0,0.0,0.0,0.0
399,0.0,0.0,0.0,0.0,0.0,0.0,0.0
400,0.0,0.0,67.0320046036,0.0,67.0320046036,67.0320046036,67.0320046036
401,0.0,0.0,0.0,0.0,0.0,0.0,0.0
402,0.0,0.0,0.0,0.0,0.0,0.0,0.0
403,0.0,0.0,0.0,0.0,0.0,0.0,0.0
404,0.0,0.0,0.0,0.0,0.0,0.0,0.0
405,0.0,0.0,0.0,0.0,0.0,0.0,0.0
406,0.0,0.0,0.0,0.0,0.0,0.0,0.0
407,0.0,0.0,0.0,0.0,0.0,0.0,0.0
408,0.0,0.0,0.0,0.0,0.0,0.0,0.0
409,0.0,0.0,0.0,0.0,0.0,0.0,0.0
410,0.0,0.0,0.0,0.0,0.0,0.0,0.0
411,201.096013811,201.096013811,0.0,201.096013811,201.096013811,0.0,201.096013811
412,134.064009207,134.064009207,0.0,134.064009207,0.0,0.0,134.064009207
413,0.0,0.0,0.0,0.0,0.0,0.0,0.0
414,0.0,0.0,0.0,0.0,0.0,0.0,0.0
415,0.0,0.0,0.0,0.0,0.0,0.0,0.0
416,0.0,0.0,0.0,0.0,0.0,0.0,0.0
417,0.0,201.096013811,0.0,201.096013811,244.135118853,201.096013811,245.619225923
418,0.0,0.0,0.0,0.0,0.0,0.0,0.0
419,0.0,0.0,0.0,0.0,0.0,0.0,0.0
420,0.0,0.0,0.0,0.0,0.0,0.0,0.0
421,0.0,0.0,0.0,0.0,0.0,0.0,0.0
422,0.0,0.0,0.0,0.0,0.0,0.0,0.0
423,0.0,0.0,0.0,0.0,0.0,0.0,0.0
424,0.0,0.0,0.0,0.0,0.0,0.0,0.0
425,0.0,0.0,0.0,0.0,0.0,0.0,0.0
426,0.0,0.0,0.0,0.0,0.0,0.0,0.0
427,134.064009207,109.762327219,0.0,0.0,0.0,0.0,109.762327219
428,0.0,0.0,0.0,0.0,0.0,0.0,0.0
429,0.0,0.0,0.0,0.0,0.0,0.0,0.0
430,0.0,0.0,0.0,0.0,0.0,0.0,0.0
431,0.0,0.0,0.0,0.0,0.0,0.0,0.0
432,0.0,134.064009207,134.064009207,134.064009207,134.064009207,0.0,0.0
433,0.0,134.064009207,134.064009207,134.064009207,0.0,0.0,0.0
434,163.746150616,134.064009207,134.064009207,0.0,0.0,134.064009207,0.0
435,0.0,0.0,0.0,0.0,0.0,0.0,0.0
436,201.096013811,0.0,201.096013811,0.0,201.096013811,0.0,201.096013811
437,0.0,0.0,0.0,0.0,0.0,0.0,0.0
438,0.0,0.0,0.0,0.0,0.0,0.0,0.0
439,109.762327219,109.762327219,0.0,0.0,0.0,0.0,0.0
440,0.0,0.0,0.0,0.0,0.0,0.0,0.0
441,0.0,0.0,0.0,0.0,0.0,0.0,0.0
442,0.0,0.0,0.0,0.0,0.0,0.0,0.0
443,0.0,0.0,0.0,0.0,0.0,0.0,0.0
444,0.0,0.0,0.0,0.0,0.0,0.0,0.0
445,134.064009207,134.064009207,109.762327219,0.0,0.0,0.0,0.0
446,268.128018414,268.128018414,268.128018414,0.0,268.128018414,0.0,0.0
447,268.128018414,219.524654438,0.0,0.0,219.524654438,0.0,0.0
448,0.0,0.0,0.0,0.0,0.0,0.0,0.0
449,219.524654438,219.524654438,0.0,0.0,0.0,0.0,0.0
450,0.0,0.0,0.0,0.0,0.0,0.0,0.0
451,0.0,0.0,0.0,0.0,0.0,0.0,0.0
452,0.0,0.0,0.0,0.0,0.0,0.0,0.0
453,0.0,0.0,0.0,0.0,0.0,0.0,0.0
454,0.0,0.0,0.0,0.0,0.0,0.0,0.0
455,0.0,0.0,0.0,0.0,0.0,0.0,0.0
456,0.0,0.0,0.0,0.0,0.0,0.0,0.0
457,0.0,0.0,0.0,0.0,0.0,0.0,0.0
458,0.0,0.0,0.0,0.0,0.0,0.0,0.0
459,0.0,0.0,0.0,0.0,0.0,0.0,0.0
460,201.096013811,164.643490828,0.0,164.643490828,0.0,0.0,0.0
461,0.0,0.0,0.0,0.0,0.0,0.0,0.0
462,0.0,0.0,0.0,0.0,0.0,0.0,0.0
463,0.0,0.0,0.0,0.0,0.0,0.0,0.0
464,0.0,0.0,0.0,0.0,0.0,0.0,0.0
465,0.0,0.0,0.0,0.0,0.0,0.0,0.0
466,0.0,0.0,0.0,0.0,0.0,0.0,0.0
467,0.0,0.0,0.0,0.0,0.0,0.0,0.0
468,0.0,0.0,0.0,0.0,0.0,0.0,0.0
469,0.0,0.0,0.0,164.643490828,0.0,164.643490828,201.096013811
470,0.0,0.0,0.0,0.0,0.0,0.0,0.0
471,134.064009207,109.762327219,0.0,109.762327219,0.0,0.0,0.0
472,0.0,0.0,0.0,0.0,0.0,0.0,0.0
473,0.0,0.0,0.0,0.0,0.0,0.0,0.0
474,0.0,0.0,0.0,0.0,0.0,0.0,0.0
475,0.0,0.0,0.0,0.0,54.8811636094,54.8811636094,67.0320046036
476,0.0,0.0,0.0,0.0,0.0,0.0,0.0
477,0.0,0.0,0.0,0.0,0.0,0.0,0.0
478,134.064009207,134.064009207,134.064009207,0.0,134.064009207,0.0,0.0
479,0.0,0.0,0.0,0.0,0.0,0.0,0.0
480,0.0,0.0,0.0,0.0,0.0,0.0,0.0
481,0.0,0.0,0.0,0.0,0.0,0.0,0.0
482,0.0,0.0,0.0,0.0,0.0,0.0,0.0
483,0.0,0.0,0.0,0.0,0.0,0.0,0.0
484,0.0,268.128018414,268.128018414,268.128018414,0.0,0.0,268.128018414
485,0.0,0.0,0.0,0.0,0.0,0.0,0.0
486,0.0,0.0,0.0,0.0,0.0,0.0,0.0
487,0.0,0.0,0.0,0.0,0.0,0.0,0.0
488,0.0,0.0,67.0320046036,0.0,67.0320046036,67.0320046036,67.0320046036
489,0.0,0.0,54.8811636094,0.0,0.0,67.0320046036,67.0320046036
490,0.0,0.0,0.0,0.0,0.0,0.0,0.0
491,0.0,0.0,0.0,0.0,0.0,0.0,0.0
492,134.064009207,109.762327219,0.0,0.0,109.762327219,0.0,0.0
493,0.0,0.0,0.0,0.0,0.0,0.0,0.0
494,0.0,0.0,0.0,0.0,0.0,0.0,0.0
495,0.0,0.0,0.0,0.0,0.0,0.0,0.0
496,0.0,0.0,0.0,0.0,0.0,54.8811636094,54.8811636094
497,0.0,0.0,0.0,0.0,0.0,0.0,0.0
498,0.0,0.0,0.0,0.0,0.0,0.0,0.0
499,0.0,54.8811636094,0.0,0.0,0.0,67.0320046036,67.0320046036
500,0.0,0.0,0.0,0.0,0.0,0.0,0.0
501,0.0,0.0,0.0,0.0,0.0,0.0,0.0
502,0.0,0.0,0.0,0.0,0.0,0.0,0.0
503,0.0,0.0,0.0,0.0,0.0,0.0,0.0
504,0.0,0.0,0.0,0.0,0.0,0.0,0.0
505,0.0,0.0,0.0,0.0,0.0,0.0,0.0
506,134.064009207,134.064009207,0.0,0.0,134.064009207,134.064009207,0.0
507,0.0,0.0,0.0,0.0,0.0,0.0,0.0
508,0.0,0.0,0.0,0.0,0.0,0.0,0.0
509,0.0,0.0,0.0,0.0,0.0,0.0,0.0
510,67.0320046036,0.0,0.0,0.0,67.0320046036,54.8811636094,67.0320046036
511,0.0,0.0,0.0,0.0,0.0,0.0,0.0
512,163.746150616,163.746150616,134.064009207,163.746150616,0.0,134.064009207,0.0
513,0.0,0.0,0.0,0.0,0.0,0.0,0.0
514,0.0,0.0,0.0,0.0,0.0,0.0,0.0
515,0.0,0.0,0.0,0.0,0.0,0.0,0.0
516,134.064009207,134.064009207,0.0,134.064009207,134.064009207,0.0,0.0
517,0.0,0.0,0.0,0.0,0.0,0.0,0.0
518,0.0,0.0,0.0,0.0,0.0,0.0,0.0
519,67.0320046036,67.0320046036,0.0,67.0320046036,0.0,0.0,67.0320046036
520,0.0,0.0,0.0,0.0,0.0,0.0,0.0
521,67.0320046036,0.0,67.0320046036,67.0320046036,0.0,67.0320046036,81.8730753078
522,0.0,0.0,0.0,0.0,0.0,0.0,0.0
523,0.0,0.0,0.0,201.096013811,201.096013811,164.643490828,201.096013811
524,0.0,0.0,0.0,0.0,0.0,0.0,0.0
525,67.0320046036,54.8811636094,0.0,54.8811636094,0.0,0.0,0.0
526,54.8811636094,54.8811636094,0.0,0.0,0.0,0.0,0.0
527,0.0,0.0,0.0,0.0,0.0,0.0,0.0
528,0.0,0.0,0.0,0.0,0.0,0.0,0.0
529,0.0,0.0,0.0,0.0,0.0,0.0,0.0
530,0.0,0.0,0.0,0.0,0.0,0.0,0.0
531,0.0,0.0,0.0,0.0,0.0,0.0,0.0
532,67.0320046036,0.0,67.0320046036,0.0,0.0,67.0320046036,67.0320046036
533,0.0,0.0,0.0,0.0,0.0,0.0,0.0
534,109.762327219,109.762327219,0.0,0.0,0.0,0.0,0.0
535,0.0,201.096013811,201.096013811,0.0,245.619225923,201.096013811,245.619225923
536,0.0,134.064009207,0.0,0.0,134.064009207,134.064009207,134.064009207
537,0.0,0.0,0.0,0.0,109.762327219,109.762327219,134.064009207
538,0.0,0.0,0.0,0.0,0.0,109.762327219,109.762327219
539,0.0,0.0,201.096013811,201.096013811,244.135118853,201.096013811,237.431918392
540,229.294048149,201.096013811,201.096013811,0.0,229.294048149,0.0,229.294048149
541,67.0320046036,67.0320046036,67.0320046036,67.0320046036,0.0,0.0,67.0320046036
542,134.064009207,134.064009207,0.0,0.0,0.0,109.762327219,0.0
543,0.0,0.0,0.0,0.0,0.0,0.0,0.0
544,0.0,245.619225923,245.619225923,245.619225923,245.619225923,201.096013811,0.0
545,0.0,0.0,0.0,0.0,0.0,0.0,0.0
546,0.0,0.0,0.0,0.0,0.0,0.0,0.0
547,67.0320046036,54.8811636094,0.0,0.0,0.0,0.0,54.8811636094
548,0.0,201.096013811,201.096013811,201.096013811,229.294048149,0.0,229.294048149
549,0.0,201.096013811,201.096013811,0.0,245.619225923,201.096013811,0.0
550,0.0,0.0,0.0,0.0,0.0,0.0,0.0
551,0.0,0.0,0.0,0.0,0.0,0.0,0.0
552,0.0,0.0,0.0,0.0,0.0,0.0,0.0
553,0.0,0.0,0.0,0.0,0.0,0.0,0.0
554,0.0,201.096013811,0.0,201.096013811,215.937084515,201.096013811,245.619225923
555,0.0,0.0,268.128018414,0.0,268.128018414,268.128018414,268.128018414
556,0.0,0.0,0.0,0.0,219.524654438,219.524654438,268.128018414
557,134.064009207,134.064009207,134.064009207,134.064009207,134.064009207,0.0,0.0
558,0.0,0.0,0.0,0.0,0.0,0.0,0.0
559,0.0,0.0,0.0,0.0,0.0,0.0,0.0
560,0.0,0.0,0.0,0.0,0.0,0.0,0.0
561,0.0,0.0,0.0,0.0,0.0,0.0,0.0
562,0.0,67.0320046036,67.0320046036,67.0320046036,0.0,0.0,67.0320046036
563,67.0320046036,67.0320046036,67.0320046036,67.0320046036,67.0320046036,0.0,0.0
564,67.0320046036,67.0320046036,67.0320046036,67.0320046036,0.0,0.0,0.0
565,0.0,0.0,0.0,0.0,0.0,0.0,0.0
566,81.8730753078,81.8730753078,67.0320046036,81.8730753078,0.0,67.0320046036,0.0
567,67.0320046036,67.0320046036,0.0,67.0320046036,0.0,67.0320046036,0.0
568,67.0320046036,67.0320046036,54.8811636094,0.0,0.0,0.0,0.0
569,0.0,0.0,0.0,0.0,0.0,0.0,0.0
570,0.0,0.0,0.0,0.0,0.0,0.0,0.0
571,0.0,0.0,0.0,0.0,0.0,0.0,0.0
572,134.064009207,134.064009207,134.064009207,134.064009207,0.0,0.0,134.064009207
573,134.064009207,134.064009207,134.064009207,0.0,0.0,0.0,134.064009207
574,0.0,0.0,0.0,0.0,0.0,0.0,0.0
575,0.0,201.096013811,201.096013811,0.0,245.619225923,201.096013811,0.0
576,0.0,0.0,201.096013811,201.096013811,0.0,201.096013811,201.096013811
577,0.0,0.0,0.0,0.0,0.0,219.524654438,219.524654438
578,0.0,0.0,0.0,0.0,0.0,0.0,0.0
579,0.0,0.0,0.0,0.0,0.0,0.0,0.0
580,0.0,0.0,0.0,0.0,0.0,0.0,0.0
581,245.619225923,245.619225923,0.0,245.619225923,245.619225923,215.937084515,0.0
582,134.064009207,134.064009207,0.0,134.064009207,0.0,134.064009207,0.0
583,0.0,0.0,0.0,0.0,0.0,0.0,0.0
584,0.0,0.0,0.0,0.0,0.0,0.0,0.0
585,0.0,0.0,219.524654438,0.0,0.0,268.128018414,268.128018414
586,0.0,0.0,0.0,0.0,0.0,0.0,0.0
587,0.0,0.0,0.0,0.0,0.0,0.0,0.0
588,134.064009207,134.064009207,134.064009207,134.064009207,0.0,0.0,0.0
589,0.0,0.0,0.0,0.0,0.0,0.0,0.0
590,0.0,0.0,0.0,0.0,0.0,0.0,0.0
591,134.064009207,134.064009207,109.762327219,0.0,0.0,0.0,0.0
592,0.0,268.128018414,268.128018414,268.128018414,0.0,0.0,0.0
593,67.0320046036,67.0320046036,67.0320046036,0.0,67.0320046036,0.0,0.0
594,0.0,0.0,0.0,0.0,0.0,0.0,0.0
595,0.0,0.0,0.0,0.0,0.0,0.0,0.0
596,201.096013811,201.096013811,201.096013811,201.096013811,201.096013811,0.0,0.0
597,0.0,0.0,0.0,0.0,0.0,0.0,0.0
598,0.0,67.0320046036,67.0320046036,67.0320046036,0.0,0.0,0.0
599,0.0,0.0,0.0,0.0,0.0,0.0,0.0
600,0.0,0.0,0.0,0.0,0.0,0.0,0.0
601,0.0,0.0,0.0,0.0,0.0,0.0,0.0
602,134.064009207,134.064009207,0.0,134.064009207,134.064009207,0.0,0.0
603,0.0,0.0,0.0,0.0,0.0,0.0,0.0
604,0.0,0.0,0.0,201.096013811,201.096013811,164.643490828,201.096013811
605,67.0320046036,54.8811636094,0.0,0.0,54.8811636094,0.0,0.0
606,67.0320046036,67.0320046036,67.0320046036,0.0,0.0,0.0,67.0320046036
607,268.128018414,268.128018414,268.128018414,268.128018414,268.128018414,0.0,0.0
608,134.064009207,109.762327219,0.0,0.0,109.762327219,0.0,0.0
609,0.0,0.0,0.0,0.0,0.0,0.0,0.0
610,134.064009207,134.064009207,134.064009207,134.064009207,134.064009207,0.0,0.0
611,134.064009207,109.762327219,0.0,109.762327219,0.0,0.0,0.0
612,245.619225923,201.096013811,201.096013811,0.0,245.619225923,201.096013811,0.0
613,0.0,0.0,0.0,0.0,0.0,0.0,0.0
614,0.0,0.0,0.0,0.0,0.0,0.0,0.0
615,0.0,67.0320046036,0.0,67.0320046036,0.0,67.0320046036,67.0320046036
616,0.0,0.0,0.0,0.0,0.0,0.0,0.0
617,0.0,0.0,0.0,0.0,0.0,0.0,0.0
618,0.0,0.0,0.0,0.0,0.0,0.0,0.0
619,201.096013811,201.096013811,201.096013811,201.096013811,0.0,0.0,0.0
620,0.0,0.0,0.0,0.0,0.0,0.0,0.0
621,0.0,67.0320046036,67.0320046036,67.0320046036,67.0320046036,0.0,0.0
622,0.0,0.0,274.405818047,0.0,0.0,335.160023018,335.160023018
623,0.0,0.0,0.0,0.0,0.0,0.0,0.0
624,0.0,0.0,0.0,0.0,0.0,0.0,0.0
625,0.0,0.0,0.0,0.0,0.0,0.0,0.0
626,0.0,0.0,0.0,0.0,0.0,0.0,0.0
627,0.0,0.0,0.0,0.0,0.0,0.0,0.0
628,134.064009207,109.762327219,0.0,0.0,134.064009207,0.0,134.064009207
629,0.0,0.0,0.0,0.0,0.0,0.0,0.0
630,134.064009207,134.064009207,134.064009207,134.064009207,0.0,0.0,0.0
631,0.0,0.0,0.0,0.0,0.0,0.0,0.0
632,0.0,0.0,0.0,219.524654438,0.0,219.524654438,268.128018414
633,0.0,0.0,0.0,0.0,0.0,0.0,0.0
634,0.0,0.0,0.0,0.0,0.0,0.0,0.0
635,0.0,335.160023018,335.160023018,335.160023018,335.160023018,0.0,0.0
636,0.0,335.160023018,335.160023018,335.160023018,0.0,0.0,0.0
637,0.0,0.0,0.0,0.0,0.0,0.0,0.0
638,0.0,0.0,0.0,0.0,0.0,0.0,0.0
639,0.0,268.128018414,268.128018414,268.128018414,268.128018414,0.0,0.0
640,0.0,0.0,0.0,0.0,0.0,0.0,0.0
641,0.0,0.0,0.0,0.0,0.0,0.0,0.0
642,0.0,0.0,0.0,201.096013811,201.096013811,164.643490828,201.096013811
643,0.0,0.0,0.0,0.0,0.0,0.0,0.0
644,0.0,0.0,0.0,0.0,0.0,0.0,0.0
645,268.128018414,268.128018414,219.524654438,0.0,0.0,0.0,0.0
646,0.0,0.0,0.0,0.0,0.0,0.0,0.0
647,0.0,0.0,0.0,0.0,0.0,0.0,0.0
648,0.0,0.0,0.0,0.0,0.0,0.0,0.0
649,0.0,201.096013811,0.0,201.096013811,201.096013811,201.096013811,245.619225923
650,0.0,0.0,0.0,0.0,0.0,0.0,0.0
651,0.0,0.0,0.0,0.0,0.0,0.0,0.0
652,0.0,0.0,0.0,0.0,0.0,0.0,0.0
653,0.0,0.0,0.0,0.0,0.0,0.0,0.0
654,0.0,0.0,0.0,0.0,0.0,0.0,0.0
655,0.0,0.0,0.0,0.0,0.0,0.0,0.0
656,0.0,0.0,0.0,0.0,0.0,0.0,0.0
657,245.619225923,0.0,201.096013811,0.0,245.619225923,201.096013811,245.619225923
658,0.0,0.0,0.0,0.0,0.0,0.0,0.0
659,0.0,0.0,0.0,0.0,0.0,0.0,0.0
660,0.0,0.0,0.0,0.0,0.0,0.0,0.0
661,0.0,0.0,0.0,0.0,0.0,0.0,0.0
662,201.096013811,201.096013811,0.0,201.096013811,201.096013811,0.0,0.0
663,0.0,0.0,0.0,0.0,0.0,0.0,0.0
664,0.0,0.0,0.0,0.0,0.0,0.0,0.0
665,0.0,0.0,0.0,0.0,0.0,0.0,0.0
666,0.0,0.0,0.0,0.0,0.0,0.0,0.0
667,67.0320046036,67.0320046036,0.0,67.0320046036,67.0320046036,0.0,0.0
668,0.0,0.0,0.0,0.0,0.0,0.0,0.0
669,201.096013811,201.096013811,0.0,201.096013811,201.096013811,0.0,201.096013811
670,0.0,0.0,0.0,0.0,0.0,0.0,0.0
671,0.0,0.0,0.0,0.0,0.0,0.0,0.0
672,0.0,0.0,0.0,0.0,0.0,0.0,0.0
673,0.0,164.643490828,0.0,201.096013811,201.096013811,0.0,201.096013811
674,0.0,0.0,0.0,0.0,0.0,0.0,0.0
675,0.0,0.0,0.0,0.0,0.0,0.0,0.0
676,0.0,0.0,0.0,0.0,0.0,0.0,0.0
677,134.064009207,134.064009207,134.064009207,0.0,134.064009207,0.0,0.0
678,327.492301231,268.128018414,268.128018414,0.0,0.0,268.128018414,0.0
679,268.128018414,268.128018414,0.0,0.0,0.0,219.524654438,0.0
680,0.0,0.0,0.0,0.0,0.0,0.0,0.0
681,0.0,0.0,134.064009207,0.0,134.064009207,134.064009207,134.064009207
682,0.0,0.0,109.762327219,0.0,0.0,134.064009207,134.064009207
683,0.0,0.0,0.0,0.0,0.0,0.0,0.0
684,0.0,0.0,0.0,0.0,0.0,0.0,0.0
685,0.0,0.0,0.0,0.0,0.0,0.0,0.0
686,0.0,0.0,0.0,0.0,0.0,0.0,0.0
687,0.0,109.762327219,0.0,0.0,0.0,134.064009207,134.064009207
688,0.0,0.0,0.0,0.0,0.0,0.0,0.0
689,0.0,0.0,0.0,0.0,0.0,0.0,0.0
690,0.0,0.0,0.0,0.0,0.0,0.0,0.0
691,0.0,0.0,0.0,0.0,0.0,0.0,0.0
692,0.0,0.0,0.0,0.0,0.0,0.0,0.0
693,0.0,0.0,0.0,0.0,0.0,0.0,0.0
694,0.0,0.0,0.0,0.0,0.0,0.0,0.0
695,268.128018414,268.128018414,268.128018414,268.128018414,0.0,0.0,0.0
696,0.0,0.0,0.0,0.0,0.0,0.0,0.0
697,0.0,0.0,0.0,0.0,0.0,0.0,0.0
698,0.0,0.0,0.0,0.0,0.0,0.0,0.0
699,0.0,0.0,0.0,0.0,0.0,0.0,0.0
700,0.0,0.0,0.0,0.0,0.0,0.0,0.0
701,0.0,0.0,0.0,0.0,0.0,0.0,0.0
702,0.0,0.0,0.0,0.0,0.0,0.0,0.0
703,0.0,0.0,0.0,0.0,0.0,0.0,0.0
704,67.0320046036,54.8811636094,0.0,0.0,67.0320046036,0.0,67.0320046036
705,0.0,0.0,0.0,0.0,0.0,0.0,0.0
706,0.0,0.0,0.0,0.0,0.0,0.0,0.0
707,0.0,0.0,0.0,0.0,0.0,0.0,0.0
708,0.0,0.0,0.0,0.0,0.0,0.0,0.0
709,0.0,0.0,201.096013811,201.096013811,215.937084515,201.096013811,245.619225923
710,0.0,0.0,201.096013811,0.0,201.096013811,201.096013811,201.096013811
711,0.0,0.0,164.643490828,0.0,0.0,201.096013811,201.096013811
712,0.0,0.0,0.0,0.0,0.0,164.643490828,164.643490828
713,268.128018414,268.128018414,0.0,268.128018414,268.128018414,0.0,0.0
714,268.128018414,219.524654438,0.0,219.524654438,0.0,0.0,0.0
715,0.0,0.0,0.0,0.0,0.0,0.0,0.0
716,0.0,0.0,0.0,0.0,0.0,0.0,0.0
717,0.0,0.0,0.0,0.0,0.0,0.0,0.0
718,0.0,0.0,0.0,0.0,0.0,0.0,0.0
719,0.0,0.0,0.0,0.0,0.0,0.0,0.0
720,201.096013811,0.0,0.0,201.096013811,167.580011509,201.096013811,201.096013811
721,164.643490828,0.0,0.0,164.643490828,201.096013811,0.0,201.096013811
722,0.0,0.0,0.0,0.0,164.643490828,164.643490828,201.096013811
723,0.0,0.0,0.0,0.0,0.0,0.0,0.0
724,0.0,0.0,0.0,0.0,0.0,0.0,0.0
725,0.0,268.128018414,0.0,0.0,268.128018414,268.128018414,268.128018414
726,0.0,219.524654438,0.0,0.0,0.0,268.128018414,268.128018414
727,0.0,0.0,0.0,0.0,0.0,0.0,0.0
728,0.0,201.096013811,0.0,201.096013811,0.0,201.096013811,201.096013811
729,201.096013811,0.0,201.096013811,201.096013811,0.0,201.096013811,245.619225923
730,0.0,0.0,0.0,0.0,0.0,0.0,0.0
731,0.0,0.0,0.0,0.0,0.0,0.0,0.0
732,0.0,0.0,0.0,0.0,0.0,0.0,0.0
733,0.0,0.0,0.0,0.0,0.0,0.0,0.0
734,0.0,0.0,0.0,0.0,0.0,0.0,0.0
735,0.0,0.0,0.0,0.0,0.0,0.0,0.0
736,0.0,0.0,0.0,0.0,0.0,0.0,0.0
737,0.0,0.0,0.0,0.0,0.0,0.0,0.0
738,0.0,0.0,0.0,0.0,0.0,0.0,0.0
739,201.096013811,0.0,201.096013811,0.0,0.0,201.096013811,201.096013811
740,0.0,0.0,0.0,0.0,0.0,0.0,0.0
741,0.0,0.0,0.0,0.0,0.0,0.0,0.0
742,164.643490828,0.0,0.0,0.0,0.0,164.643490828,201.096013811
743,0.0,0.0,0.0,0.0,0.0,0.0,0.0
744,0.0,0.0,0.0,0.0,0.0,0.0,0.0
745,201.096013811,0.0,0.0,201.096013811,0.0,201.096013811,201.096013811
746,0.0,0.0,0.0,0.0,0.0,0.0,0.0
747,0.0,0.0,0.0,0.0,0.0,0.0,0.0
748,0.0,0.0,0.0,0.0,0.0,0.0,0.0
749,0.0,0.0,0.0,0.0,0.0,0.0,0.0
750,0.0,0.0,0.0,0.0,0.0,0.0,0.0
751,0.0,0.0,0.0,0.0,0.0,0.0,0.0
752,0.0,0.0,0.0,0.0,0.0,0.0,0.0
753,0.0,0.0,0.0,0.0,0.0,0.0,0.0
754,201.096013811,0.0,0.0,0.0,201.096013811,164.643490828,201.096013811
755,0.0,0.0,0.0,0.0,0.0,0.0,0.0
756,0.0,0.0,0.0,0.0,0.0,0.0,0.0
757,0.0,0.0,0.0,0.0,0.0,0.0,0.0
758,0.0,268.128018414,268.128018414,327.492301231,0.0,268.128018414,0.0
759,0.0,0.0,0.0,0.0,0.0,0.0,0.0
760,0.0,201.096013811,0.0,0.0,201.096013811,201.096013811,201.096013811
761,0.0,164.643490828,0.0,0.0,0.0,201.096013811,201.096013811
762,0.0,0.0,0.0,0.0,0.0,0.0,0.0
763,0.0,201.096013811,201.096013811,0.0,0.0,201.096013811,245.619225923
764,0.0,0.0,0.0,0.0,0.0,0.0,0.0
765,0.0,0.0,0.0,0.0,0.0,0.0,0.0
766,0.0,0.0,0.0,0.0,0.0,0.0,0.0
767,0.0,0.0,0.0,0.0,0.0,0.0,0.0
768,245.619225923,0.0,201.096013811,0.0,245.619225923,201.096013811,245.619225923
769,201.096013811,0.0,201.096013811,0.0,201.096013811,0.0,201.096013811
770,0.0,0.0,0.0,0.0,0.0,0.0,0.0
771,0.0,0.0,0.0,0.0,0.0,0.0,0.0
772,0.0,67.0320046036,67.0320046036,0.0,0.0,67.0320046036,81.8730753078
773,0.0,0.0,0.0,0.0,0.0,0.0,0.0
774,0.0,0.0,0.0,0.0,0.0,0.0,0.0
775,0.0,0.0,0.0,0.0,0.0,0.0,0.0
776,0.0,0.0,0.0,0.0,0.0,0.0,0.0
777,0.0,335.160023018,0.0,0.0,335.160023018,335.160023018,335.160023018
778,0.0,0.0,0.0,0.0,274.405818047,274.405818047,335.160023018
779,0.0,0.0,0.0,0.0,0.0,0.0,0.0
780,0.0,335.160023018,335.160023018,335.160023018,335.160023018,0.0,0.0
781,0.0,0.0,0.0,0.0,0.0,0.0,0.0
782,0.0,0.0,0.0,0.0,0.0,0.0,0.0
783,244.135118853,0.0,201.096013811,0.0,245.619225923,201.096013811,245.619225923
784,0.0,0.0,0.0,0.0,0.0,0.0,0.0
785,164.643490828,0.0,0.0,164.643490828,201.096013811,0.0,201.096013811
786,0.0,0.0,0.0,0.0,0.0,0.0,0.0
787,0.0,268.128018414,0.0,268.128018414,0.0,268.128018414,268.128018414
788,0.0,0.0,0.0,0.0,0.0,0.0,0.0
789,0.0,0.0,0.0,0.0,0.0,0.0,0.0
790,201.096013811,0.0,201.096013811,0.0,201.096013811,0.0,201.096013811
791,0.0,164.643490828,0.0,0.0,0.0,201.096013811,201.096013811
792,164.643490828,0.0,0.0,164.643490828,201.096013811,0.0,201.096013811
793,0.0,0.0,0.0,0.0,0.0,0.0,0.0
794,0.0,0.0,0.0,0.0,0.0,0.0,0.0
795,0.0,0.0,0.0,0.0,0.0,0.0,0.0
796,0.0,0.0,0.0,0.0,0.0,0.0,0.0
797,0.0,0.0,0.0,0.0,0.0,0.0,0.0
798,0.0,0.0,0.0,0.0,0.0,0.0,0.0
799,0.0,0.0,0.0,0.0,0.0,0.0,0.0
800,0.0,0.0,0.0,0.0,0.0,0.0,0.0
801,201.096013811,0.0,0.0,201.096013811,201.096013811,201.096013811,201.096013811
802,0.0,0.0,0.0,0.0,0.0,0.0,0.0
803,0.0,0.0,0.0,0.0,0.0,0.0,0.0
804,0.0,0.0,0.0,0.0,0.0,0.0,0.0
805,0.0,0.0,0.0,0.0,0.0,0.0,0.0
806,0.0,0.0,0.0,0.0,0.0,0.0,0.0
807,0.0,274.405818047,0.0,0.0,0.0,335.160023018,335.160023018
808,0.0,0.0,0.0,0.0,0.0,0.0,0.0
809,0.0,0.0,0.0,0.0,0.0,0.0,0.0
810,0.0,0.0,0.0,0.0,0.0,0.0,0.0
811,0.0,0.0,0.0,0.0,0.0,0.0,0.0
812,0.0,134.064009207,134.064009207,0.0,0.0,134.064009207,163.746150616
813,0.0,0.0,0.0,0.0,0.0,0.0,0.0
814,0.0,0.0,0.0,0.0,0.0,0.0,0.0
815,268.128018414,0.0,268.128018414,268.128018414,0.0,268.128018414,327.492301231
816,0.0,0.0,0.0,0.0,0.0,0.0,0.0
817,0.0,0.0,0.0,0.0,0.0,0.0,0.0
818,0.0,0.0,0.0,0.0,0.0,0.0,0.0
819,201.096013811,0.0,0.0,201.096013811,201.096013811,201.096013811,201.096013811
820,268.128018414,0.0,0.0,268.128018414,0.0,268.128018414,268.128018414
821,219.524654438,0.0,0.0,0.0,0.0,219.524654438,268.128018414
822,0.0,0.0,0.0,0.0,0.0,0.0,0.0
823,0.0,0.0,0.0,0.0,0.0,0.0,0.0
824,201.096013811,201.096013811,0.0,201.096013811,0.0,0.0,201.096013811
825,0.0,0.0,0.0,0.0,0.0,0.0,0.0
826,0.0,0.0,0.0,0.0,0.0,0.0,0.0
827,0.0,0.0,0.0,0.0,0.0,0.0,0.0
828,268.128018414,0.0,268.128018414,0.0,0.0,268.128018414,268.128018414
829,0.0,0.0,0.0,0.0,0.0,0.0,0.0
830,0.0,268.128018414,0.0,0.0,268.128018414,268.128018414,268.128018414
831,0.0,0.0,0.0,0.0,0.0,0.0,0.0
832,0.0,0.0,0.0,0.0,0.0,0.0,0.0
833,0.0,0.0,0.0,0.0,0.0,0.0,0.0
834,0.0,0.0,0.0,0.0,0.0,0.0,0.0
835,0.0,0.0,0.0,0.0,0.0,0.0,0.0
836,0.0,335.160023018,335.160023018,335.160023018,0.0,0.0,0.0
837,0.0,0.0,0.0,0.0,0.0,0.0,0.0
838,409.365376539,335.160023018,335.160023018,0.0,0.0,335.160023018,0.0
839,335.160023018,335.160023018,274.405818047,0.0,0.0,0.0,0.0
840,0.0,0.0,0.0,0.0,0.0,0.0,0.0
841,0.0,0.0,0.0,0.0,0.0,0.0,0.0
842,0.0,0.0,0.0,0.0,0.0,0.0,0.0
843,0.0,201.096013811,0.0,0.0,201.096013811,201.096013811,201.096013811
844,0.0,0.0,0.0,0.0,0.0,0.0,0.0
845,201.096013811,0.0,201.096013811,0.0,201.096013811,0.0,201.096013811
846,0.0,0.0,0.0,0.0,0.0,0.0,0.0
847,0.0,0.0,0.0,0.0,0.0,0.0,0.0
848,274.405818047,274.405818047,0.0,0.0,0.0,0.0,0.0
849,0.0,0.0,0.0,0.0,0.0,0.0,0.0
850,0.0,335.160023018,0.0,335.160023018,0.0,335.160023018,335.160023018
851,0.0,0.0,0.0,0.0,0.0,0.0,0.0
852,0.0,0.0,0.0,0.0,0.0,0.0,0.0
853,268.128018414,268.128018414,0.0,0.0,268.128018414,268.128018414,0.0
854,201.096013811,201.096013811,0.0,201.096013811,201.096013811,0.0,0.0
855,201.096013811,164.643490828,0.0,0.0,164.643490828,0.0,0.0
856,0.0,0.0,0.0,0.0,0.0,0.0,0.0
857,0.0,0.0,0.0,0.0,0.0,0.0,0.0
858,327.492301231,327.492301231,268.128018414,327.492301231,0.0,268.128018414,0.0
859,0.0,0.0,0.0,0.0,0.0,0.0,0.0
860,0.0,0.0,0.0,0.0,0.0,0.0,0.0
861,0.0,0.0,0.0,0.0,0.0,0.0,0.0
862,0.0,0.0,0.0,0.0,0.0,0.0,0.0
863,0.0,0.0,268.128018414,268.128018414,0.0,268.128018414,268.128018414
864,201.096013811,164.643490828,0.0,164.643490828,0.0,0.0,0.0
865,164.643490828,164.643490828,0.0,0.0,0.0,0.0,0.0
866,0.0,201.096013811,201.096013811,0.0,245.619225923,201.096013811,245.619225923
867,0.0,0.0,0.0,0.0,0.0,0.0,0.0
868,201.096013811,201.096013811,201.096013811,0.0,201.096013811,0.0,201.096013811
869,201.096013811,0.0,201.096013811,0.0,201.096013811,0.0,201.096013811
870,201.096013811,201.096013811,201.096013811,201.096013811,0.0,0.0,201.096013811
871,201.096013811,201.096013811,201.096013811,0.0,0.0,0.0,201.096013811
872,201.096013811,164.643490828,0.0,0.0,0.0,0.0,164.643490828
873,268.128018414,268.128018414,0.0,268.128018414,0.0,268.128018414,0.0
874,0.0,0.0,0.0,0.0,0.0,0.0,0.0
875,0.0,0.0,0.0,0.0,0.0,0.0,0.0
876,0.0,0.0,0.0,0.0,0.0,0.0,0.0
877,0.0,0.0,0.0,0.0,0.0,0.0,0.0
878,268.128018414,0.0,0.0,0.0,268.128018414,219.524654438,268.128018414
879,0.0,0.0,0.0,0.0,0.0,0.0,0.0
880,0.0,0.0,0.0,0.0,0.0,0.0,0.0
881,0.0,201.096013811,201.096013811,0.0,245.619225923,201.096013811,0.0
882,0.0,0.0,0.0,0.0,0.0,0.0,0.0
883,0.0,0.0,0.0,0.0,0.0,0.0,0.0
884,0.0,0.0,0.0,0.0,0.0,0.0,0.0
885,0.0,0.0,0.0,0.0,0.0,0.0,0.0
886,0.0,0.0,0.0,0.0,0.0,0.0,0.0
887,0.0,0.0,0.0,0.0,0.0,0.0,0.0
888,0.0,219.524654438,0.0,0.0,0.0,268.128018414,268.128018414
889,0.0,0.0,0.0,0.0,0.0,0.0,0.0
890,0.0,0.0,0.0,0.0,0.0,0.0,0.0
891,164.643490828,0.0,0.0,164.643490828,201.096013811,0.0,201.096013811
892,0.0,0.0,0.0,0.0,0.0,0.0,0.0
893,335.160023018,335.160023018,0.0,0.0,0.0,274.405818047,0.0
894,0.0,0.0,0.0,0.0,0.0,0.0,0.0
895,0.0,0.0,0.0,0.0,0.0,0.0,0.0
896,0.0,0.0,0.0,0.0,0.0,0.0,0.0
897,0.0,0.0,0.0,0.0,0.0,0.0,0.0
898,0.0,335.160023018,335.160023018,335.160023018,0.0,0.0,335.160023018
899,0.0,0.0,0.0,0.0,0.0,0.0,0.0
900,0.0,0.0,0.0,0.0,0.0,0.0,0.0
901,0.0,0.0,0.0,0.0,0.0,0.0,0.0
902,0.0,0.0,0.0,0.0,0.0,0.0,0.0
903,0.0,0.0,0.0,0.0,0.0,0.0,0.0
904,0.0,0.0,0.0,0.0,0.0,0.0,0.0
905,215.937084515,201.096013811,201.096013811,0.0,215.937084515,0.0,215.937084515
906,0.0,0.0,0.0,0.0,0.0,0.0,0.0
907,0.0,0.0,0.0,0.0,0.0,0.0,0.0
908,201.096013811,201.096013811,0.0,201.096013811,201.096013811,0.0,201.096013811
909,0.0,201.096013811,201.096013811,0.0,245.619225923,201.096013811,245.619225923
910,0.0,0.0,0.0,0.0,0.0,0.0,0.0
911,0.0,0.0,0.0,0.0,0.0,0.0,0.0
912,0.0,0.0,0.0,0.0,0.0,0.0,0.0
913,0.0,0.0,0.0,0.0,0.0,0.0,0.0
914,0.0,0.0,0.0,0.0,0.0,0.0,0.0
915,0.0,0.0,0.0,0.0,0.0,0.0,0.0
916,201.096013811,164.643490828,0.0,0.0,201.096013811,0.0,201.096013811
917,0.0,0.0,0.0,0.0,0.0,0.0,0.0
918,0.0,0.0,0.0,0.0,0.0,0.0,0.0
919,0.0,0.0,0.0,0.0,0.0,0.0,0.0
920,0.0,0.0,0.0,0.0,0.0,0.0,0.0
921,335.160023018,335.160023018,0.0,335.160023018,0.0,0.0,335.160023018
922,0.0,0.0,0.0,0.0,0.0,0.0,0.0
923,335.160023018,274.405818047,0.0,0.0,0.0,0.0,274.405818047
924,0.0,0.0,0.0,0.0,0.0,0.0,0.0
925,0.0,0.0,0.0,0.0,0.0,0.0,0.0
926,0.0,0.0,0.0,0.0,0.0,0.0,0.0
927,0.0,0.0,0.0,0.0,0.0,0.0,0.0
928,201.096013811,201.096013811,164.643490828,0.0,0.0,0.0,0.0
929,0.0,0.0,0.0,0.0,0.0,0.0,0.0
930,0.0,0.0,0.0,0.0,0.0,0.0,0.0
931,335.160023018,274.405818047,0.0,274.405818047,0.0,0.0,0.0
932,0.0,0.0,0.0,0.0,0.0,0.0,0.0
933,0.0,0.0,0.0,0.0,0.0,0.0,0.0
934,0.0,0.0,0.0,0.0,0.0,0.0,0.0
935,0.0,0.0,0.0,0.0,0.0,0.0,0.0
936,0.0,0.0,335.160023018,0.0,335.160023018,335.160023018,335.160023018
937,0.0,0.0,0.0,0.0,0.0,0.0,0.0
938,201.096013811,201.096013811,0.0,201.096013811,201.096013811,0.0,201.096013811
939,0.0,0.0,0.0,0.0,0.0,0.0,0.0
940,274.405818047,274.405818047,0.0,0.0,0.0,0.0,0.0
941,0.0,0.0,0.0,0.0,0.0,0.0,0.0
942,0.0,0.0,0.0,0.0,0.0,0.0,0.0
943,0.0,0.0,0.0,0.0,0.0,0.0,0.0
944,201.096013811,201.096013811,201.096013811,201.096013811,201.096013811,0.0,0.0
945,268.128018414,268.128018414,0.0,268.128018414,0.0,0.0,268.128018414
946,268.128018414,219.524654438,0.0,0.0,0.0,0.0,219.524654438
947,0.0,0.0,0.0,0.0,0.0,0.0,0.0
948,0.0,0.0,0.0,0.0,0.0,0.0,0.0
949,219.524654438,219.524654438,0.0,0.0,0.0,0.0,0.0
950,0.0,0.0,0.0,0.0,0.0,0.0,0.0
951,201.096013811,201.096013811,201.096013811,201.096013811,0.0,0.0,0.0
952,0.0,0.0,0.0,0.0,0.0,0.0,0.0
953,268.128018414,268.128018414,0.0,268.128018414,268.128018414,0.0,0.0
954,268.128018414,219.524654438,0.0,0.0,219.524654438,0.0,0.0
955,268.128018414,268.128018414,268.128018414,268.128018414,0.0,0.0,268.128018414
956,268.128018414,268.128018414,268.128018414,268.128018414,268.128018414,0.0,0.0
957,268.128018414,268.128018414,268.128018414,268.128018414,0.0,0.0,0.0
958,0.0,0.0,0.0,0.0,0.0,0.0,0.0
959,268.128018414,219.524654438,0.0,219.524654438,0.0,0.0,0.0
960,0.0,335.160023018,0.0,0.0,335.160023018,335.160023018,335.160023018
961,268.128018414,268.128018414,219.524654438,0.0,0.0,0.0,0.0
962,0.0,274.405818047,0.0,0.0,0.0,335.160023018,335.160023018
963,0.0,0.0,0.0,0.0,0.0,0.0,0.0
964,0.0,0.0,0.0,0.0,0.0,0.0,0.0
965,0.0,0.0,0.0,0.0,0.0,0.0,0.0
966,0.0,0.0,0.0,0.0,0.0,0.0,0.0
967,0.0,268.128018414,268.128018414,0.0,0.0,268.128018414,327.492301231
968,268.128018414,268.128018414,268.128018414,0.0,268.128018414,0.0,0.0
969,335.160023018,335.160023018,0.0,335.160023018,335.160023018,0.0,0.0
970,0.0,0.0,0.0,0.0,0.0,0.0,0.0
971,0.0,0.0,0.0,0.0,0.0,0.0,0.0
972,0.0,0.0,0.0,0.0,0.0,0.0,0.0
973,0.0,0.0,0.0,0.0,274.405818047,274.405818047,335.160023018
974,201.096013811,201.096013811,201.096013811,0.0,201.096013811,0.0,0.0
975,0.0,0.0,0.0,0.0,0.0,0.0,0.0
976,0.0,0.0,0.0,0.0,0.0,0.0,0.0
977,0.0,0.0,0.0,0.0,0.0,0.0,0.0
978,0.0,0.0,0.0,0.0,0.0,0.0,0.0
979,335.160023018,335.160023018,335.160023018,335.160023018,335.160023018,0.0,0.0
980,335.160023018,274.405818047,0.0,0.0,274.405818047,0.0,0.0
981,0.0,0.0,0.0,0.0,0.0,0.0,0.0
982,0.0,0.0,0.0,0.0,0.0,0.0,0.0
983,335.160023018,335.160023018,335.160023018,335.160023018,335.160023018,0.0,0.0
984,335.160023018,335.160023018,0.0,335.160023018,335.160023018,0.0,0.0
985,335.160023018,274.405818047,0.0,0.0,274.405818047,0.0,0.0
986,0.0,0.0,0.0,0.0,0.0,274.405818047,274.405818047
987,0.0,0.0,0.0,0.0,0.0,0.0,0.0
988,268.128018414,268.128018414,268.128018414,0.0,0.0,0.0,268.128018414
989,268.128018414,219.524654438,0.0,0.0,268.128018414,0.0,268.128018414
990,0.0,0.0,0.0,0.0,0.0,0.0,0.0
991,335.160023018,335.160023018,335.160023018,0.0,335.160023018,0.0,0.0
992,0.0,0.0,0.0,0.0,0.0,0.0,0.0
993,0.0,0.0,0.0,0.0,0.0,0.0,0.0
994,0.0,0.0,0.0,0.0,0.0,0.0,0.0
995,335.160023018,274.405818047,0.0,274.405818047,0.0,0.0,0.0
996,335.160023018,335.160023018,335.160023018,335.160023018,0.0,0.0,0.0
997,335.160023018,335.160023018,274.405818047,0.0,0.0,0.0,0.0
998,335.160023018,0.0,0.0,0.0,335.160023018,274.405818047,335.160023018
999,0.0,0.0,0.0,0.0,0.0,0.0,0.0
1000,0.0,0.0,0.0,0.0,0.0,0.0,0.0
1001,335.160023018,335.160023018,335.160023018,335.160023018,0.0,0.0,0.0
1002,0.0,0.0,0.0,0.0,0.0,0.0,0.0
1003,335.160023018,335.160023018,0.0,0.0,335.160023018,335.160023018,0.0
1004,0.0,0.0,0.0,0.0,0.0,0.0,0.0
1005,0.0,0.0,0.0,0.0,0.0,0.0,0.0
1006,0.0,0.0,0.0,0.0,0.0,0.0,0.0
1007,0.0,0.0,0.0,0.0,0.0,0.0,0.0
1008,274.405818047,0.0,0.0,0.0,0.0,274.405818047,335.160023018
1009,0.0,0.0,0.0,0.0,0.0,0.0,0.0
1010,0.0,0.0,0.0,0.0,0.0,0.0,0.0
1011,409.365376539,409.365376539,335.160023018,409.365376539,0.0,335.160023018,0.0
1012,0.0,0.0,0.0,0.0,0.0,0.0,0.0
1013,0.0,335.160023018,335.160023018,0.0,0.0,335.160023018,409.365376539
1014,0.0,0.0,274.405818047,0.0,0.0,335.160023018,335.160023018
1015,335.160023018,335.160023018,0.0,335.160023018,0.0,335.160023018,0.0
1016,0.0,0.0,0.0,0.0,0.0,0.0,0.0
1017,0.0,0.0,0.0,0.0,0.0,0.0,0.0
1018,0.0,335.160023018,335.160023018,409.365376539,0.0,335.160023018,0.0
1019,0.0,0.0,0.0,0.0,0.0,0.0,0.0
1020,335.160023018,335.160023018,335.160023018,0.0,335.160023018,0.0,0.0
1021,0.0,0.0,0.0,0.0,0.0,0.0,0.0
1022,0.0,201.096013811,201.096013811,0.0,245.619225923,201.096013811,245.619225923
1023,335.160023018,0.0,0.0,335.160023018,0.0,335.160023018,335.160023018
1024,0.0,0.0,0.0,0.0,0.0,0.0,0.0
1025,0.0,0.0,0.0,0.0,0.0,0.0,0.0
1026,0.0,0.0,0.0,0.0,0.0,0.0,0.0
1027,0.0,0.0,0.0,0.0,0.0,0.0,0.0
1028,0.0,0.0,0.0,0.0,0.0,0.0,0.0
1029,0.0,0.0,0.0,0.0,0.0,0.0,0.0
1030,0.0,0.0,0.0,0.0,0.0,0.0,0.0
1031,244.135118853,201.096013811,201.096013811,0.0,244.135118853,0.0,244.135118853
1032,201.096013811,201.096013811,0.0,201.096013811,201.096013811,0.0,201.096013811
1033,0.0,0.0,0.0,0.0,0.0,0.0,0.0
1034,0.0,0.0,0.0,0.0,0.0,0.0,0.0
1035,0.0,0.0,0.0,0.0,0.0,0.0,0.0
1036,335.160023018,274.405818047,0.0,0.0,335.160023018,0.0,335.160023018
1037,0.0,0.0,0.0,0.0,0.0,0.0,0.0
1038,335.160023018,0.0,335.160023018,335.160023018,0.0,335.160023018,409.365376539
1039,0.0,0.0,0.0,0.0,0.0,0.0,0.0
1040,335.160023018,0.0,335.160023018,0.0,0.0,335.160023018,335.160023018
1041,0.0,0.0,0.0,0.0,0.0,0.0,0.0
1042,0.0,0.0,0.0,0.0,0.0,0.0,0.0
1043,0.0,0.0,0.0,0.0,0.0,0.0,0.0
1044,0.0,0.0,0.0,0.0,0.0,0.0,0.0
1045,0.0,0.0,0.0,0.0,0.0,0.0,0.0
1046,0.0,0.0,0.0,0.0,0.0,0.0,0.0
1047,0.0,0.0,0.0,0.0,0.0,0.0,0.0
1048,0.0,0.0,0.0,0.0,0.0,0.0,0.0
1049,0.0,0.0,335.160023018,0.0,335.160023018,335.160023018,335.160023018
1050,0.0,0.0,0.0,0.0,0.0,0.0,0.0
1051,335.160023018,335.160023018,335.160023018,335.160023018,0.0,0.0,335.160023018
1052,335.160023018,335.160023018,335.160023018,0.0,0.0,0.0,335.160023018
